/*--------------------------------*- C++ -*----------------------------------*\
  =========                 |
  \\      /  F ield         | OpenFOAM: The Open Source CFD Toolbox
   \\    /   O peration     | Website:  https://openfoam.org
    \\  /    A nd           | Version:  11
     \\/     M anipulation  |
\*---------------------------------------------------------------------------*/
FoamFile
{
    format      ascii;
    class       vectorField;
    location    "constant/polyMesh";
    object      points;
}
// * * * * * * * * * * * * * * * * * * * * * * * * * * * * * * * * * * * * * //


22638
(
(0 0 0)
(0.003190843121 0.009767775024 0)
(0.007629015954 0.0184145856 0)
(0.01566049662 0.02584259828 0)
(0.02545308729 0.03274128943 0)
(0.03652899378 0.03834454198 0)
(0.04888297491 0.04313150676 0)
(0.06196994552 0.04705107816 0)
(0.07702060505 0.05059247208 0)
(0.09252218989 0.05344526565 0)
(0.1094402608 0.0557431221 0)
(0.1278721666 0.05766167505 0)
(0.1471714805 0.05907098104 0)
(0.1677493941 0.06007647077 0)
(0.1896732822 0.06070365389 0)
(0.2130227564 0.06098107871 0)
(0.2378839025 0.06094796654 0)
(0.2644210094 0.06065078188 0)
(0.2906826928 0.06015033521 0)
(0.3208100524 0.05983726247 0)
(0.3544618653 0.05939775353 0)
(0.3884531868 0.05844835224 0)
(0.4215292431 0.057179926 0)
(0.4544023702 0.05560034341 0)
(0.4870568023 0.05374066588 0)
(0.5193771658 0.05167600659 0)
(0.551328031 0.04942273455 0)
(0.5830720866 0.04699517313 0)
(0.6145499289 0.044420401 0)
(0.6457622212 0.04170964128 0)
(0.6767037253 0.03887105619 0)
(0.7073873017 0.03591720945 0)
(0.7378073576 0.03285989211 0)
(0.7679693905 0.02970807511 0)
(0.7978794856 0.02646444417 0)
(0.82752802 0.02313399625 0)
(0.8569298413 0.01971246479 0)
(0.8860760084 0.0162006904 0)
(0.9149734303 0.01263900396 0)
(0.9436251547 0.008970366649 0)
(0.9719418302 0.004643287593 0)
(1 0 0)
(-0.003778468762 0 0)
(-0.0006476226289 0.01021599068 0)
(0.003802655867 0.0192667135 0)
(0.01189965772 0.02705284221 0)
(0.02179704615 0.0342648256 0)
(0.03300528638 0.04013970989 0)
(0.04550974476 0.04516031905 0)
(0.0587582571 0.049279817 0)
(0.07397559273 0.05299156936 0)
(0.08964542557 0.05598942284 0)
(0.1067300389 0.05841087387 0)
(0.1253246956 0.06043502493 0)
(0.1447818315 0.06193513287 0)
(0.1655116692 0.0630193778 0)
(0.1875811353 0.0637156961 0)
(0.2110696903 0.06405474085 0)
(0.2360634885 0.06407754687 0)
(0.262727022 0.06383213643 0)
(0.2891099503 0.06338065303 0)
(0.3193524039 0.06311476374 0)
(0.3531137829 0.06272177147 0)
(0.3872107759 0.06181922257 0)
(0.4203858566 0.06059459481 0)
(0.4533522219 0.05905700708 0)
(0.4860944994 0.05723790245 0)
(0.5184977299 0.05521268782 0)
(0.5505268536 0.05299798532 0)
(0.5823448422 0.05060832169 0)
(0.6138926315 0.0480709327 0)
(0.6451711833 0.0453971695 0)
(0.67617554 0.04259529501 0)
(0.7069188171 0.03967794884 0)
(0.7373956639 0.03665697921 0)
(0.7676117985 0.03354139975 0)
(0.7975735098 0.03033392856 0)
(0.8272713678 0.02703958415 0)
(0.85672039 0.02365411671 0)
(0.8859117993 0.02017837548 0)
(0.9148526506 0.01665268146 0)
(0.9435461269 0.01302001554 0)
(0.9719030327 0.008729073475 0)
(1 0.004121965929 0)
(-0.008364593998 0 0)
(-0.005306480049 0.01076011089 0)
(-0.0008414281121 0.02030117058 0)
(0.007335171932 0.02852204166 0)
(0.01735982271 0.03611435386 0)
(0.0287287398 0.04231899344 0)
(0.04141588994 0.04762324314 0)
(0.05486051716 0.05198544958 0)
(0.0702801935 0.0559040155 0)
(0.08615426932 0.05907797022 0)
(0.1034410502 0.06164946303 0)
(0.1222332672 0.06380180709 0)
(0.1418819763 0.06541214389 0)
(0.1627962238 0.06659199083 0)
(0.1850423927 0.06737222997 0)
(0.2086997603 0.06778606923 0)
(0.2338545641 0.06787674468 0)
(0.2606715427 0.06769416948 0)
(0.287201623 0.06730210514 0)
(0.3175837588 0.06709347032 0)
(0.3514781065 0.06675691892 0)
(0.3857033376 0.06591121407 0)
(0.4189985876 0.06473972315 0)
(0.4520780981 0.06325308195 0)
(0.4849269746 0.06148319696 0)
(0.5174307606 0.05950583167 0)
(0.5495548456 0.05733791556 0)
(0.5814625446 0.05499422223 0)
(0.6130952058 0.05250217827 0)
(0.6444541533 0.04987329031 0)
(0.6755347703 0.04711594354 0)
(0.7063504813 0.04424286976 0)
(0.73689623 0.04126598662 0)
(0.7671780025 0.03819435963 0)
(0.7972023344 0.03503074624 0)
(0.8269600304 0.03178019118 0)
(0.8564663138 0.02843846497 0)
(0.8857126069 0.02500642739 0)
(0.9147061416 0.02152438747 0)
(0.9434502651 0.01793535007 0)
(0.9718559712 0.01368823748 0)
(1 0.009125011649 0)
(-0.01393101415 0 0)
(-0.01096104751 0.01142068157 0)
(-0.006477946174 0.02155701762 0)
(0.001795371972 0.03030567348 0)
(0.01197458175 0.03835971321 0)
(0.02353860397 0.04496468483 0)
(0.03644756978 0.05061328368 0)
(0.05013029559 0.05527014759 0)
(0.06579561827 0.05943979376 0)
(0.08191764095 0.06282754248 0)
(0.09944984172 0.06558119096 0)
(0.1184818793 0.06788916352 0)
(0.1383631346 0.06963331703 0)
(0.1595012272 0.07092921988 0)
(0.1819618803 0.07181132972 0)
(0.2058241486 0.07231595565 0)
(0.2311743715 0.07248900574 0)
(0.2581775866 0.07238268834 0)
(0.2848862591 0.07206272895 0)
(0.3154379149 0.07192356544 0)
(0.3494936283 0.07165549151 0)
(0.3838744773 0.07087874718 0)
(0.4173155512 0.06977171633 0)
(0.4505323585 0.06834687506 0)
(0.4835105848 0.06663669249 0)
(0.5161363842 0.06471736509 0)
(0.5483756914 0.06260619553 0)
(0.5803922387 0.06031825722 0)
(0.6121278745 0.05788120841 0)
(0.6435843628 0.05530674459 0)
(0.6747575004 0.05260339946 0)
(0.7056610874 0.0497840168 0)
(0.7362904247 0.04686059863 0)
(0.7666518235 0.04384227351 0)
(0.7967521193 0.04073184671 0)
(0.8265824013 0.03753439482 0)
(0.8561581431 0.03424571316 0)
(0.8854710088 0.03086667432 0)
(0.9145284452 0.02743757285 0)
(0.9433339988 0.02390144274 0)
(0.9717988934 0.0197074813 0)
(1 0.01519747001 0)
(-0.02068726955 0 0)
(-0.01782409809 0.01222266219 0)
(-0.01331891527 0.0230817061 0)
(-0.00492804971 0.03247113171 0)
(0.005438894911 0.04108574541 0)
(0.01723984903 0.04817675469 0)
(0.03041815186 0.05424342565 0)
(0.04438996421 0.05925803312 0)
(0.0603535215 0.06373251664 0)
(0.07677655875 0.06737983305 0)
(0.09460669534 0.07035463544 0)
(0.1139298614 0.07285155248 0)
(0.1340934057 0.07475816489 0)
(0.1555032161 0.07619495846 0)
(0.1782242154 0.07720073118 0)
(0.2023351889 0.07781555651 0)
(0.2279225994 0.07808858599 0)
(0.2551518478 0.07807481397 0)
(0.2820772668 0.07784234996 0)
(0.3128346488 0.07778747583 0)
(0.3470861828 0.07760247568 0)
(0.3816558672 0.07690938211 0)
(0.415273888 0.07588053842 0)
(0.4486572904 0.07453065312 0)
(0.481792464 0.07289287848 0)
(0.5145663044 0.07104393674 0)
(0.5469454081 0.06900158374 0)
(0.5790940141 0.06678125697 0)
(0.610954578 0.06441089608 0)
(0.6425293983 0.06190242592 0)
(0.6738147737 0.05926456062 0)
(0.7048249602 0.05651027999 0)
(0.7355556924 0.05365168859 0)
(0.7660136762 0.05069799162 0)
(0.7962061114 0.0476520525 0)
(0.8261244324 0.04451898662 0)
(0.8557844167 0.04129461942 0)
(0.885178022 0.03797983915 0)
(0.914312956 0.03461492288 0)
(0.9431930072 0.03114294 0)
(0.9717296785 0.0270134217 0)
(1 0.02256793045 0)
(-0.02888769023 0 0)
(-0.02615385616 0.0131963795 0)
(-0.02162161558 0.02493289136 0)
(-0.01308784735 0.0351003028 0)
(-0.002492835072 0.04439553706 0)
(0.009595876296 0.05207667271 0)
(0.02310124627 0.0586509528 0)
(0.03742407632 0.06409992314 0)
(0.05374973554 0.06894453353 0)
(0.07053823083 0.07290701088 0)
(0.0887300715 0.07615033075 0)
(0.1084066631 0.07887665328 0)
(0.1289128882 0.08098050738 0)
(0.1506525341 0.08258834806 0)
(0.1736895523 0.08374424201 0)
(0.1981024016 0.08449283226 0)
(0.223977695 0.08488720749 0)
(0.2514812747 0.08498574395 0)
(0.2786697401 0.08485944495 0)
(0.3096767803 0.08490683073 0)
(0.3441659366 0.08482260133 0)
(0.3789647528 0.08423096509 0)
(0.4127974739 0.08329694552 0)
(0.4463830086 0.08203795889 0)
(0.4797086018 0.08048798699 0)
(0.5126620489 0.07872439062 0)
(0.5452107504 0.07676547593 0)
(0.5775195602 0.07462712261 0)
(0.6095316715 0.07233761215 0)
(0.6412500314 0.06990914802 0)
(0.6726715481 0.06735066354 0)
(0.7038110314 0.06467530388 0)
(0.7346647421 0.06189529823 0)
(0.7652398655 0.05901994496 0)
(0.7955440437 0.05605217824 0)
(0.8255691304 0.05299716068 0)
(0.8553312717 0.04985075442 0)
(0.884822782 0.04661386686 0)
(0.9140516857 0.04332675391 0)
(0.9430220653 0.03993252807 0)
(0.9716457623 0.03588112583 0)
(1 0.03151384393 0)
(-0.03884096987 0 0)
(-0.03626369875 0.01437869001 0)
(-0.03169823915 0.02718064255 0)
(-0.02299068477 0.03829270449 0)
(-0.01211855426 0.04841437145 0)
(0.0003196892001 0.0568120646 0)
(0.01422227151 0.06400271155 0)
(0.02897135374 0.06997911298 0)
(0.04573669034 0.07527315696 0)
(0.0629689098 0.07961832379 0)
(0.08159989307 0.08318769202 0)
(0.1017055551 0.08619256454 0)
(0.1226277868 0.0885359049 0)
(0.1447678261 0.09035141432 0)
(0.1681884469 0.09168955529 0)
(0.1929677123 0.09260051795 0)
(0.2191924182 0.09314217031 0)
(0.2470289429 0.09337699391 0)
(0.2745366375 0.09337950476 0)
(0.305846638 0.09355094022 0)
(0.3406241276 0.09358893276 0)
(0.3757009531 0.09312033159 0)
(0.409794165 0.09230129349 0)
(0.4436249311 0.09115251847 0)
(0.477181535 0.08970899578 0)
(0.510352865 0.08804886172 0)
(0.5431072973 0.08619109091 0)
(0.5756104331 0.08415210017 0)
(0.6078063608 0.08196058629 0)
(0.6396988153 0.07962909127 0)
(0.6712854451 0.07716681482 0)
(0.7025817318 0.0745871031 0)
(0.7335845758 0.07190233685 0)
(0.7643017443 0.06912192778 0)
(0.7947414162 0.06624889615 0)
(0.8248959544 0.0632884621 0)
(0.8547819528 0.06023653253 0)
(0.8843921587 0.05709403818 0)
(0.9137349812 0.05390120952 0)
(0.9428148595 0.05060121145 0)
(0.9715440465 0.04664447256 0)
(1 0.04237196719 0)
(-0.05092178616 0 0)
(-0.04853392403 0.0158143981 0)
(-0.04392758849 0.02991013861 0)
(-0.0350086033 0.04216931499 0)
(-0.02379967702 0.05329454967 0)
(-0.01093679622 0.06256239375 0)
(0.003448247934 0.07050153315 0)
(0.01871499475 0.07711843258 0)
(0.03601424906 0.08295825938 0)
(0.05378525875 0.08776815533 0)
(0.07294943419 0.09173346388 0)
(0.09357602819 0.09507658703 0)
(0.1150033018 0.09771072769 0)
(0.1376294004 0.09977838379 0)
(0.1615156698 0.1013377821 0)
(0.1867396936 0.1024458466 0)
(0.2133884909 0.1031662472 0)
(0.2416290913 0.1035664491 0)
(0.269524186 0.1037252323 0)
(0.3012018127 0.1040471323 0)
(0.3363291477 0.1042333413 0)
(0.3717432603 0.1039139136 0)
(0.4061524929 0.1032342702 0)
(0.4402807515 0.1022190926 0)
(0.474117581 0.1009045938 0)
(0.5075531967 0.09936985201 0)
(0.5405571605 0.09763465394 0)
(0.5732959803 0.095716069 0)
(0.6057148323 0.0936432986 0)
(0.6378184078 0.0914292962 0)
(0.6696052539 0.08908358531 0)
(0.7010916687 0.08661975647 0)
(0.7322753288 0.08405037476 0)
(0.7631647081 0.08138498986 0)
(0.7937686374 0.07862672686 0)
(0.824080098 0.075780876 0)
(0.8541162277 0.07284339877 0)
(0.8838702992 0.06981525458 0)
(0.9133511888 0.06673664316 0)
(0.9425637687 0.0635507933 0)
(0.9714207917 0.05970873101 0)
(1 0.05555103951 0)
(-0.06558490498 0 0)
(-0.06342602559 0.01755798799 0)
(-0.0587692573 0.03322496063 0)
(-0.04959291457 0.04687724935 0)
(-0.03797454926 0.05922127839 0)
(-0.02459568646 0.0695459001 0)
(-0.009624545655 0.07839407756 0)
(0.006270959703 0.08578886505 0)
(0.02421863837 0.0922915521 0)
(0.04264392853 0.09766586601 0)
(0.06245553509 0.1021120403 0)
(0.0837146274 0.1058659515 0)
(0.1057550633 0.1088532334 0)
(0.1289712367 0.1112270631 0)
(0.1534227619 0.1130550933 0)
(0.1791866421 0.1144024231 0)
(0.2063501682 0.1153397656 0)
(0.2350811615 0.1159406359 0)
(0.2634463681 0.1162889904 0)
(0.2955700656 0.1167933685 0)
(0.3311218496 0.1171592828 0)
(0.3669451285 0.1170206784 0)
(0.40173771 0.1165099835 0)
(0.4362268183 0.1156567065 0)
(0.4704035303 0.1144985468 0)
(0.5041596733 0.1131157271 0)
(0.5374662486 0.1115290208 0)
(0.5704908662 0.1097562902 0)
(0.6031800228 0.1078273503 0)
(0.6355395715 0.1057556545 0)
(0.6675691509 0.1035511201 0)
(0.6992860505 0.1012276349 0)
(0.7306888895 0.09879798848 0)
(0.7617870003 0.09627189832 0)
(0.7925900055 0.09365261732 0)
(0.823091637 0.09094552125 0)
(0.8533096931 0.08814663831 0)
(0.8832380849 0.08525696301 0)
(0.9128862559 0.08231665817 0)
(0.9422596045 0.07926903039 0)
(0.9712714897 0.07556583115 0)
(1 0.07154716915 0)
(-0.08338229952 0 0)
(-0.08150000363 0.01967574134 0)
(-0.07678081517 0.03725111767 0)
(-0.06729102444 0.05259547758 0)
(-0.05517474045 0.06641986959 0)
(-0.04116875262 0.07802808561 0)
(-0.02548548807 0.08798042567 0)
(-0.008826174472 0.09632008689 0)
(0.009909091288 0.1036279336 0)
(0.02912899112 0.1096878295 0)
(0.04972681334 0.1147180862 0)
(0.0717539201 0.1189709395 0)
(0.09453882845 0.1223871149 0)
(0.1184713821 0.1251327551 0)
(0.1436090963 0.1272869564 0)
(0.1700282721 0.1289247426 0)
(0.1978165324 0.130125378 0)
(0.2271426605 0.130969722 0)
(0.2560783253 0.1315480152 0)
(0.2887432415 0.1322736573 0)
(0.3248099413 0.1328574054 0)
(0.3611295273 0.1329379271 0)
(0.3963870724 0.1326319372 0)
(0.4313138204 0.1319747939 0)
(0.4659027093 0.1310060024 0)
(0.5000475243 0.1298071762 0)
(0.5337210153 0.1284002879 0)
(0.5670921311 0.1268041636 0)
(0.6001089725 0.1250493639 0)
(0.6327788036 0.1231499505 0)
(0.665102589 0.1211163199 0)
(0.6970988222 0.1189627214 0)
(0.7287672675 0.1167022177 0)
(0.7601182998 0.1143447312 0)
(0.7911625033 0.1118936704 0)
(0.821894522 0.1093545157 0)
(0.8523329562 0.1067233768 0)
(0.8824724923 0.1040012913 0)
(0.9123232627 0.1012283778 0)
(0.9418913049 0.09834803778 0)
(0.9710907145 0.09481290368 0)
(1 0.09096250865 0)
(-0.1049839285 0 0)
(-0.1034353553 0.02224833068 0)
(-0.09863862562 0.04214197667 0)
(-0.08876679607 0.0595418271 0)
(-0.07604474621 0.07516455772 0)
(-0.06127633072 0.08833210646 0)
(-0.04472762298 0.09962582789 0)
(-0.02714027616 0.1091133782 0)
(-0.007448248978 0.1173993901 0)
(0.01273681031 0.1242921766 0)
(0.03428948499 0.1300319988 0)
(0.05724923978 0.1348909556 0)
(0.0809381147 0.1388280958 0)
(0.1057404353 0.1420253041 0)
(0.1317111728 0.1445755707 0)
(0.1589257797 0.1465659693 0)
(0.1874722841 0.148086146 0)
(0.2175206396 0.149225877 0)
(0.2471484914 0.150083032 0)
(0.2804700171 0.151076911 0)
(0.3171613138 0.1519246374 0)
(0.3540828232 0.1522706105 0)
(0.3899042373 0.1522125563 0)
(0.425361667 0.1517929203 0)
(0.4604503116 0.1510534022 0)
(0.4950663349 0.1500773061 0)
(0.5291846111 0.1488880618 0)
(0.5629757163 0.1475056679 0)
(0.5963896994 0.1459615915 0)
(0.6294355391 0.1442706347 0)
(0.6621158105 0.1424437764 0)
(0.6944504698 0.1404957067 0)
(0.7264406726 0.1384398212 0)
(0.7580980601 0.1362862917 0)
(0.7894343846 0.134038717 0)
(0.820445398 0.1317027052 0)
(0.8511506749 0.1292744659 0)
(0.8815458436 0.12675509 0)
(0.9116418734 0.1241846431 0)
(0.9414455778 0.1215066425 0)
(0.9708719469 0.1181747904 0)
(1 0.1145279221 0)
(-0.1312029558 0 0)
(-0.1300565206 0.02537400098 0)
(-0.125163055 0.04808431052 0)
(-0.1148251817 0.06798157362 0)
(-0.1013657962 0.08578931743 0)
(-0.08567013613 0.1008515239 0)
(-0.06806937222 0.1137751201 0)
(-0.04935420985 0.124657465 0)
(-0.02849969475 0.1341320543 0)
(-0.007142139529 0.1420368889 0)
(0.01557034601 0.1486388823 0)
(0.03966279502 0.1542342517 0)
(0.06444939386 0.158804295 0)
(0.09030777708 0.1625500107 0)
(0.1172898342 0.1655812595 0)
(0.1454699924 0.1679997459 0)
(0.1749367757 0.1699077211 0)
(0.205861561 0.1714057877 0)
(0.2363292501 0.1726010774 0)
(0.2704473011 0.173920054 0)
(0.3078961391 0.1750875687 0)
(0.345547541 0.1757549777 0)
(0.382052643 0.1759970822 0)
(0.4181534456 0.1758649104 0)
(0.4538478964 0.1754028296 0)
(0.4890350495 0.1746961995 0)
(0.5236923609 0.1737702223 0)
(0.5579923837 0.1726463218 0)
(0.5918875346 0.1713570691 0)
(0.6253888753 0.1699181665 0)
(0.6585009379 0.1683413028 0)
(0.691245456 0.166641705 0)
(0.7236252752 0.1648331743 0)
(0.7556535755 0.1629261874 0)
(0.7873435287 0.1609245754 0)
(0.8186922322 0.1588341031 0)
(0.8497204449 0.1566511025 0)
(0.880424939 0.1543767305 0)
(0.9108177007 0.1520509891 0)
(0.9409064865 0.1496175375 0)
(0.9706073731 0.1465313773 0)
(1 0.1431304973 0)
(-0.1630263611 0 0)
(-0.162363722 0.02917248123 0)
(-0.1573489829 0.05530573363 0)
(-0.1464419958 0.07823800304 0)
(-0.1320845946 0.09870116398 0)
(-0.1152607694 0.1160659828 0)
(-0.0963806797 0.1309704508 0)
(-0.07629454684 0.1435480018 0)
(-0.05402726719 0.1544671848 0)
(-0.03124507283 0.1636020526 0)
(-0.007123602429 0.1712518847 0)
(0.01834467409 0.1777421866 0)
(0.0444644222 0.183081273 0)
(0.07160516531 0.1874933534 0)
(0.09981506102 0.1911087739 0)
(0.129167299 0.1940470054 0)
(0.1597510115 0.1964256049 0)
(0.1917393075 0.1983583205 0)
(0.2232258997 0.1999635298 0)
(0.2583100929 0.2016763937 0)
(0.2966775666 0.2032311447 0)
(0.3352138559 0.2042875831 0)
(0.3725477404 0.2048928655 0)
(0.4094283433 0.2051084095 0)
(0.4458569533 0.204981826 0)
(0.4817361377 0.2046009747 0)
(0.51704649 0.203993214 0)
(0.5519629676 0.2031817022 0)
(0.5864408644 0.2022003538 0)
(0.6204937737 0.2010659679 0)
(0.6541286061 0.1997910983 0)
(0.6873692553 0.1983916262 0)
(0.7202206207 0.1968818486 0)
(0.7526977525 0.1952726144 0)
(0.7848155472 0.1935680393 0)
(0.8165727378 0.19177408 0)
(0.8479915219 0.1898872193 0)
(0.8790700622 0.1879086957 0)
(0.9098215802 0.1858784361 0)
(0.9402549785 0.183740273 0)
(0.9702876539 0.1809507865 0)
(1 0.1778469395 0)
(-0.2016520932 0 0)
(-0.2015703284 0.03378980572 0)
(-0.1964027068 0.06408386646 0)
(-0.1847998709 0.09070542975 0)
(-0.1693479739 0.114396548 0)
(-0.151150829 0.1345605391 0)
(-0.1307144332 0.1518731361 0)
(-0.1089612149 0.1665115931 0)
(-0.08497654882 0.1791870352 0)
(-0.06046295694 0.1898173008 0)
(-0.03462946908 0.1987409774 0)
(-0.007489780125 0.2063191404 0)
(0.02024923646 0.2125929151 0)
(0.04894727391 0.2178146994 0)
(0.07864797276 0.2221397175 0)
(0.1094230314 0.2257090155 0)
(0.1413623287 0.2286587375 0)
(0.174641083 0.2311185944 0)
(0.2073637063 0.2332206193 0)
(0.2436196107 0.2354105327 0)
(0.2831008551 0.2374339557 0)
(0.3227096739 0.2389609381 0)
(0.3610479551 0.2400053485 0)
(0.3988734294 0.2406411736 0)
(0.4361914484 0.2409199696 0)
(0.4729088504 0.2409326385 0)
(0.5090100442 0.2407091625 0)
(0.5446729106 0.2402748119 0)
(0.5798562415 0.2396651377 0)
(0.6145767082 0.2388982756 0)
(0.6488441123 0.237987834 0)
(0.6826849736 0.2369504933 0)
(0.7161066883 0.2358011558 0)
(0.7491265797 0.2345511263 0)
(0.7817616408 0.2332048688 0)
(0.814012593 0.2317685767 0)
(0.8459033826 0.2302389185 0)
(0.877433862 0.2286172343 0)
(0.908618755 0.2269433622 0)
(0.9394683568 0.2251613471 0)
(0.9699016683 0.2227296873 0)
(1 0.2199841018 0)
(-0.2485341652 0 0)
(-0.2491481061 0.0394042742 0)
(-0.2437865455 0.07475766473 0)
(-0.2313316296 0.1058652902 0)
(-0.2145446167 0.1334816245 0)
(-0.1946746987 0.1570495569 0)
(-0.1723441454 0.1772906854 0)
(-0.1485629804 0.1944355005 0)
(-0.1224899429 0.2092468494 0)
(-0.09587156556 0.2216957548 0)
(-0.06795737415 0.2321685504 0)
(-0.03878679672 0.2410695158 0)
(-0.00908068706 0.2484796276 0)
(0.0215087384 0.2546855211 0)
(0.05301965617 0.2598726365 0)
(0.08552197019 0.264208224 0)
(0.1191064783 0.2678510019 0)
(0.1539509691 0.2709500667 0)
(0.1881728484 0.2736540338 0)
(0.2258495263 0.2764214468 0)
(0.266680807 0.2790117519 0)
(0.3075891944 0.28110744 0)
(0.3471442959 0.2826823684 0)
(0.3861142336 0.2838257182 0)
(0.424509302 0.2845938469 0)
(0.462241534 0.2850813604 0)
(0.4992999782 0.2853214363 0)
(0.5358660732 0.2853419177 0)
(0.5719028644 0.2851803506 0)
(0.6074307659 0.2848565012 0)
(0.6424630955 0.2843852651 0)
(0.6770295661 0.2837842992 0)
(0.7111406102 0.2830692467 0)
(0.7448163151 0.2822519711 0)
(0.7780762235 0.2813373648 0)
(0.8109234736 0.2803319126 0)
(0.8433841386 0.2792325126 0)
(0.8754601255 0.2780406323 0)
(0.9071679841 0.2767960052 0)
(0.9385197032 0.2754429377 0)
(0.9694362332 0.2734422586 0)
(1 0.2711281804 0)
(-0.3054373891 0 0)
(-0.3068819968 0.04623384571 0)
(-0.3012727008 0.08774147304 0)
(-0.2877725335 0.1243061074 0)
(-0.2693551955 0.1566974002 0)
(-0.2474462492 0.1844063608 0)
(-0.2228090156 0.2082103381 0)
(-0.1965597695 0.2284045122 0)
(-0.1679462364 0.2458145738 0)
(-0.1387683127 0.2604761574 0)
(-0.1083246284 0.2728336008 0)
(-0.07668580292 0.2833436688 0)
(-0.04458962179 0.2921357481 0)
(-0.0117027248 0.2995380644 0)
(0.02200645993 0.3057727628 0)
(0.05660568127 0.3110389238 0)
(0.09218687133 0.3155226853 0)
(0.128930953 0.3193966898 0)
(0.1649711148 0.3228296916 0)
(0.2043702063 0.3262958058 0)
(0.2468374371 0.329571264 0)
(0.2893199133 0.3323536576 0)
(0.3303485912 0.3345688575 0)
(0.3707041232 0.3363243975 0)
(0.4104028199 0.3376824808 0)
(0.4493630346 0.3387422259 0)
(0.4875794619 0.3395407042 0)
(0.5252378713 0.3401088955 0)
(0.5623064827 0.3404867804 0)
(0.5988102639 0.3406961156 0)
(0.6347668102 0.3407533698 0)
(0.6702097195 0.340677395 0)
(0.7051531174 0.3404847427 0)
(0.7396204537 0.3401879629 0)
(0.7736343724 0.3397924748 0)
(0.8072009517 0.3393051241 0)
(0.8403488518 0.3387230938 0)
(0.8730824787 0.3380480115 0)
(0.9054206033 0.3373194892 0)
(0.9373772742 0.336482155 0)
(0.968875812 0.334999671 0)
(1 0.3332044245 0)
(-0.3745038092 0 0)
(-0.3769363878 0.05454534803 0)
(-0.3710082209 0.1035425289 0)
(-0.3562231173 0.1467483587 0)
(-0.3358124942 0.1849510584 0)
(-0.3114158616 0.2177001774 0)
(-0.2839676309 0.2458408527 0)
(-0.2547129403 0.2697468902 0)
(-0.2230074334 0.2903203542 0)
(-0.1907156973 0.3076753888 0)
(-0.1571958919 0.3223268111 0)
(-0.1225564332 0.3347951582 0)
(-0.08755560296 0.3452686339 0)
(-0.05187750029 0.3541259958 0)
(-0.01549852938 0.3616339837 0)
(0.02164647676 0.3680303489 0)
(0.0596508546 0.3735345404 0)
(0.0986993533 0.3783478034 0)
(0.1369443337 0.3826633535 0)
(0.1784309839 0.3869742181 0)
(0.2228799345 0.3910770079 0)
(0.2672681541 0.3946876438 0)
(0.3100804653 0.3976746036 0)
(0.3521126078 0.4001675644 0)
(0.3933882197 0.4022358518 0)
(0.4338333481 0.4039840864 0)
(0.4734495613 0.4054540882 0)
(0.5124279044 0.4066806651 0)
(0.5507428951 0.4077067714 0)
(0.5884250445 0.4085565972 0)
(0.625497154 0.4092485366 0)
(0.6619975502 0.4098029062 0)
(0.6979448532 0.4102373735 0)
(0.7333666053 0.4105653333 0)
(0.7682892245 0.4107928559 0)
(0.8027223669 0.4109272345 0)
(0.8366978409 0.4109660072 0)
(0.8702230932 0.4109110043 0)
(0.9033195978 0.4108016979 0)
(0.9360039095 0.4105831134 0)
(0.9682022315 0.4097223581 0)
(1 0.4085496101 0)
(-0.458333337 0 0)
(-0.4619352312 0.06466600207 0)
(-0.455593249 0.1227828659 0)
(-0.4392245969 0.1740755939 0)
(-0.4163732962 0.2193551639 0)
(-0.3889383554 0.2582423757 0)
(-0.3580616844 0.291664822 0)
(-0.3251446834 0.3200919008 0)
(-0.28967385 0.3445185184 0)
(-0.2535921733 0.3651542375 0)
(-0.2163299635 0.3825995333 0)
(-0.1780414204 0.3974524468 0)
(-0.1395096232 0.4099726584 0)
(-0.1004397926 0.4206003351 0)
(-0.06081795445 0.429656408 0)
(-0.02058202576 0.4374256197 0)
(0.02036307533 0.4441678952 0)
(0.06220677434 0.4501192312 0)
(0.1031247266 0.4555025598 0)
(0.1471406995 0.4608338805 0)
(0.1939891948 0.4659345488 0)
(0.2406834276 0.4705427344 0)
(0.2856533746 0.474458507 0)
(0.329712909 0.4778382251 0)
(0.3728945992 0.4807598995 0)
(0.4151338641 0.4833348651 0)
(0.4564406457 0.4856107393 0)
(0.4970124205 0.4876270067 0)
(0.5368313757 0.4894302591 0)
(0.5759347739 0.4910476654 0)
(0.6143517567 0.4924999799 0)
(0.6521264096 0.4938093186 0)
(0.6892828262 0.4949947224 0)
(0.7258535318 0.4960706297 0)
(0.7618695404 0.4970439168 0)
(0.797344864 0.4979224353 0)
(0.8323151445 0.4987041674 0)
(0.8667915307 0.4993912019 0)
(0.9007987874 0.500022852 0)
(0.934356521 0.5005446359 0)
(0.9673944419 0.5004278516 0)
(1 0.500000004 0)
(-0.5504775082 0 0)
(-0.5553269512 0.07583165191 0)
(-0.548496224 0.1440097016 0)
(-0.5303566547 0.204224487 0)
(-0.5047956214 0.2573122761 0)
(-0.4739971411 0.3029724352 0)
(-0.4393309968 0.3422234161 0)
(-0.4023701638 0.3756398924 0)
(-0.362744807 0.4043190018 0)
(-0.3224839451 0.4285753518 0)
(-0.2810970636 0.4491037153 0)
(-0.2387885712 0.4665874504 0)
(-0.1963687023 0.4813649149 0)
(-0.1535658066 0.4939438715 0)
(-0.1103764106 0.5047048998 0)
(-0.06674175817 0.5139844632 0)
(-0.0225647974 0.5220870335 0)
(0.0223490782 0.5292868504 0)
(0.06620115926 0.535839543 0)
(0.1129916884 0.5422863836 0)
(0.162470425 0.5484759387 0)
(0.2116904273 0.5541708351 0)
(0.2590228394 0.5590975346 0)
(0.3053012407 0.563441477 0)
(0.3505680616 0.5672902703 0)
(0.3947690651 0.5707626759 0)
(0.4379234361 0.5739127258 0)
(0.4802357557 0.576785084 0)
(0.5216966738 0.5794303755 0)
(0.5623509036 0.5818790761 0)
(0.6022345831 0.5841545639 0)
(0.6413981523 0.5862809594 0)
(0.6798717437 0.588278838 0)
(0.7176933805 0.5901638075 0)
(0.7548991473 0.5919436505 0)
(0.7915078611 0.5936268512 0)
(0.8275593933 0.5952118972 0)
(0.8630689762 0.5967011765 0)
(0.8980650046 0.5981338422 0)
(0.9325704511 0.5994559667 0)
(0.9665188918 0.6001434664 0)
(1 0.6005209183 0)
(-0.6496290554 0 0)
(-0.6557767678 0.0878945933 0)
(-0.6483804905 0.1669422019 0)
(-0.6282998813 0.2367962196 0)
(-0.599791491 0.2983204503 0)
(-0.5653457519 0.3512990936 0)
(-0.526577408 0.3968486329 0)
(-0.4852438413 0.4356572599 0)
(-0.4411296151 0.4689323307 0)
(-0.3963561468 0.4971016745 0)
(-0.3505179644 0.5209617009 0)
(-0.3038733678 0.5412877217 0)
(-0.2572616935 0.5585028845 0)
(-0.2104360759 0.5731878007 0)
(-0.1634042532 0.5857873301 0)
(-0.1161109751 0.5966936708 0)
(-0.06845700951 0.606259295 0)
(-0.02024212737 0.6147996456 0)
(0.02676258234 0.6226055739 0)
(0.07653207227 0.6302455731 0)
(0.1288325325 0.637597504 0)
(0.1807598962 0.644450312 0)
(0.2306237005 0.650453108 0)
(0.279278465 0.6558223361 0)
(0.3267772866 0.6606559901 0)
(0.3730771087 0.6650808774 0)
(0.418207107 0.6691579814 0)
(0.4623795491 0.6729375846 0)
(0.5055942292 0.6764746937 0)
(0.5479039121 0.6798033802 0)
(0.5893522957 0.68294988 0)
(0.6299966872 0.6859405023 0)
(0.6698737429 0.6887975022 0)
(0.7090274266 0.691537772 0)
(0.7474993007 0.694170094 0)
(0.7853133731 0.6967036545 0)
(0.8225140841 0.6991375047 0)
(0.8591210767 0.7014743733 0)
(0.8951666674 0.7037532572 0)
(0.9306774644 0.7059208405 0)
(0.9655912163 0.7074580226 0)
(1 0.7086862427 0)
(-0.7563208752 0 0)
(-0.7638144641 0.1009306679 0)
(-0.7557637328 0.1917245105 0)
(-0.7335534271 0.2719955802 0)
(-0.7018370026 0.3426376849 0)
(-0.6634342996 0.4035266463 0)
(-0.6202233729 0.4558847397 0)
(-0.5741597836 0.5005225812 0)
(-0.5251940101 0.5387663722 0)
(-0.4755466947 0.5711659935 0)
(-0.4249036969 0.5986274148 0)
(-0.3735811495 0.6220250659 0)
(-0.3224495661 0.6418734821 0)
(-0.271288632 0.6588317935 0)
(-0.2201180477 0.6734141395 0)
(-0.1688862503 0.6860727844 0)
(-0.1174915917 0.6972119275 0)
(-0.06572773737 0.7071914084 0)
(-0.01533601444 0.7163400241 0)
(0.03763134426 0.7252555892 0)
(0.09295822367 0.7338475021 0)
(0.1477866946 0.7419330312 0)
(0.2003619699 0.7490802005 0)
(0.2515607962 0.7555384825 0)
(0.3014478107 0.7614171154 0)
(0.3499920444 0.7668516266 0)
(0.3972334768 0.7719105371 0)
(0.443392694 0.7766502276 0)
(0.4884793738 0.7811304672 0)
(0.5325549851 0.7853892406 0)
(0.5756713973 0.7894558986 0)
(0.6178933401 0.793359142 0)
(0.6592645208 0.7971230667 0)
(0.6998353231 0.8007659777 0)
(0.7396532292 0.8042977604 0)
(0.7787478556 0.8077283821 0)
(0.8171685806 0.8110575237 0)
(0.8549398125 0.8142883012 0)
(0.8920981049 0.8174595627 0)
(0.9286739945 0.8205186681 0)
(0.9646097339 0.8229518944 0)
(1 0.825077319 0)
(-0.8711263898 0 0)
(-0.8800090114 0.1150226857 0)
(-0.8712009155 0.2185140111 0)
(-0.8466514296 0.3100461734 0)
(-0.8114407014 0.3905456987 0)
(-0.7687426715 0.4599873899 0)
(-0.7207184063 0.5197077116 0)
(-0.6695364265 0.5706493321 0)
(-0.6153254828 0.6142666201 0)
(-0.5604127558 0.651241043 0)
(-0.5045821758 0.6825966875 0)
(-0.4482119243 0.7093148377 0)
(-0.3922059045 0.7320085402 0)
(-0.3363722331 0.7514215651 0)
(-0.2807433654 0.7681427286 0)
(-0.2252716072 0.7826890372 0)
(-0.1698526297 0.7955204387 0)
(-0.114273465 0.8070446161 0)
(-0.06024336699 0.8176312494 0)
(-0.003843789592 0.8279097393 0)
(0.05472820968 0.8378234389 0)
(0.1126643503 0.8472200959 0)
(0.1681429082 0.8555829672 0)
(0.2220641925 0.8631966786 0)
(0.2745053311 0.870182647 0)
(0.3254484287 0.8766858556 0)
(0.3749451503 0.8827830026 0)
(0.4232250893 0.8885370911 0)
(0.4703086093 0.8940130702 0)
(0.5162665915 0.8992531859 0)
(0.5611597409 0.9042901874 0)
(0.6050608124 0.9091553906 0)
(0.6480211361 0.9138749113 0)
(0.690098036 0.9184686095 0)
(0.7313453939 0.9229475897 0)
(0.7717988883 0.927322689 0)
(0.8115132352 0.9315942926 0)
(0.850517993 0.9357659575 0)
(0.8888542954 0.9398763941 0)
(0.9265569241 0.9438737092 0)
(0.9635729958 0.9472499853 0)
(1 0.9503196989 0)
(-0.9946626293 0 0)
(-1.004971376 0.1302611443 0)
(-0.9952867888 0.2474826944 0)
(-0.968165205 0.3511923627 0)
(-0.9291454543 0.4423523825 0)
(-0.881782091 0.5210445183 0)
(-0.8285403413 0.588728516 0)
(-0.771817544 0.6464895056 0)
(-0.7119339777 0.6959200991 0)
(-0.6513311942 0.7378436508 0)
(-0.589898414 0.7734116077 0)
(-0.5280803754 0.8037204638 0)
(-0.4668167256 0.8294894698 0)
(-0.4059460161 0.8515536466 0)
(-0.3455142898 0.870582315 0)
(-0.2854779014 0.8871622718 0)
(-0.2257295438 0.9018135557 0)
(-0.1660490368 0.9149954116 0)
(-0.1081110674 0.9271215721 0)
(-0.04802849539 0.9388554664 0)
(0.01402214809 0.9501770062 0)
(0.07528600957 0.9609667389 0)
(0.1338719765 0.9706195868 0)
(0.1907053018 0.9794575544 0)
(0.245876638 0.9876152555 0)
(0.2993822349 0.995247932 0)
(0.3512864021 1.002441158 0)
(0.4018284894 1.009265133 0)
(0.4510404176 1.015790443 0)
(0.49900325 1.02206398 0)
(0.5457872476 1.028122202 0)
(0.5914738464 1.033999288 0)
(0.6361226194 1.039723573 0)
(0.6797983962 1.045316629 0)
(0.7225619789 1.050790911 0)
(0.7644556 1.056158226 0)
(0.8055397477 1.061419748 0)
(0.845849548 1.066579536 0)
(0.8854310861 1.071676178 0)
(0.9243237337 1.076658608 0)
(0.9624798602 1.081025177 0)
(1 1.085086506 0)
(-1.127593547 0 0)
(-1.139357511 0.1467450329 0)
(-1.128658532 0.2788186852 0)
(-1.098705532 0.3957014417 0)
(-1.055530373 0.4983945388 0)
(-1.003096687 0.5870953608 0)
(-0.9441965564 0.6633967835 0)
(-0.8814731508 0.7285376573 0)
(-0.8154524924 0.7842597316 0)
(-0.7486988902 0.8315393778 0)
(-0.6812145855 0.8716653903 0)
(-0.6135156912 0.9058585006 0)
(-0.5465801032 0.934952473 0)
(-0.4802789373 0.9598807201 0)
(-0.4146726998 0.9813993618 0)
(-0.3497219693 1.000170437 0)
(-0.2853161255 1.016778764 0)
(-0.2212271421 1.031739164 0)
(-0.1590924461 1.045512842 0)
(-0.09505864895 1.05879989 0)
(-0.02928017141 1.071619583 0)
(0.03554562631 1.083887768 0)
(0.0974560214 1.094907645 0)
(0.1574026323 1.105040924 0)
(0.2154907624 1.114436524 0)
(0.271731971 1.123260824 0)
(0.3262042558 1.131609037 0)
(0.3791575391 1.139559187 0)
(0.430636246 1.147188002 0)
(0.4807324584 1.154547439 0)
(0.5295267771 1.161678009 0)
(0.5771100308 1.168617031 0)
(0.62355071 1.175395275 0)
(0.6689217636 1.182036208 0)
(0.7132914802 1.188553777 0)
(0.7567091803 1.194960873 0)
(0.7992415964 1.201259554 0)
(0.840929875 1.207454453 0)
(0.881825457 1.213584056 0)
(0.9219726778 1.219598215 0)
(0.9613295818 1.225002049 0)
(1 1.230102053 0)
(-1.27063359 0 0)
(-1.283871546 0.1645827326 0)
(-1.27199854 0.3127279517 0)
(-1.238925026 0.4438660646 0)
(-1.191212775 0.5590409483 0)
(-1.133265052 0.6585750071 0)
(-1.06822515 0.7442049183 0)
(-0.9990003133 0.817335435 0)
(-0.9263375488 0.8798692268 0)
(-0.8529328981 0.9329477124 0)
(-0.7789098977 0.9780078279 0)
(-0.7048611806 1.016404298 0)
(-0.6318055533 1.04909438 0)
(-0.5596489583 1.077117592 0)
(-0.4884672822 1.101323655 0)
(-0.4182254955 1.122455739 0)
(-0.3488092869 1.141168505 0)
(-0.2799820881 1.158036686 0)
(-0.2133411588 1.173572648 0)
(-0.1450693789 1.188515992 0)
(-0.07529735116 1.202928376 0)
(-0.006660566489 1.216763634 0)
(0.05880473382 1.229230131 0)
(0.1220779884 1.240731699 0)
(0.1832803787 1.251432774 0)
(0.2424400409 1.26151183 0)
(0.2996497958 1.271074558 0)
(0.355171029 1.280207495 0)
(0.4090616994 1.288994063 0)
(0.4614258173 1.297491747 0)
(0.5123551754 1.305745493 0)
(0.5619507698 1.313796061 0)
(0.6102907412 1.321676906 0)
(0.6574568257 1.329413584 0)
(0.7035254128 1.3370217 0)
(0.7485534923 1.344515357 0)
(0.7926145534 1.351897604 0)
(0.8357562562 1.359173731 0)
(0.8780358356 1.366382148 0)
(0.9195029971 1.373473725 0)
(0.9601219179 1.379960894 0)
(1 1.386145736 0)
(-1.424551536 0 0)
(-1.439269179 0.1838930247 0)
(-1.426037346 0.3494362208 0)
(-1.389520586 0.4960069688 0)
(-1.336850168 0.6246958069 0)
(-1.272901772 0.7359603697 0)
(-1.201196036 0.8316927057 0)
(-1.124923834 0.9134766575 0)
(-1.045069497 0.9833885631 0)
(-0.9644704 1.042747896 0)
(-0.8833802272 1.093151403 0)
(-0.8024736241 1.136098351 0)
(-0.7228131329 1.17267919 0)
(-0.6443419234 1.204047889 0)
(-0.567152221 1.231155114 0)
(-0.4912135436 1.254831532 0)
(-0.4164074634 1.275807116 0)
(-0.3424881052 1.294721191 0)
(-0.2710094214 1.312141273 0)
(-0.1981932607 1.328849533 0)
(-0.1241445661 1.344953273 0)
(-0.05143225006 1.360447206 0)
(0.01783243299 1.374442118 0)
(0.08465822045 1.387386471 0)
(0.1491835097 1.399461543 0)
(0.2114543942 1.410858952 0)
(0.2715797543 1.421695781 0)
(0.3298334104 1.432067838 0)
(0.3862879758 1.442065847 0)
(0.4410603797 1.451753333 0)
(0.494254534 1.461180097 0)
(0.5459824448 1.470390679 0)
(0.5963327006 1.479421489 0)
(0.6453965508 1.488300397 0)
(0.693259155 1.49704485 0)
(0.7399858035 1.505670305 0)
(0.7856573003 1.514180929 0)
(0.8303283542 1.522582761 0)
(0.8740624717 1.530914168 0)
(0.9169151697 1.539127154 0)
(0.9588572551 1.546742051 0)
(1 1.554056223 0)
(-1.590174627 0 0)
(-1.606361288 0.204806222 0)
(-1.591556694 0.3891911274 0)
(-1.551235928 0.5524760313 0)
(-1.493142237 0.6958025824 0)
(-1.422658902 0.8197747435 0)
(-1.343711924 0.9264524839 0)
(-1.259796772 1.017613015 0)
(-1.17215261 1.095520142 0)
(-1.083768407 1.16168546 0)
(-0.9950374664 1.217878152 0)
(-0.9067223027 1.265753429 0)
(-0.819932189 1.306545425 0)
(-0.7346500665 1.341531574 0)
(-0.6509854965 1.371771435 0)
(-0.568912685 1.39819005 0)
(-0.4883086056 1.421598613 0)
(-0.4089172359 1.442706101 0)
(-0.332245828 1.462139478 0)
(-0.2545580966 1.480726799 0)
(-0.1759313382 1.498624517 0)
(-0.09886281834 1.51587134 0)
(-0.02553976668 1.531478229 0)
(0.04507734334 1.545940863 0)
(0.1131455856 1.559458807 0)
(0.1787305148 1.572237977 0)
(0.2419584188 1.58440785 0)
(0.3031166136 1.596074336 0)
(0.3622935874 1.607336133 0)
(0.4196202672 1.61826337 0)
(0.475213694 1.628911169 0)
(0.5291978017 1.639328223 0)
(0.5816724946 1.649554205 0)
(0.632739326 1.659619547 0)
(0.6824929538 1.669543744 0)
(0.7310076561 1.679343772 0)
(0.7783721588 1.689025057 0)
(0.8246488018 1.698594492 0)
(0.8699078826 1.708090448 0)
(0.9142112099 1.717466187 0)
(0.9575367596 1.726250585 0)
(1 1.734735958 0)
(-1.768393015 0 0)
(-1.786017762 0.2274654408 0)
(-1.769392744 0.4322646288 0)
(-1.724864161 0.6136597018 0)
(-1.660832822 0.7728483483 0)
(-1.583227347 0.9105929298 0)
(-1.496409146 1.029134956 0)
(-1.404200753 1.130460478 0)
(-1.308114909 1.217035708 0)
(-1.21130315 1.290579585 0)
(-1.114308517 1.353047382 0)
(-1.017987639 1.406262591 0)
(-0.9234996893 1.451614381 0)
(-0.8308700733 1.490513398 0)
(-0.7402267225 1.524136685 0)
(-0.6515486494 1.553511095 0)
(-0.5647076841 1.579535436 0)
(-0.4794367314 1.602993798 0)
(-0.3971926769 1.624577243 0)
(-0.3142842079 1.64516328 0)
(-0.2307588309 1.664961299 0)
(-0.1490367103 1.684057352 0)
(-0.07138133722 1.701360974 0)
(0.003279091342 1.717417723 0)
(0.07512192128 1.732447031 0)
(0.1442338088 1.746670373 0)
(0.2107599192 1.760230725 0)
(0.2750022249 1.77324501 0)
(0.3370664179 1.785820643 0)
(0.3970985997 1.798034979 0)
(0.4552300409 1.809948977 0)
(0.5115976035 1.821615903 0)
(0.5663134533 1.833079033 0)
(0.6194903089 1.844371637 0)
(0.6712331197 1.855515497 0)
(0.7216258998 1.866529291 0)
(0.7707659583 1.877419863 0)
(0.8187239006 1.888195087 0)
(0.8655773805 1.898893388 0)
(0.9113950217 1.909469433 0)
(0.9561625545 1.919461334 0)
(1 1.929156019 0)
(-1.960164548 0 0)
(-1.979171575 0.2520280307 0)
(-1.960439418 0.4789557216 0)
(-1.911250416 0.6799828656 0)
(-1.840711842 0.85636866 0)
(-1.755338124 1.009047002 0)
(-1.659958294 1.140455734 0)
(-1.558746008 1.252806509 0)
(-1.453507667 1.348784133 0)
(-1.347569086 1.430331368 0)
(-1.241633856 1.499604352 0)
(-1.136659369 1.558608215 0)
(-1.033858051 1.608899428 0)
(-0.9333006144 1.652032403 0)
(-0.8351344304 1.689310962 0)
(-0.7393434074 1.721871809 0)
(-0.6457936151 1.750708276 0)
(-0.5542058649 1.776685475 0)
(-0.4659827129 1.800563582 0)
(-0.3774811497 1.823273422 0)
(-0.288716579 1.845081396 0)
(-0.202026194 1.866124509 0)
(-0.119749188 1.885210094 0)
(-0.04078001628 1.902936301 0)
(0.0350806836 1.919544163 0)
(0.1079424594 1.935272099 0)
(0.1779709594 1.950277793 0)
(0.2454840816 1.964690193 0)
(0.3106061723 1.978626242 0)
(0.3734997906 1.992171216 0)
(0.4343116368 2.005392484 0)
(0.4931925926 2.018348349 0)
(0.5502681164 2.031086069 0)
(0.6056630308 2.043642074 0)
(0.6594934417 2.056040687 0)
(0.7118539145 2.068302505 0)
(0.7628510628 2.080435972 0)
(0.8125644479 2.092450083 0)
(0.8610796962 2.104383385 0)
(0.9084728164 2.116192114 0)
(0.9547379302 2.127424368 0)
(1 2.138361328 0)
(-2.166519914 0 0)
(-2.186823096 0.2786671867 0)
(-2.16565187 0.5295935015 0)
(-2.111294493 0.7519131946 0)
(-2.033617143 0.9469530481 0)
(-1.939763451 1.115832804 0)
(-1.835064585 1.261202704 0)
(-1.724071087 1.385518189 0)
(-1.608904508 1.4917002 0)
(-1.493077447 1.581933157 0)
(-1.377465585 1.658590072 0)
(-1.263134155 1.723872161 0)
(-1.151352368 1.779516486 0)
(-1.042239248 1.827232644 0)
(-0.9359626992 1.868461288 0)
(-0.8325115812 1.90445768 0)
(-0.7317455035 1.936317147 0)
(-0.6333720576 1.96499221 0)
(-0.5387351848 1.991317584 0)
(-0.4442437488 2.016281576 0)
(-0.3498785541 2.040211993 0)
(-0.2578875055 2.06330068 0)
(-0.1706838927 2.084253024 0)
(-0.0871270089 2.103722519 0)
(-0.006993565697 2.121973697 0)
(0.06985083189 2.139263442 0)
(0.143594069 2.155765483 0)
(0.21457136 2.1716219 0)
(0.2829272879 2.186960068 0)
(0.3488422709 2.201873952 0)
(0.4124797497 2.216437964 0)
(0.4740058164 2.230715965 0)
(0.5335603471 2.244759627 0)
(0.5912812935 2.258608886 0)
(0.6472968613 2.272290909 0)
(0.7017130563 2.285828451 0)
(0.754646583 2.299231761 0)
(0.8061867124 2.312511124 0)
(0.856427715 2.325705287 0)
(0.9054536062 2.338772238 0)
(0.9532675914 2.351270885 0)
(1 2.363476273 0)
(-2.388568184 0 0)
(-2.410044651 0.3075737658 0)
(-2.38605008 0.5845406141 0)
(-2.325953501 0.8299660553 0)
(-2.24043623 1.045251214 0)
(-2.137317606 1.231717274 0)
(-2.022467913 1.392244349 0)
(-1.900842152 1.529551392 0)
(-1.774900017 1.646814499 0)
(-1.648354224 1.746479077 0)
(-1.522264863 1.831152342 0)
(-1.397812525 1.903247256 0)
(-1.27632693 1.964695851 0)
(-1.157978571 2.017375273 0)
(-1.04295701 2.062873895 0)
(-0.9312560607 2.102574954 0)
(-0.8227280794 2.137683861 0)
(-0.7170661937 2.169247452 0)
(-0.6155510939 2.198180845 0)
(-0.5146473418 2.22553433 0)
(-0.4142984485 2.251701864 0)
(-0.3166562307 2.276934305 0)
(-0.224205185 2.299836646 0)
(-0.1357680941 2.321120484 0)
(-0.05109565249 2.341075935 0)
(0.02997352037 2.359980026 0)
(0.1076514649 2.378023996 0)
(0.1822922366 2.395364282 0)
(0.254062384 2.412139696 0)
(0.3231617161 2.428453736 0)
(0.3897718456 2.44438857 0)
(0.4540753766 2.460014198 0)
(0.5162278314 2.475387181 0)
(0.5763814098 2.490551363 0)
(0.6346774477 2.505537092 0)
(0.6912343618 2.520369552 0)
(0.7461798066 2.535061037 0)
(0.7996135845 2.549623308 0)
(0.8516393436 2.564095413 0)
(0.9023497841 2.578437301 0)
(0.951757949 2.592219576 0)
(1 2.605710749 0)
(-2.627502772 0 0)
(-2.64998535 0.3389583399 0)
(-2.622722546 0.6441971524 0)
(-2.556244461 0.9147100504 0)
(-2.462107818 1.15198003 0)
(-2.348857496 1.357546727 0)
(-2.222942495 1.534539138 0)
(-2.089751773 1.685961141 0)
(-1.952107756 1.815264622 0)
(-1.813937486 1.92517692 0)
(-1.676498593 2.018558242 0)
(-1.541095012 2.098050255 0)
(-1.409120887 2.165795545 0)
(-1.280801491 2.223852197 0)
(-1.156349184 2.273968094 0)
(-1.035762682 2.31766465 0)
(-0.9188861854 2.356266111 0)
(-0.8053969817 2.390921105 0)
(-0.6965074938 2.42263149 0)
(-0.5887420784 2.452514409 0)
(-0.4820040434 2.481035071 0)
(-0.3783417999 2.508507855 0)
(-0.2803065959 2.533440488 0)
(-0.1866834623 2.556605417 0)
(-0.09719478317 2.578320629 0)
(-0.01164985217 2.59888514 0)
(0.07018962666 2.618509317 0)
(0.1486982232 2.637365312 0)
(0.224066342 2.655604478 0)
(0.2965148584 2.673340797 0)
(0.3662451225 2.690664977 0)
(0.4334576738 2.707653808 0)
(0.4983250239 2.724369282 0)
(0.5610148439 2.7408596 0)
(0.6216827257 2.757158667 0)
(0.6804605572 2.773294413 0)
(0.7374878817 2.789281447 0)
(0.7928759302 2.805133222 0)
(0.8467385302 2.820889207 0)
(0.8991778069 2.836511548 0)
(0.9502174622 2.851583517 0)
(1 2.866366663 0)
(-2.884607846 0 0)
(-2.90787617 0.3730535154 0)
(-2.876830075 0.7090050626 0)
(-2.803246833 1.006773285 0)
(-2.699623159 1.267931445 0)
(-2.575282852 1.494256209 0)
(-2.437296014 1.689146149 0)
(-2.291517106 1.855913327 0)
(-2.141157561 1.998307818 0)
(-1.990373884 2.119361603 0)
(-1.840635233 2.222208251 0)
(-1.693377354 2.309736519 0)
(-1.550062912 2.38431643 0)
(-1.410975442 2.448201526 0)
(-1.276351239 2.503311971 0)
(-1.146193801 2.551318405 0)
(-1.020338146 2.593673392 0)
(-0.8984441961 2.63163544 0)
(-0.7816506759 2.666300007 0)
(-0.6665461242 2.698856343 0)
(-0.552990503 2.729846427 0)
(-0.4429209421 2.759652996 0)
(-0.3389490876 2.786691589 0)
(-0.2398211263 2.811798186 0)
(-0.1452286136 2.835321164 0)
(-0.05494895424 2.857583564 0)
(0.03128470496 2.87881667 0)
(0.113869287 2.899209843 0)
(0.1930211211 2.918928215 0)
(0.268983984 2.938097296 0)
(0.3419806764 2.956817223 0)
(0.4122312314 2.975172299 0)
(0.4799266189 2.993230553 0)
(0.5452513199 3.011045053 0)
(0.6083764141 3.028653694 0)
(0.6694484195 3.046087503 0)
(0.7286197951 3.063363717 0)
(0.786014182 3.080497733 0)
(0.8417564625 3.097529581 0)
(0.8959589969 3.114423875 0)
(0.9486570409 3.13077761 0)
(1 3.146844926 0)
(-3.161265236 0 0)
(-3.185035308 0.4101165603 0)
(-3.149609616 0.7794531308 0)
(-3.068104906 1.106850458 0)
(-2.954027062 1.39398145 0)
(-2.817535959 1.642880097 0)
(-2.666368155 1.857237099 0)
(-2.506877328 2.040697977 0)
(-2.342691988 2.197335324 0)
(-2.178214207 2.330510403 0)
(-2.015139553 2.443652236 0)
(-1.855044554 2.539916621 0)
(-1.699464686 2.621919315 0)
(-1.548745369 2.692125056 0)
(-1.403147975 2.752640141 0)
(-1.262680572 2.805296407 0)
(-1.127167826 2.851685006 0)
(-0.9962506031 2.89318309 0)
(-0.8709880482 2.930987134 0)
(-0.7480375771 2.966364185 0)
(-0.6272124108 2.999938934 0)
(-0.5103299213 3.032167695 0)
(-0.4000535126 3.061381237 0)
(-0.2950896315 3.088481665 0)
(-0.1950962386 3.113850516 0)
(-0.099816038 3.137837103 0)
(-0.008951095102 3.160695604 0)
(0.07791988881 3.182634252 0)
(0.1610414343 3.203833322 0)
(0.2406822299 3.224431027 0)
(0.3170884048 3.244537915 0)
(0.3905011927 3.264246622 0)
(0.4611316309 3.283631897 0)
(0.5291824756 3.302752244 0)
(0.5948416434 3.321650044 0)
(0.6582715507 3.340359826 0)
(0.7196386967 3.358901807 0)
(0.7790802057 3.377293618 0)
(0.8367329741 3.395576024 0)
(0.8927204826 3.413716409 0)
(0.9470905177 3.431326641 0)
(1 3.448652988 0)
(-3.458961855 0 0)
(-3.48287381 0.4504323799 0)
(-3.442378148 0.8560826339 0)
(-3.352030006 1.215710901 0)
(-3.226418519 1.53110022 0)
(-3.076600805 1.804564107 0)
(-2.911028391 2.040109974 0)
(-2.736590179 2.241744297 0)
(-2.557361724 2.413888617 0)
(-2.378007775 2.560260229 0)
(-2.200466146 2.684607593 0)
(-2.026463626 2.790375182 0)
(-1.857612967 2.880444351 0)
(-1.694325259 2.957508101 0)
(-1.536888061 3.02387388 0)
(-1.385313696 3.081547709 0)
(-1.239415149 3.132270461 0)
(-1.098812346 3.177547423 0)
(-0.9644784834 3.218684117 0)
(-0.8331448759 3.257031538 0)
(-0.7045743349 3.293303506 0)
(-0.5804553509 3.328035522 0)
(-0.4634916992 3.359483859 0)
(-0.352349448 3.388619171 0)
(-0.2466499193 3.415859211 0)
(-0.146098031 3.441582051 0)
(-0.05036199442 3.466066948 0)
(0.04100609211 3.489542849 0)
(0.1282814256 3.512206699 0)
(0.211759813 3.53421072 0)
(0.2917127708 3.555676972 0)
(0.3684046059 3.576707341 0)
(0.4420681866 3.597384066 0)
(0.5129261513 3.617771742 0)
(0.5811847314 3.637917787 0)
(0.6470236316 3.657860697 0)
(0.7106246235 3.677624077 0)
(0.7721394902 3.697228124 0)
(0.8317181921 3.716714543 0)
(0.8894963011 3.736053835 0)
(0.9455352002 3.754873998 0)
(1 3.773412936 0)
(-3.779297694 0 0)
(-3.802901461 0.494316893 0)
(-3.756536541 0.9394937504 0)
(-3.656302439 1.334207693 0)
(-3.517950833 1.680363636 0)
(-3.353501528 1.98057892 0)
(-3.172172871 2.239204504 0)
(-2.98142743 2.460637733 0)
(-2.785819774 2.649677853 0)
(-2.590295495 2.810427233 0)
(-2.397051469 2.946979816 0)
(-2.207974757 3.063092253 0)
(-2.024760025 3.161933043 0)
(-1.847887955 3.246441981 0)
(-1.677673365 3.319143965 0)
(-1.514132388 3.382233284 0)
(-1.357064808 3.437612605 0)
(-1.206067525 3.486925636 0)
(-1.062020876 3.531595648 0)
(-0.9217354469 3.573064237 0)
(-0.784919673 3.612141276 0)
(-0.6531233439 3.649447492 0)
(-0.529075934 3.683178353 0)
(-0.4114028224 3.714375266 0)
(-0.29968534 3.743495572 0)
(-0.1935872273 3.770948852 0)
(-0.09273979388 3.797041864 0)
(0.003333920356 3.82202632 0)
(0.09494251705 3.846117532 0)
(0.1824113452 3.869483187 0)
(0.2660395691 3.892258097 0)
(0.3461166248 3.914554429 0)
(0.422899147 3.936462782 0)
(0.4966314191 3.958054578 0)
(0.5675396098 3.979382905 0)
(0.6358222355 4.000490756 0)
(0.7016776925 4.021405591 0)
(0.7652737109 4.042150556 0)
(0.8267744672 4.06276854 0)
(0.886328688 4.083233558 0)
(0.944012518 4.103191103 0)
(1 4.122870215 0)
(-4.123994419 0 0)
(-4.146732938 0.5421208665 0)
(-4.093573369 1.03035284 0)
(-3.982273084 1.463288017 0)
(-3.829831134 1.842966357 0)
(-3.649299989 2.172335659 0)
(-3.450720221 2.456119731 0)
(-3.242169067 2.699139373 0)
(-3.02871419 2.906602817 0)
(-2.815601287 3.083029081 0)
(-2.60530414 3.23288589 0)
(-2.399880629 3.360267602 0)
(-2.20111213 3.468653262 0)
(-2.009552961 3.561249585 0)
(-1.825546218 3.640816611 0)
(-1.649111239 3.709752189 0)
(-1.480032872 3.77013388 0)
(-1.317882665 3.823754967 0)
(-1.163440607 3.872165893 0)
(-1.013602291 3.91690606 0)
(-0.8680174893 3.958888864 0)
(-0.7280867216 3.998826768 0)
(-0.5965465724 4.034872218 0)
(-0.4719818328 4.068139268 0)
(-0.3539301461 4.099128572 0)
(-0.2420103447 4.128284272 0)
(-0.1358134823 4.155943317 0)
(-0.03483082949 4.182382458 0)
(0.06128261784 4.207837271 0)
(0.1528844155 4.232492544 0)
(0.2403038603 4.256497224 0)
(0.3238577772 4.279974922 0)
(0.4038286934 4.30302558 0)
(0.4804844743 4.325728284 0)
(0.5540730069 4.348142513 0)
(0.6248132924 4.370316364 0)
(0.6929218365 4.392281682 0)
(0.7585837304 4.41406501 0)
(0.8219786311 4.435710709 0)
(0.8832695869 4.457196755 0)
(0.9425487792 4.478187637 0)
(1 4.498903006 0)
(-4.494904625 0 0)
(-4.516094227 0.594234274 0)
(-4.455068613 1.12940072 0)
(-4.331364527 1.60400493 0)
(-4.163319117 2.020236694 0)
(-3.965092306 2.381403484 0)
(-3.747606043 2.692633992 0)
(-3.519595945 2.959207985 0)
(-3.286679073 3.186776752 0)
(-3.054421624 3.380310289 0)
(-2.825593189 3.544680876 0)
(-2.602433561 3.684348335 0)
(-2.386815757 3.803127684 0)
(-2.179371896 3.904514426 0)
(-1.980474268 3.991522968 0)
(-1.790144628 4.066771321 0)
(-1.608150912 4.132526165 0)
(-1.434036719 4.190742462 0)
(-1.268473558 4.243108037 0)
(-1.108448163 4.291267904 0)
(-0.9535470056 4.336247047 0)
(-0.8050099565 4.378856666 0)
(-0.6655574654 4.417228865 0)
(-0.533734349 4.452551832 0)
(-0.4090304817 4.485373656 0)
(-0.2910156789 4.516176425 0)
(-0.1792370424 4.545330268 0)
(-0.07315107802 4.57313951 0)
(0.02762691948 4.599862113 0)
(0.123489646 4.625701792 0)
(0.2147992648 4.650823186 0)
(0.3019024766 4.675362664 0)
(0.3851100389 4.699430622 0)
(0.4647155292 4.72311476 0)
(0.5409905118 4.74648177 0)
(0.6141763106 4.769585546 0)
(0.6845091735 4.792462931 0)
(0.752193106 4.815144378 0)
(0.8174246351 4.837676062 0)
(0.8803824134 4.860040435 0)
(0.941176054 4.881922614 0)
(1 4.903532322 0)
(-4.894021795 0 0)
(-4.912829269 0.6510912561 0)
(-4.842697164 1.237462081 0)
(-4.705071621 1.757530756 0)
(-4.519724849 2.21365353 0)
(-4.302004111 2.609529623 0)
(-4.063775854 2.950727665 0)
(-3.81448063 3.243025129 0)
(-3.560323528 3.492553483 0)
(-3.307212814 3.704771064 0)
(-3.058233888 3.884988196 0)
(-2.815820093 4.038060349 0)
(-2.58194113 4.168166169 0)
(-2.35731117 4.279113722 0)
(-2.142332496 4.37419268 0)
(-1.937028269 4.456259265 0)
(-1.741147246 4.527784722 0)
(-1.554202179 4.59089883 0)
(-1.376747275 4.647437874 0)
(-1.205866951 4.699160931 0)
(-1.041079358 4.747213285 0)
(-0.8834514728 4.792512414 0)
(-0.7356588415 4.833198575 0)
(-0.5962075505 4.870535058 0)
(-0.4645351942 4.905121952 0)
(-0.3401580393 4.937483052 0)
(-0.2225751594 4.968024991 0)
(-0.1112049797 4.9970825 0)
(-0.005619461438 5.024938296 0)
(0.09461246448 5.051817072 0)
(0.1898888392 5.077900915 0)
(0.2805889792 5.103340427 0)
(0.3670544461 5.128257724 0)
(0.4496068747 5.152750197 0)
(0.5285436629 5.176892689 0)
(0.6041304795 5.200745684 0)
(0.6766251119 5.22435173 0)
(0.7462521879 5.247745776 0)
(0.8132266331 5.270976222 0)
(0.8777441148 5.294030577 0)
(0.9399332074 5.316616379 0)
(1 5.338932871 0)
(-5.323491009 0 0)
(-5.338906833 0.7131757697 0)
(-5.258232059 1.355456212 0)
(-5.104961307 1.925172348 0)
(-4.900405426 2.424865592 0)
(-4.6611843 2.858662182 0)
(-4.400176176 3.232609078 0)
(-4.127576082 3.553023744 0)
(-3.850218209 3.826558322 0)
(-3.57437565 4.059200173 0)
(-3.303470749 4.256734125 0)
(-3.040142568 4.424444167 0)
(-2.786462621 4.566902649 0)
(-2.54323144 4.688256081 0)
(-2.310881933 4.792092127 0)
(-2.089437392 4.881524845 0)
(-1.878624803 4.95924684 0)
(-1.677922832 5.027576975 0)
(-1.487758794 5.088512015 0)
(-1.305321773 5.143934262 0)
(-1.130056163 5.195118707 0)
(-0.9628428673 5.243097224 0)
(-0.8062772226 5.286053636 0)
(-0.6588286006 5.32532663 0)
(-0.519877322 5.361573363 0)
(-0.388881103 5.39536352 0)
(-0.2652864853 5.427143947 0)
(-0.1484701408 5.457282937 0)
(-0.03795669098 5.486090621 0)
(0.06672687387 5.513814976 0)
(0.1660177942 5.540657505 0)
(0.2603310242 5.566784724 0)
(0.3500417667 5.592331892 0)
(0.4355022988 5.617407325 0)
(0.5170382289 5.642095084 0)
(0.5949417972 5.666463158 0)
(0.6694943116 5.690560602 0)
(0.7409429028 5.714427547 0)
(0.8095225786 5.738115098 0)
(0.8754475742 5.761616486 0)
(0.9388671028 5.784663635 0)
(1 5.807444741 0)
(-5.78562048 0 0)
(-5.796427574 0.7810280292 0)
(-5.70354733 1.484409233 0)
(-5.53267153 2.108388473 0)
(-5.306760249 2.65571343 0)
(-5.04379696 3.130976164 0)
(-4.757743417 3.540744057 0)
(-4.459601792 3.891920768 0)
(-4.156878999 4.191723314 0)
(-3.85623694 4.446712419 0)
(-3.561457179 4.663187146 0)
(-3.275397199 4.846895804 0)
(-3.000235485 5.002837208 0)
(-2.736863269 5.135524478 0)
(-2.485744502 5.248868019 0)
(-2.246901016 5.34626108 0)
(-2.020035057 5.430635887 0)
(-1.80458758 5.504515902 0)
(-1.600848586 5.570071409 0)
(-1.406119264 5.629317877 0)
(-1.21976437 5.683670168 0)
(-1.042464543 5.734283293 0)
(-0.8766918857 5.779428236 0)
(-0.7208820071 5.82051855 0)
(-0.574352421 5.858274081 0)
(-0.4364967626 5.893315074 0)
(-0.3067040626 5.926132715 0)
(-0.1843051636 5.957132398 0)
(-0.0687729249 5.986654648 0)
(0.04041154494 6.014973317 0)
(0.1437283535 6.042311551 0)
(0.2416314297 6.06885367 0)
(0.3345327489 6.094749706 0)
(0.4228180834 6.120120297 0)
(0.5068438737 6.145059946 0)
(0.5869313883 6.169645189 0)
(0.6633876401 6.193932518 0)
(0.7364843359 6.217968036 0)
(0.8064784223 6.241806113 0)
(0.8736044145 6.265446469 0)
(0.9380340072 6.288647565 0)
(1 6.311585982 0)
(-6.282893953 0 0)
(-6.287631253 0.8552518563 0)
(-6.180620342 1.625468041 0)
(-5.989909037 2.30880967 0)
(-5.740224619 2.908254488 0)
(-5.451011123 3.428903148 0)
(-5.137390141 3.877889645 0)
(-4.811226916 4.262754359 0)
(-4.480747361 4.591327473 0)
(-4.15302739 4.870791432 0)
(-3.832231241 5.108002862 0)
(-3.521448009 5.30921343 0)
(-3.222968306 5.479884099 0)
(-2.937778368 5.624925306 0)
(-2.666373345 5.748597148 0)
(-2.408771641 5.854595321 0)
(-2.164647364 5.946111554 0)
(-1.933399688 6.025890769 0)
(-1.715169966 6.096290948 0)
(-1.507379417 6.159471504 0)
(-1.309306783 6.216998155 0)
(-1.121417164 6.270158464 0)
(-0.9460073037 6.317363843 0)
(-0.7814831302 6.360101151 0)
(-0.6270932102 6.399159178 0)
(-0.4821609781 6.435213937 0)
(-0.3460124392 6.468805566 0)
(-0.2179280797 6.50038052 0)
(-0.09732410758 6.53031307 0)
(0.01636860986 6.558905858 0)
(0.1236771022 6.586406187 0)
(0.2250979637 6.613018328 0)
(0.3210834009 6.63890893 0)
(0.4120558341 6.664212554 0)
(0.4984054333 6.68903554 0)
(0.5804852057 6.713464169 0)
(0.658630284 6.737563439 0)
(0.7331392385 6.761386333 0)
(0.8042930047 6.784991154 0)
(0.8723482671 6.808384982 0)
(0.9375012277 6.831355175 0)
(1 6.854066135 0)
(-6.817984058 0 0)
(-6.81490405 0.9365230727 0)
(-6.691533464 1.779916248 0)
(-6.478445807 2.528260905 0)
(-6.202261343 3.184791752 0)
(-5.883987952 3.755165204 0)
(-5.539988246 4.247132622 0)
(-5.183049859 4.668926418 0)
(-4.822166721 5.029042742 0)
(-4.464855199 5.335338549 0)
(-4.115686822 5.595275318 0)
(-3.77799596 5.815650662 0)
(-3.454190419 6.002426613 0)
(-3.145355673 6.160944405 0)
(-2.852017882 6.295843213 0)
(-2.574189614 6.411146522 0)
(-2.311512944 6.510327216 0)
(-2.063340695 6.596370037 0)
(-1.829653237 6.671836062 0)
(-1.608000247 6.739040358 0)
(-1.397567547 6.799711372 0)
(-1.198588253 6.855279357 0)
(-1.013120907 6.904360837 0)
(-0.8395472037 6.948513151 0)
(-0.6770399384 6.988600999 0)
(-0.5248455615 7.025361976 0)
(-0.3822209402 7.05939034 0)
(-0.248391168 7.091178041 0)
(-0.1227103903 7.121136869 0)
(-0.004554404603 7.149601542 0)
(0.1066552296 7.176846365 0)
(0.2114618568 7.203097991 0)
(0.3103617427 7.22854179 0)
(0.4038174429 7.253328067 0)
(0.4922560612 7.277576596 0)
(0.5760653406 7.301384783 0)
(0.655611204 7.324827358 0)
(0.7312216128 7.347965237 0)
(0.8032037573 7.370861435 0)
(0.8718385796 7.39353139 0)
(0.937349019 7.415793959 0)
(1 7.437800794 0)
(-7.393766672 0 0)
(-7.380785929 1.025599094 0)
(-7.238474891 1.949192391 0)
(-7.000113815 2.768787488 0)
(-6.694349927 3.48790648 0)
(-6.343864861 4.112813647 0)
(-5.966348496 4.651933537 0)
(-5.575573691 5.1142512 0)
(-5.181354246 5.508986542 0)
(-4.791674633 5.844728699 0)
(-4.411539454 6.129595665 0)
(-4.044542436 6.370977508 0)
(-3.693213483 6.5753798 0)
(-3.358741389 6.748611118 0)
(-3.04168272 6.895721772 0)
(-2.742041276 7.02109068 0)
(-2.459422626 7.12849548 0)
(-2.193128115 7.221180727 0)
(-1.942963682 7.301927345 0)
(-1.706616432 7.373218772 0)
(-1.483171768 7.436959023 0)
(-1.272613124 7.494731958 0)
(-1.076685404 7.545437345 0)
(-0.8937531422 7.590698632 0)
(-0.722905772 7.631464202 0)
(-0.5633052335 7.668539735 0)
(-0.4141324689 7.702579392 0)
(-0.274551569 7.734125608 0)
(-0.1438486203 7.763631931 0)
(-0.0213389954 7.791468872 0)
(0.09361213268 7.817940952 0)
(0.2015993876 7.843299972 0)
(0.3031673333 7.867752416 0)
(0.3988225244 7.891466413 0)
(0.4890325477 7.914577003 0)
(0.5742231991 7.9371943 0)
(0.6547941487 7.959404174 0)
(0.7311055457 7.981276693 0)
(0.8034933431 8.0028805 0)
(0.8722650512 8.024240537 0)
(0.9376728036 8.045210011 0)
(1 8.065927281 0)
(-8.013336377 0 0)
(-7.987977959 1.123329902 0)
(-7.823738399 2.134910762 0)
(-7.556797795 3.032684697 0)
(-7.217972924 3.820495647 0)
(-6.831736022 4.505273375 0)
(-6.417195752 5.096177084 0)
(-5.98917666 5.603010928 0)
(-5.558367178 6.03578189 0)
(-5.133248712 6.403874353 0)
(-4.719285868 6.7161193 0)
(-4.320346148 6.980550093 0)
(-3.93908621 7.204262237 0)
(-3.576802008 7.393571569 0)
(-3.234079394 7.553974546 0)
(-2.91090986 7.690235685 0)
(-2.606857329 7.806463132 0)
(-2.321165894 7.906183038 0)
(-2.053452414 7.99241441 0)
(-1.801550936 8.067822875 0)
(-1.564438316 8.13450191 0)
(-1.341829244 8.194200739 0)
(-1.135064771 8.246196318 0)
(-0.9425012831 8.29217197 0)
(-0.7631363991 8.33316843 0)
(-0.5960391847 8.370066757 0)
(-0.4403071133 8.403587503 0)
(-0.2950370158 8.434329187 0)
(-0.159440265 8.462791907 0)
(-0.03276586294 8.489386164 0)
(0.08568292639 8.514450337 0)
(0.1965570326 8.538264517 0)
(0.3004540202 8.56105903 0)
(0.3979287284 8.583022214 0)
(0.4894931626 8.604306465 0)
(0.5756148474 8.625036428 0)
(0.6567304798 8.645310739 0)
(0.7332354945 8.66521002 0)
(0.8054973867 8.684809617 0)
(0.8738527944 8.704145285 0)
(0.9385857567 8.723107735 0)
(1 8.741821505 0)
(-8.680023092 0 0)
(-8.639349508 1.230670605 0)
(-8.449721773 2.338885249 0)
(-8.150425581 3.322531701 0)
(-7.774598882 4.185814811 0)
(-7.348628588 4.936393627 0)
(-6.893139144 5.584229765 0)
(-6.424076953 6.140019474 0)
(-5.953062818 6.614626246 0)
(-5.489105027 7.018298736 0)
(-5.038156217 7.360642732 0)
(-4.604372354 7.650390498 0)
(-4.190541117 7.895278194 0)
(-3.798069123 8.102172564 0)
(-3.427569767 8.277054473 0)
(-3.079017957 8.425106998 0)
(-2.751930081 8.550796903 0)
(-2.445486467 8.657955703 0)
(-2.159098909 8.749860346 0)
(-1.89075849 8.829373681 0)
(-1.639324692 8.898793682 0)
(-1.404222946 8.960047597 0)
(-1.186282882 9.012902091 0)
(-0.9838640815 9.059091872 0)
(-0.7958629087 9.09975973 0)
(-0.6212462518 9.135870277 0)
(-0.459019718 9.16821774 0)
(-0.3082058901 9.197463033 0)
(-0.1679340336 9.224158214 0)
(-0.03738016787 9.248758515 0)
(0.08422048919 9.271640312 0)
(0.1975807603 9.293115561 0)
(0.3033564327 9.313441542 0)
(0.4021553896 9.332829524 0)
(0.4945384262 9.351451666 0)
(0.5810188742 9.369449231 0)
(0.662074099 9.386935497 0)
(0.7381382568 9.404003262 0)
(0.8096134692 9.420735834 0)
(0.8768683417 9.437181284 0)
(0.9402218135 9.453271296 0)
(1 9.469116102 0)
(-9.397409969 0 0)
(-9.337945181 1.348695824 0)
(-9.118923592 2.563156646 0)
(-8.78295557 3.641230407 0)
(-8.365661266 4.587527213 0)
(-7.895473882 5.410506125 0)
(-7.394636289 6.121005967 0)
(-6.880290716 6.730695306 0)
(-6.365051065 7.251370374 0)
(-5.858483509 7.694219724 0)
(-5.367057771 8.069691655 0)
(-4.895233112 8.387278237 0)
(-4.445931985 8.655411782 0)
(-4.0206747 8.881557708 0)
(-3.620099693 9.072223143 0)
(-3.244160168 9.233045769 0)
(-2.892318199 9.368881685 0)
(-2.563683007 9.483893717 0)
(-2.257443864 9.581638395 0)
(-1.971759584 9.665192157 0)
(-1.705362684 9.737073743 0)
(-1.457367244 9.799402072 0)
(-1.227963602 9.852567824 0)
(-1.015528616 9.898345907 0)
(-0.8188468592 9.937992015 0)
(-0.6367726754 9.972563505 0)
(-0.4682104462 10.00293647 0)
(-0.3121006909 10.02984133 0)
(-0.1674823408 10.05388821 0)
(-0.03345107131 10.07558247 0)
(0.09083277517 10.09534315 0)
(0.2061501326 10.11351817 0)
(0.3132208184 10.1303953 0)
(0.4127110535 10.14621186 0)
(0.505235282 10.16116254 0)
(0.5913571751 10.17540763 0)
(0.6715988153 10.18907719 0)
(0.746436896 10.20227807 0)
(0.8163115928 10.21510303 0)
(0.8816266324 10.22761417 0)
(0.9427391661 10.23978799 0)
(1 10.25171997 0)
(-10.16935265 0 0)
(-10.08699136 1.478616184 0)
(-9.833938023 2.810023954 0)
(-9.456360716 3.992049996 0)
(-8.992532625 5.029760054 0)
(-8.473072646 5.932491724 0)
(-7.921950542 6.712043693 0)
(-7.357582163 7.381145124 0)
(-6.793638262 7.952608772 0)
(-6.24027481 8.438646023 0)
(-5.704508616 8.850621934 0)
(-5.191117079 9.198855135 0)
(-4.703160474 9.492534882 0)
(-4.242275223 9.739777594 0)
(-3.809121377 9.947662493 0)
(-3.403624319 10.12232131 0)
(-3.025184019 10.26903308 0)
(-2.672830295 10.39232029 0)
(-2.345510819 10.49604267 0)
(-2.041563444 10.58350805 0)
(-1.759583299 10.65747358 0)
(-1.498349329 10.72026453 0)
(-1.257260931 10.77305547 0)
(-1.034729582 10.81764705 0)
(-0.8294162743 10.85542006 0)
(-0.6400512441 10.88753493 0)
(-0.4654272016 10.91495884 0)
(-0.3043938497 10.93849975 0)
(-0.1558906207 10.95883276 0)
(-0.01892463848 10.97651945 0)
(0.10742624 10.9920269 0)
(0.2240179894 11.00574359 0)
(0.3316409246 11.01799187 0)
(0.4310254987 11.02903868 0)
(0.5228452157 11.03910439 0)
(0.6077191282 11.04837109 0)
(0.6862185432 11.05698812 0)
(0.7588669354 11.06507857 0)
(0.8261463476 11.07274633 0)
(0.8884991356 11.08006953 0)
(0.9463243305 11.08707371 0)
(1 11.09383926 0)
(-11 0 0)
(-10.88990218 1.621797223 0)
(-10.59744718 3.08208028 0)
(-10.17260842 4.378677994 0)
(-9.656493123 5.517169049 0)
(-9.082053315 6.507856862 0)
(-8.475100056 7.363591442 0)
(-7.855404459 8.098259805 0)
(-7.237760862 8.725783402 0)
(-6.632947723 9.259487516 0)
(-6.048559746 9.711735453 0)
(-5.489707132 10.09374565 0)
(-4.959590133 10.41553097 0)
(-4.459962892 10.68591621 0)
(-3.991502557 10.91260291 0)
(-3.554099396 11.10226007 0)
(-3.147082318 11.26062646 0)
(-2.76939235 11.39261521 0)
(-2.419714701 11.50241502 0)
(-2.096578201 11.59358458 0)
(-1.798429254 11.66913852 0)
(-1.523686056 11.7316243 0)
(-1.270777622 11.7831901 0)
(-1.038171234 11.82564408 0)
(-0.8243911026 11.86050577 0)
(-0.6280304358 11.88905029 0)
(-0.4477585992 11.91234633 0)
(-0.2823246648 11.93128842 0)
(-0.1305583414 11.94662454 0)
(0.008630961176 11.95897936 0)
(0.1362563628 11.96887409 0)
(0.2532566115 11.97674306 0)
(0.3604997309 11.98294786 0)
(0.4587869795 11.98778914 0)
(0.5488569532 11.99151658 0)
(0.6313897034 11.99433727 0)
(0.7070107868 11.99642269 0)
(0.7762951852 11.99791466 0)
(0.8397710565 11.99893023 0)
(0.897923293 11.99956584 0)
(0.9511968727 11.99990076 0)
(1 12 0)
(0 0 0.3)
(0.003190843121 0.009767775024 0.3)
(0.007629015954 0.0184145856 0.3)
(0.01566049662 0.02584259828 0.3)
(0.02545308729 0.03274128943 0.3)
(0.03652899378 0.03834454198 0.3)
(0.04888297491 0.04313150676 0.3)
(0.06196994552 0.04705107816 0.3)
(0.07702060505 0.05059247208 0.3)
(0.09252218989 0.05344526565 0.3)
(0.1094402608 0.0557431221 0.3)
(0.1278721666 0.05766167505 0.3)
(0.1471714805 0.05907098104 0.3)
(0.1677493941 0.06007647077 0.3)
(0.1896732822 0.06070365389 0.3)
(0.2130227564 0.06098107871 0.3)
(0.2378839025 0.06094796654 0.3)
(0.2644210094 0.06065078188 0.3)
(0.2906826928 0.06015033521 0.3)
(0.3208100524 0.05983726247 0.3)
(0.3544618653 0.05939775353 0.3)
(0.3884531868 0.05844835224 0.3)
(0.4215292431 0.057179926 0.3)
(0.4544023702 0.05560034341 0.3)
(0.4870568023 0.05374066588 0.3)
(0.5193771658 0.05167600659 0.3)
(0.551328031 0.04942273455 0.3)
(0.5830720866 0.04699517313 0.3)
(0.6145499289 0.044420401 0.3)
(0.6457622212 0.04170964128 0.3)
(0.6767037253 0.03887105619 0.3)
(0.7073873017 0.03591720945 0.3)
(0.7378073576 0.03285989211 0.3)
(0.7679693905 0.02970807511 0.3)
(0.7978794856 0.02646444417 0.3)
(0.82752802 0.02313399625 0.3)
(0.8569298413 0.01971246479 0.3)
(0.8860760084 0.0162006904 0.3)
(0.9149734303 0.01263900396 0.3)
(0.9436251547 0.008970366649 0.3)
(0.9719418302 0.004643287593 0.3)
(1 0 0.3)
(-0.003778468762 0 0.3)
(-0.0006476226289 0.01021599068 0.3)
(0.003802655867 0.0192667135 0.3)
(0.01189965772 0.02705284221 0.3)
(0.02179704615 0.0342648256 0.3)
(0.03300528638 0.04013970989 0.3)
(0.04550974476 0.04516031905 0.3)
(0.0587582571 0.049279817 0.3)
(0.07397559273 0.05299156936 0.3)
(0.08964542557 0.05598942284 0.3)
(0.1067300389 0.05841087387 0.3)
(0.1253246956 0.06043502493 0.3)
(0.1447818315 0.06193513287 0.3)
(0.1655116692 0.0630193778 0.3)
(0.1875811353 0.0637156961 0.3)
(0.2110696903 0.06405474085 0.3)
(0.2360634885 0.06407754687 0.3)
(0.262727022 0.06383213643 0.3)
(0.2891099503 0.06338065303 0.3)
(0.3193524039 0.06311476374 0.3)
(0.3531137829 0.06272177147 0.3)
(0.3872107759 0.06181922257 0.3)
(0.4203858566 0.06059459481 0.3)
(0.4533522219 0.05905700708 0.3)
(0.4860944994 0.05723790245 0.3)
(0.5184977299 0.05521268782 0.3)
(0.5505268536 0.05299798532 0.3)
(0.5823448422 0.05060832169 0.3)
(0.6138926315 0.0480709327 0.3)
(0.6451711833 0.0453971695 0.3)
(0.67617554 0.04259529501 0.3)
(0.7069188171 0.03967794884 0.3)
(0.7373956639 0.03665697921 0.3)
(0.7676117985 0.03354139975 0.3)
(0.7975735098 0.03033392856 0.3)
(0.8272713678 0.02703958415 0.3)
(0.85672039 0.02365411671 0.3)
(0.8859117993 0.02017837548 0.3)
(0.9148526506 0.01665268146 0.3)
(0.9435461269 0.01302001554 0.3)
(0.9719030327 0.008729073475 0.3)
(1 0.004121965929 0.3)
(-0.008364593998 0 0.3)
(-0.005306480049 0.01076011089 0.3)
(-0.0008414281121 0.02030117058 0.3)
(0.007335171932 0.02852204166 0.3)
(0.01735982271 0.03611435386 0.3)
(0.0287287398 0.04231899344 0.3)
(0.04141588994 0.04762324314 0.3)
(0.05486051716 0.05198544958 0.3)
(0.0702801935 0.0559040155 0.3)
(0.08615426932 0.05907797022 0.3)
(0.1034410502 0.06164946303 0.3)
(0.1222332672 0.06380180709 0.3)
(0.1418819763 0.06541214389 0.3)
(0.1627962238 0.06659199083 0.3)
(0.1850423927 0.06737222997 0.3)
(0.2086997603 0.06778606923 0.3)
(0.2338545641 0.06787674468 0.3)
(0.2606715427 0.06769416948 0.3)
(0.287201623 0.06730210514 0.3)
(0.3175837588 0.06709347032 0.3)
(0.3514781065 0.06675691892 0.3)
(0.3857033376 0.06591121407 0.3)
(0.4189985876 0.06473972315 0.3)
(0.4520780981 0.06325308195 0.3)
(0.4849269746 0.06148319696 0.3)
(0.5174307606 0.05950583167 0.3)
(0.5495548456 0.05733791556 0.3)
(0.5814625446 0.05499422223 0.3)
(0.6130952058 0.05250217827 0.3)
(0.6444541533 0.04987329031 0.3)
(0.6755347703 0.04711594354 0.3)
(0.7063504813 0.04424286976 0.3)
(0.73689623 0.04126598662 0.3)
(0.7671780025 0.03819435963 0.3)
(0.7972023344 0.03503074624 0.3)
(0.8269600304 0.03178019118 0.3)
(0.8564663138 0.02843846497 0.3)
(0.8857126069 0.02500642739 0.3)
(0.9147061416 0.02152438747 0.3)
(0.9434502651 0.01793535007 0.3)
(0.9718559712 0.01368823748 0.3)
(1 0.009125011649 0.3)
(-0.01393101415 0 0.3)
(-0.01096104751 0.01142068157 0.3)
(-0.006477946174 0.02155701762 0.3)
(0.001795371972 0.03030567348 0.3)
(0.01197458175 0.03835971321 0.3)
(0.02353860397 0.04496468483 0.3)
(0.03644756978 0.05061328368 0.3)
(0.05013029559 0.05527014759 0.3)
(0.06579561827 0.05943979376 0.3)
(0.08191764095 0.06282754248 0.3)
(0.09944984172 0.06558119096 0.3)
(0.1184818793 0.06788916352 0.3)
(0.1383631346 0.06963331703 0.3)
(0.1595012272 0.07092921988 0.3)
(0.1819618803 0.07181132972 0.3)
(0.2058241486 0.07231595565 0.3)
(0.2311743715 0.07248900574 0.3)
(0.2581775866 0.07238268834 0.3)
(0.2848862591 0.07206272895 0.3)
(0.3154379149 0.07192356544 0.3)
(0.3494936283 0.07165549151 0.3)
(0.3838744773 0.07087874718 0.3)
(0.4173155512 0.06977171633 0.3)
(0.4505323585 0.06834687506 0.3)
(0.4835105848 0.06663669249 0.3)
(0.5161363842 0.06471736509 0.3)
(0.5483756914 0.06260619553 0.3)
(0.5803922387 0.06031825722 0.3)
(0.6121278745 0.05788120841 0.3)
(0.6435843628 0.05530674459 0.3)
(0.6747575004 0.05260339946 0.3)
(0.7056610874 0.0497840168 0.3)
(0.7362904247 0.04686059863 0.3)
(0.7666518235 0.04384227351 0.3)
(0.7967521193 0.04073184671 0.3)
(0.8265824013 0.03753439482 0.3)
(0.8561581431 0.03424571316 0.3)
(0.8854710088 0.03086667432 0.3)
(0.9145284452 0.02743757285 0.3)
(0.9433339988 0.02390144274 0.3)
(0.9717988934 0.0197074813 0.3)
(1 0.01519747001 0.3)
(-0.02068726955 0 0.3)
(-0.01782409809 0.01222266219 0.3)
(-0.01331891527 0.0230817061 0.3)
(-0.00492804971 0.03247113171 0.3)
(0.005438894911 0.04108574541 0.3)
(0.01723984903 0.04817675469 0.3)
(0.03041815186 0.05424342565 0.3)
(0.04438996421 0.05925803312 0.3)
(0.0603535215 0.06373251664 0.3)
(0.07677655875 0.06737983305 0.3)
(0.09460669534 0.07035463544 0.3)
(0.1139298614 0.07285155248 0.3)
(0.1340934057 0.07475816489 0.3)
(0.1555032161 0.07619495846 0.3)
(0.1782242154 0.07720073118 0.3)
(0.2023351889 0.07781555651 0.3)
(0.2279225994 0.07808858599 0.3)
(0.2551518478 0.07807481397 0.3)
(0.2820772668 0.07784234996 0.3)
(0.3128346488 0.07778747583 0.3)
(0.3470861828 0.07760247568 0.3)
(0.3816558672 0.07690938211 0.3)
(0.415273888 0.07588053842 0.3)
(0.4486572904 0.07453065312 0.3)
(0.481792464 0.07289287848 0.3)
(0.5145663044 0.07104393674 0.3)
(0.5469454081 0.06900158374 0.3)
(0.5790940141 0.06678125697 0.3)
(0.610954578 0.06441089608 0.3)
(0.6425293983 0.06190242592 0.3)
(0.6738147737 0.05926456062 0.3)
(0.7048249602 0.05651027999 0.3)
(0.7355556924 0.05365168859 0.3)
(0.7660136762 0.05069799162 0.3)
(0.7962061114 0.0476520525 0.3)
(0.8261244324 0.04451898662 0.3)
(0.8557844167 0.04129461942 0.3)
(0.885178022 0.03797983915 0.3)
(0.914312956 0.03461492288 0.3)
(0.9431930072 0.03114294 0.3)
(0.9717296785 0.0270134217 0.3)
(1 0.02256793045 0.3)
(-0.02888769023 0 0.3)
(-0.02615385616 0.0131963795 0.3)
(-0.02162161558 0.02493289136 0.3)
(-0.01308784735 0.0351003028 0.3)
(-0.002492835072 0.04439553706 0.3)
(0.009595876296 0.05207667271 0.3)
(0.02310124627 0.0586509528 0.3)
(0.03742407632 0.06409992314 0.3)
(0.05374973554 0.06894453353 0.3)
(0.07053823083 0.07290701088 0.3)
(0.0887300715 0.07615033075 0.3)
(0.1084066631 0.07887665328 0.3)
(0.1289128882 0.08098050738 0.3)
(0.1506525341 0.08258834806 0.3)
(0.1736895523 0.08374424201 0.3)
(0.1981024016 0.08449283226 0.3)
(0.223977695 0.08488720749 0.3)
(0.2514812747 0.08498574395 0.3)
(0.2786697401 0.08485944495 0.3)
(0.3096767803 0.08490683073 0.3)
(0.3441659366 0.08482260133 0.3)
(0.3789647528 0.08423096509 0.3)
(0.4127974739 0.08329694552 0.3)
(0.4463830086 0.08203795889 0.3)
(0.4797086018 0.08048798699 0.3)
(0.5126620489 0.07872439062 0.3)
(0.5452107504 0.07676547593 0.3)
(0.5775195602 0.07462712261 0.3)
(0.6095316715 0.07233761215 0.3)
(0.6412500314 0.06990914802 0.3)
(0.6726715481 0.06735066354 0.3)
(0.7038110314 0.06467530388 0.3)
(0.7346647421 0.06189529823 0.3)
(0.7652398655 0.05901994496 0.3)
(0.7955440437 0.05605217824 0.3)
(0.8255691304 0.05299716068 0.3)
(0.8553312717 0.04985075442 0.3)
(0.884822782 0.04661386686 0.3)
(0.9140516857 0.04332675391 0.3)
(0.9430220653 0.03993252807 0.3)
(0.9716457623 0.03588112583 0.3)
(1 0.03151384393 0.3)
(-0.03884096987 0 0.3)
(-0.03626369875 0.01437869001 0.3)
(-0.03169823915 0.02718064255 0.3)
(-0.02299068477 0.03829270449 0.3)
(-0.01211855426 0.04841437145 0.3)
(0.0003196892001 0.0568120646 0.3)
(0.01422227151 0.06400271155 0.3)
(0.02897135374 0.06997911298 0.3)
(0.04573669034 0.07527315696 0.3)
(0.0629689098 0.07961832379 0.3)
(0.08159989307 0.08318769202 0.3)
(0.1017055551 0.08619256454 0.3)
(0.1226277868 0.0885359049 0.3)
(0.1447678261 0.09035141432 0.3)
(0.1681884469 0.09168955529 0.3)
(0.1929677123 0.09260051795 0.3)
(0.2191924182 0.09314217031 0.3)
(0.2470289429 0.09337699391 0.3)
(0.2745366375 0.09337950476 0.3)
(0.305846638 0.09355094022 0.3)
(0.3406241276 0.09358893276 0.3)
(0.3757009531 0.09312033159 0.3)
(0.409794165 0.09230129349 0.3)
(0.4436249311 0.09115251847 0.3)
(0.477181535 0.08970899578 0.3)
(0.510352865 0.08804886172 0.3)
(0.5431072973 0.08619109091 0.3)
(0.5756104331 0.08415210017 0.3)
(0.6078063608 0.08196058629 0.3)
(0.6396988153 0.07962909127 0.3)
(0.6712854451 0.07716681482 0.3)
(0.7025817318 0.0745871031 0.3)
(0.7335845758 0.07190233685 0.3)
(0.7643017443 0.06912192778 0.3)
(0.7947414162 0.06624889615 0.3)
(0.8248959544 0.0632884621 0.3)
(0.8547819528 0.06023653253 0.3)
(0.8843921587 0.05709403818 0.3)
(0.9137349812 0.05390120952 0.3)
(0.9428148595 0.05060121145 0.3)
(0.9715440465 0.04664447256 0.3)
(1 0.04237196719 0.3)
(-0.05092178616 0 0.3)
(-0.04853392403 0.0158143981 0.3)
(-0.04392758849 0.02991013861 0.3)
(-0.0350086033 0.04216931499 0.3)
(-0.02379967702 0.05329454967 0.3)
(-0.01093679622 0.06256239375 0.3)
(0.003448247934 0.07050153315 0.3)
(0.01871499475 0.07711843258 0.3)
(0.03601424906 0.08295825938 0.3)
(0.05378525875 0.08776815533 0.3)
(0.07294943419 0.09173346388 0.3)
(0.09357602819 0.09507658703 0.3)
(0.1150033018 0.09771072769 0.3)
(0.1376294004 0.09977838379 0.3)
(0.1615156698 0.1013377821 0.3)
(0.1867396936 0.1024458466 0.3)
(0.2133884909 0.1031662472 0.3)
(0.2416290913 0.1035664491 0.3)
(0.269524186 0.1037252323 0.3)
(0.3012018127 0.1040471323 0.3)
(0.3363291477 0.1042333413 0.3)
(0.3717432603 0.1039139136 0.3)
(0.4061524929 0.1032342702 0.3)
(0.4402807515 0.1022190926 0.3)
(0.474117581 0.1009045938 0.3)
(0.5075531967 0.09936985201 0.3)
(0.5405571605 0.09763465394 0.3)
(0.5732959803 0.095716069 0.3)
(0.6057148323 0.0936432986 0.3)
(0.6378184078 0.0914292962 0.3)
(0.6696052539 0.08908358531 0.3)
(0.7010916687 0.08661975647 0.3)
(0.7322753288 0.08405037476 0.3)
(0.7631647081 0.08138498986 0.3)
(0.7937686374 0.07862672686 0.3)
(0.824080098 0.075780876 0.3)
(0.8541162277 0.07284339877 0.3)
(0.8838702992 0.06981525458 0.3)
(0.9133511888 0.06673664316 0.3)
(0.9425637687 0.0635507933 0.3)
(0.9714207917 0.05970873101 0.3)
(1 0.05555103951 0.3)
(-0.06558490498 0 0.3)
(-0.06342602559 0.01755798799 0.3)
(-0.0587692573 0.03322496063 0.3)
(-0.04959291457 0.04687724935 0.3)
(-0.03797454926 0.05922127839 0.3)
(-0.02459568646 0.0695459001 0.3)
(-0.009624545655 0.07839407756 0.3)
(0.006270959703 0.08578886505 0.3)
(0.02421863837 0.0922915521 0.3)
(0.04264392853 0.09766586601 0.3)
(0.06245553509 0.1021120403 0.3)
(0.0837146274 0.1058659515 0.3)
(0.1057550633 0.1088532334 0.3)
(0.1289712367 0.1112270631 0.3)
(0.1534227619 0.1130550933 0.3)
(0.1791866421 0.1144024231 0.3)
(0.2063501682 0.1153397656 0.3)
(0.2350811615 0.1159406359 0.3)
(0.2634463681 0.1162889904 0.3)
(0.2955700656 0.1167933685 0.3)
(0.3311218496 0.1171592828 0.3)
(0.3669451285 0.1170206784 0.3)
(0.40173771 0.1165099835 0.3)
(0.4362268183 0.1156567065 0.3)
(0.4704035303 0.1144985468 0.3)
(0.5041596733 0.1131157271 0.3)
(0.5374662486 0.1115290208 0.3)
(0.5704908662 0.1097562902 0.3)
(0.6031800228 0.1078273503 0.3)
(0.6355395715 0.1057556545 0.3)
(0.6675691509 0.1035511201 0.3)
(0.6992860505 0.1012276349 0.3)
(0.7306888895 0.09879798848 0.3)
(0.7617870003 0.09627189832 0.3)
(0.7925900055 0.09365261732 0.3)
(0.823091637 0.09094552125 0.3)
(0.8533096931 0.08814663831 0.3)
(0.8832380849 0.08525696301 0.3)
(0.9128862559 0.08231665817 0.3)
(0.9422596045 0.07926903039 0.3)
(0.9712714897 0.07556583115 0.3)
(1 0.07154716915 0.3)
(-0.08338229952 0 0.3)
(-0.08150000363 0.01967574134 0.3)
(-0.07678081517 0.03725111767 0.3)
(-0.06729102444 0.05259547758 0.3)
(-0.05517474045 0.06641986959 0.3)
(-0.04116875262 0.07802808561 0.3)
(-0.02548548807 0.08798042567 0.3)
(-0.008826174472 0.09632008689 0.3)
(0.009909091288 0.1036279336 0.3)
(0.02912899112 0.1096878295 0.3)
(0.04972681334 0.1147180862 0.3)
(0.0717539201 0.1189709395 0.3)
(0.09453882845 0.1223871149 0.3)
(0.1184713821 0.1251327551 0.3)
(0.1436090963 0.1272869564 0.3)
(0.1700282721 0.1289247426 0.3)
(0.1978165324 0.130125378 0.3)
(0.2271426605 0.130969722 0.3)
(0.2560783253 0.1315480152 0.3)
(0.2887432415 0.1322736573 0.3)
(0.3248099413 0.1328574054 0.3)
(0.3611295273 0.1329379271 0.3)
(0.3963870724 0.1326319372 0.3)
(0.4313138204 0.1319747939 0.3)
(0.4659027093 0.1310060024 0.3)
(0.5000475243 0.1298071762 0.3)
(0.5337210153 0.1284002879 0.3)
(0.5670921311 0.1268041636 0.3)
(0.6001089725 0.1250493639 0.3)
(0.6327788036 0.1231499505 0.3)
(0.665102589 0.1211163199 0.3)
(0.6970988222 0.1189627214 0.3)
(0.7287672675 0.1167022177 0.3)
(0.7601182998 0.1143447312 0.3)
(0.7911625033 0.1118936704 0.3)
(0.821894522 0.1093545157 0.3)
(0.8523329562 0.1067233768 0.3)
(0.8824724923 0.1040012913 0.3)
(0.9123232627 0.1012283778 0.3)
(0.9418913049 0.09834803778 0.3)
(0.9710907145 0.09481290368 0.3)
(1 0.09096250865 0.3)
(-0.1049839285 0 0.3)
(-0.1034353553 0.02224833068 0.3)
(-0.09863862562 0.04214197667 0.3)
(-0.08876679607 0.0595418271 0.3)
(-0.07604474621 0.07516455772 0.3)
(-0.06127633072 0.08833210646 0.3)
(-0.04472762298 0.09962582789 0.3)
(-0.02714027616 0.1091133782 0.3)
(-0.007448248978 0.1173993901 0.3)
(0.01273681031 0.1242921766 0.3)
(0.03428948499 0.1300319988 0.3)
(0.05724923978 0.1348909556 0.3)
(0.0809381147 0.1388280958 0.3)
(0.1057404353 0.1420253041 0.3)
(0.1317111728 0.1445755707 0.3)
(0.1589257797 0.1465659693 0.3)
(0.1874722841 0.148086146 0.3)
(0.2175206396 0.149225877 0.3)
(0.2471484914 0.150083032 0.3)
(0.2804700171 0.151076911 0.3)
(0.3171613138 0.1519246374 0.3)
(0.3540828232 0.1522706105 0.3)
(0.3899042373 0.1522125563 0.3)
(0.425361667 0.1517929203 0.3)
(0.4604503116 0.1510534022 0.3)
(0.4950663349 0.1500773061 0.3)
(0.5291846111 0.1488880618 0.3)
(0.5629757163 0.1475056679 0.3)
(0.5963896994 0.1459615915 0.3)
(0.6294355391 0.1442706347 0.3)
(0.6621158105 0.1424437764 0.3)
(0.6944504698 0.1404957067 0.3)
(0.7264406726 0.1384398212 0.3)
(0.7580980601 0.1362862917 0.3)
(0.7894343846 0.134038717 0.3)
(0.820445398 0.1317027052 0.3)
(0.8511506749 0.1292744659 0.3)
(0.8815458436 0.12675509 0.3)
(0.9116418734 0.1241846431 0.3)
(0.9414455778 0.1215066425 0.3)
(0.9708719469 0.1181747904 0.3)
(1 0.1145279221 0.3)
(-0.1312029558 0 0.3)
(-0.1300565206 0.02537400098 0.3)
(-0.125163055 0.04808431052 0.3)
(-0.1148251817 0.06798157362 0.3)
(-0.1013657962 0.08578931743 0.3)
(-0.08567013613 0.1008515239 0.3)
(-0.06806937222 0.1137751201 0.3)
(-0.04935420985 0.124657465 0.3)
(-0.02849969475 0.1341320543 0.3)
(-0.007142139529 0.1420368889 0.3)
(0.01557034601 0.1486388823 0.3)
(0.03966279502 0.1542342517 0.3)
(0.06444939386 0.158804295 0.3)
(0.09030777708 0.1625500107 0.3)
(0.1172898342 0.1655812595 0.3)
(0.1454699924 0.1679997459 0.3)
(0.1749367757 0.1699077211 0.3)
(0.205861561 0.1714057877 0.3)
(0.2363292501 0.1726010774 0.3)
(0.2704473011 0.173920054 0.3)
(0.3078961391 0.1750875687 0.3)
(0.345547541 0.1757549777 0.3)
(0.382052643 0.1759970822 0.3)
(0.4181534456 0.1758649104 0.3)
(0.4538478964 0.1754028296 0.3)
(0.4890350495 0.1746961995 0.3)
(0.5236923609 0.1737702223 0.3)
(0.5579923837 0.1726463218 0.3)
(0.5918875346 0.1713570691 0.3)
(0.6253888753 0.1699181665 0.3)
(0.6585009379 0.1683413028 0.3)
(0.691245456 0.166641705 0.3)
(0.7236252752 0.1648331743 0.3)
(0.7556535755 0.1629261874 0.3)
(0.7873435287 0.1609245754 0.3)
(0.8186922322 0.1588341031 0.3)
(0.8497204449 0.1566511025 0.3)
(0.880424939 0.1543767305 0.3)
(0.9108177007 0.1520509891 0.3)
(0.9409064865 0.1496175375 0.3)
(0.9706073731 0.1465313773 0.3)
(1 0.1431304973 0.3)
(-0.1630263611 0 0.3)
(-0.162363722 0.02917248123 0.3)
(-0.1573489829 0.05530573363 0.3)
(-0.1464419958 0.07823800304 0.3)
(-0.1320845946 0.09870116398 0.3)
(-0.1152607694 0.1160659828 0.3)
(-0.0963806797 0.1309704508 0.3)
(-0.07629454684 0.1435480018 0.3)
(-0.05402726719 0.1544671848 0.3)
(-0.03124507283 0.1636020526 0.3)
(-0.007123602429 0.1712518847 0.3)
(0.01834467409 0.1777421866 0.3)
(0.0444644222 0.183081273 0.3)
(0.07160516531 0.1874933534 0.3)
(0.09981506102 0.1911087739 0.3)
(0.129167299 0.1940470054 0.3)
(0.1597510115 0.1964256049 0.3)
(0.1917393075 0.1983583205 0.3)
(0.2232258997 0.1999635298 0.3)
(0.2583100929 0.2016763937 0.3)
(0.2966775666 0.2032311447 0.3)
(0.3352138559 0.2042875831 0.3)
(0.3725477404 0.2048928655 0.3)
(0.4094283433 0.2051084095 0.3)
(0.4458569533 0.204981826 0.3)
(0.4817361377 0.2046009747 0.3)
(0.51704649 0.203993214 0.3)
(0.5519629676 0.2031817022 0.3)
(0.5864408644 0.2022003538 0.3)
(0.6204937737 0.2010659679 0.3)
(0.6541286061 0.1997910983 0.3)
(0.6873692553 0.1983916262 0.3)
(0.7202206207 0.1968818486 0.3)
(0.7526977525 0.1952726144 0.3)
(0.7848155472 0.1935680393 0.3)
(0.8165727378 0.19177408 0.3)
(0.8479915219 0.1898872193 0.3)
(0.8790700622 0.1879086957 0.3)
(0.9098215802 0.1858784361 0.3)
(0.9402549785 0.183740273 0.3)
(0.9702876539 0.1809507865 0.3)
(1 0.1778469395 0.3)
(-0.2016520932 0 0.3)
(-0.2015703284 0.03378980572 0.3)
(-0.1964027068 0.06408386646 0.3)
(-0.1847998709 0.09070542975 0.3)
(-0.1693479739 0.114396548 0.3)
(-0.151150829 0.1345605391 0.3)
(-0.1307144332 0.1518731361 0.3)
(-0.1089612149 0.1665115931 0.3)
(-0.08497654882 0.1791870352 0.3)
(-0.06046295694 0.1898173008 0.3)
(-0.03462946908 0.1987409774 0.3)
(-0.007489780125 0.2063191404 0.3)
(0.02024923646 0.2125929151 0.3)
(0.04894727391 0.2178146994 0.3)
(0.07864797276 0.2221397175 0.3)
(0.1094230314 0.2257090155 0.3)
(0.1413623287 0.2286587375 0.3)
(0.174641083 0.2311185944 0.3)
(0.2073637063 0.2332206193 0.3)
(0.2436196107 0.2354105327 0.3)
(0.2831008551 0.2374339557 0.3)
(0.3227096739 0.2389609381 0.3)
(0.3610479551 0.2400053485 0.3)
(0.3988734294 0.2406411736 0.3)
(0.4361914484 0.2409199696 0.3)
(0.4729088504 0.2409326385 0.3)
(0.5090100442 0.2407091625 0.3)
(0.5446729106 0.2402748119 0.3)
(0.5798562415 0.2396651377 0.3)
(0.6145767082 0.2388982756 0.3)
(0.6488441123 0.237987834 0.3)
(0.6826849736 0.2369504933 0.3)
(0.7161066883 0.2358011558 0.3)
(0.7491265797 0.2345511263 0.3)
(0.7817616408 0.2332048688 0.3)
(0.814012593 0.2317685767 0.3)
(0.8459033826 0.2302389185 0.3)
(0.877433862 0.2286172343 0.3)
(0.908618755 0.2269433622 0.3)
(0.9394683568 0.2251613471 0.3)
(0.9699016683 0.2227296873 0.3)
(1 0.2199841018 0.3)
(-0.2485341652 0 0.3)
(-0.2491481061 0.0394042742 0.3)
(-0.2437865455 0.07475766473 0.3)
(-0.2313316296 0.1058652902 0.3)
(-0.2145446167 0.1334816245 0.3)
(-0.1946746987 0.1570495569 0.3)
(-0.1723441454 0.1772906854 0.3)
(-0.1485629804 0.1944355005 0.3)
(-0.1224899429 0.2092468494 0.3)
(-0.09587156556 0.2216957548 0.3)
(-0.06795737415 0.2321685504 0.3)
(-0.03878679672 0.2410695158 0.3)
(-0.00908068706 0.2484796276 0.3)
(0.0215087384 0.2546855211 0.3)
(0.05301965617 0.2598726365 0.3)
(0.08552197019 0.264208224 0.3)
(0.1191064783 0.2678510019 0.3)
(0.1539509691 0.2709500667 0.3)
(0.1881728484 0.2736540338 0.3)
(0.2258495263 0.2764214468 0.3)
(0.266680807 0.2790117519 0.3)
(0.3075891944 0.28110744 0.3)
(0.3471442959 0.2826823684 0.3)
(0.3861142336 0.2838257182 0.3)
(0.424509302 0.2845938469 0.3)
(0.462241534 0.2850813604 0.3)
(0.4992999782 0.2853214363 0.3)
(0.5358660732 0.2853419177 0.3)
(0.5719028644 0.2851803506 0.3)
(0.6074307659 0.2848565012 0.3)
(0.6424630955 0.2843852651 0.3)
(0.6770295661 0.2837842992 0.3)
(0.7111406102 0.2830692467 0.3)
(0.7448163151 0.2822519711 0.3)
(0.7780762235 0.2813373648 0.3)
(0.8109234736 0.2803319126 0.3)
(0.8433841386 0.2792325126 0.3)
(0.8754601255 0.2780406323 0.3)
(0.9071679841 0.2767960052 0.3)
(0.9385197032 0.2754429377 0.3)
(0.9694362332 0.2734422586 0.3)
(1 0.2711281804 0.3)
(-0.3054373891 0 0.3)
(-0.3068819968 0.04623384571 0.3)
(-0.3012727008 0.08774147304 0.3)
(-0.2877725335 0.1243061074 0.3)
(-0.2693551955 0.1566974002 0.3)
(-0.2474462492 0.1844063608 0.3)
(-0.2228090156 0.2082103381 0.3)
(-0.1965597695 0.2284045122 0.3)
(-0.1679462364 0.2458145738 0.3)
(-0.1387683127 0.2604761574 0.3)
(-0.1083246284 0.2728336008 0.3)
(-0.07668580292 0.2833436688 0.3)
(-0.04458962179 0.2921357481 0.3)
(-0.0117027248 0.2995380644 0.3)
(0.02200645993 0.3057727628 0.3)
(0.05660568127 0.3110389238 0.3)
(0.09218687133 0.3155226853 0.3)
(0.128930953 0.3193966898 0.3)
(0.1649711148 0.3228296916 0.3)
(0.2043702063 0.3262958058 0.3)
(0.2468374371 0.329571264 0.3)
(0.2893199133 0.3323536576 0.3)
(0.3303485912 0.3345688575 0.3)
(0.3707041232 0.3363243975 0.3)
(0.4104028199 0.3376824808 0.3)
(0.4493630346 0.3387422259 0.3)
(0.4875794619 0.3395407042 0.3)
(0.5252378713 0.3401088955 0.3)
(0.5623064827 0.3404867804 0.3)
(0.5988102639 0.3406961156 0.3)
(0.6347668102 0.3407533698 0.3)
(0.6702097195 0.340677395 0.3)
(0.7051531174 0.3404847427 0.3)
(0.7396204537 0.3401879629 0.3)
(0.7736343724 0.3397924748 0.3)
(0.8072009517 0.3393051241 0.3)
(0.8403488518 0.3387230938 0.3)
(0.8730824787 0.3380480115 0.3)
(0.9054206033 0.3373194892 0.3)
(0.9373772742 0.336482155 0.3)
(0.968875812 0.334999671 0.3)
(1 0.3332044245 0.3)
(-0.3745038092 0 0.3)
(-0.3769363878 0.05454534803 0.3)
(-0.3710082209 0.1035425289 0.3)
(-0.3562231173 0.1467483587 0.3)
(-0.3358124942 0.1849510584 0.3)
(-0.3114158616 0.2177001774 0.3)
(-0.2839676309 0.2458408527 0.3)
(-0.2547129403 0.2697468902 0.3)
(-0.2230074334 0.2903203542 0.3)
(-0.1907156973 0.3076753888 0.3)
(-0.1571958919 0.3223268111 0.3)
(-0.1225564332 0.3347951582 0.3)
(-0.08755560296 0.3452686339 0.3)
(-0.05187750029 0.3541259958 0.3)
(-0.01549852938 0.3616339837 0.3)
(0.02164647676 0.3680303489 0.3)
(0.0596508546 0.3735345404 0.3)
(0.0986993533 0.3783478034 0.3)
(0.1369443337 0.3826633535 0.3)
(0.1784309839 0.3869742181 0.3)
(0.2228799345 0.3910770079 0.3)
(0.2672681541 0.3946876438 0.3)
(0.3100804653 0.3976746036 0.3)
(0.3521126078 0.4001675644 0.3)
(0.3933882197 0.4022358518 0.3)
(0.4338333481 0.4039840864 0.3)
(0.4734495613 0.4054540882 0.3)
(0.5124279044 0.4066806651 0.3)
(0.5507428951 0.4077067714 0.3)
(0.5884250445 0.4085565972 0.3)
(0.625497154 0.4092485366 0.3)
(0.6619975502 0.4098029062 0.3)
(0.6979448532 0.4102373735 0.3)
(0.7333666053 0.4105653333 0.3)
(0.7682892245 0.4107928559 0.3)
(0.8027223669 0.4109272345 0.3)
(0.8366978409 0.4109660072 0.3)
(0.8702230932 0.4109110043 0.3)
(0.9033195978 0.4108016979 0.3)
(0.9360039095 0.4105831134 0.3)
(0.9682022315 0.4097223581 0.3)
(1 0.4085496101 0.3)
(-0.458333337 0 0.3)
(-0.4619352312 0.06466600207 0.3)
(-0.455593249 0.1227828659 0.3)
(-0.4392245969 0.1740755939 0.3)
(-0.4163732962 0.2193551639 0.3)
(-0.3889383554 0.2582423757 0.3)
(-0.3580616844 0.291664822 0.3)
(-0.3251446834 0.3200919008 0.3)
(-0.28967385 0.3445185184 0.3)
(-0.2535921733 0.3651542375 0.3)
(-0.2163299635 0.3825995333 0.3)
(-0.1780414204 0.3974524468 0.3)
(-0.1395096232 0.4099726584 0.3)
(-0.1004397926 0.4206003351 0.3)
(-0.06081795445 0.429656408 0.3)
(-0.02058202576 0.4374256197 0.3)
(0.02036307533 0.4441678952 0.3)
(0.06220677434 0.4501192312 0.3)
(0.1031247266 0.4555025598 0.3)
(0.1471406995 0.4608338805 0.3)
(0.1939891948 0.4659345488 0.3)
(0.2406834276 0.4705427344 0.3)
(0.2856533746 0.474458507 0.3)
(0.329712909 0.4778382251 0.3)
(0.3728945992 0.4807598995 0.3)
(0.4151338641 0.4833348651 0.3)
(0.4564406457 0.4856107393 0.3)
(0.4970124205 0.4876270067 0.3)
(0.5368313757 0.4894302591 0.3)
(0.5759347739 0.4910476654 0.3)
(0.6143517567 0.4924999799 0.3)
(0.6521264096 0.4938093186 0.3)
(0.6892828262 0.4949947224 0.3)
(0.7258535318 0.4960706297 0.3)
(0.7618695404 0.4970439168 0.3)
(0.797344864 0.4979224353 0.3)
(0.8323151445 0.4987041674 0.3)
(0.8667915307 0.4993912019 0.3)
(0.9007987874 0.500022852 0.3)
(0.934356521 0.5005446359 0.3)
(0.9673944419 0.5004278516 0.3)
(1 0.500000004 0.3)
(-0.5504775082 0 0.3)
(-0.5553269512 0.07583165191 0.3)
(-0.548496224 0.1440097016 0.3)
(-0.5303566547 0.204224487 0.3)
(-0.5047956214 0.2573122761 0.3)
(-0.4739971411 0.3029724352 0.3)
(-0.4393309968 0.3422234161 0.3)
(-0.4023701638 0.3756398924 0.3)
(-0.362744807 0.4043190018 0.3)
(-0.3224839451 0.4285753518 0.3)
(-0.2810970636 0.4491037153 0.3)
(-0.2387885712 0.4665874504 0.3)
(-0.1963687023 0.4813649149 0.3)
(-0.1535658066 0.4939438715 0.3)
(-0.1103764106 0.5047048998 0.3)
(-0.06674175817 0.5139844632 0.3)
(-0.0225647974 0.5220870335 0.3)
(0.0223490782 0.5292868504 0.3)
(0.06620115926 0.535839543 0.3)
(0.1129916884 0.5422863836 0.3)
(0.162470425 0.5484759387 0.3)
(0.2116904273 0.5541708351 0.3)
(0.2590228394 0.5590975346 0.3)
(0.3053012407 0.563441477 0.3)
(0.3505680616 0.5672902703 0.3)
(0.3947690651 0.5707626759 0.3)
(0.4379234361 0.5739127258 0.3)
(0.4802357557 0.576785084 0.3)
(0.5216966738 0.5794303755 0.3)
(0.5623509036 0.5818790761 0.3)
(0.6022345831 0.5841545639 0.3)
(0.6413981523 0.5862809594 0.3)
(0.6798717437 0.588278838 0.3)
(0.7176933805 0.5901638075 0.3)
(0.7548991473 0.5919436505 0.3)
(0.7915078611 0.5936268512 0.3)
(0.8275593933 0.5952118972 0.3)
(0.8630689762 0.5967011765 0.3)
(0.8980650046 0.5981338422 0.3)
(0.9325704511 0.5994559667 0.3)
(0.9665188918 0.6001434664 0.3)
(1 0.6005209183 0.3)
(-0.6496290554 0 0.3)
(-0.6557767678 0.0878945933 0.3)
(-0.6483804905 0.1669422019 0.3)
(-0.6282998813 0.2367962196 0.3)
(-0.599791491 0.2983204503 0.3)
(-0.5653457519 0.3512990936 0.3)
(-0.526577408 0.3968486329 0.3)
(-0.4852438413 0.4356572599 0.3)
(-0.4411296151 0.4689323307 0.3)
(-0.3963561468 0.4971016745 0.3)
(-0.3505179644 0.5209617009 0.3)
(-0.3038733678 0.5412877217 0.3)
(-0.2572616935 0.5585028845 0.3)
(-0.2104360759 0.5731878007 0.3)
(-0.1634042532 0.5857873301 0.3)
(-0.1161109751 0.5966936708 0.3)
(-0.06845700951 0.606259295 0.3)
(-0.02024212737 0.6147996456 0.3)
(0.02676258234 0.6226055739 0.3)
(0.07653207227 0.6302455731 0.3)
(0.1288325325 0.637597504 0.3)
(0.1807598962 0.644450312 0.3)
(0.2306237005 0.650453108 0.3)
(0.279278465 0.6558223361 0.3)
(0.3267772866 0.6606559901 0.3)
(0.3730771087 0.6650808774 0.3)
(0.418207107 0.6691579814 0.3)
(0.4623795491 0.6729375846 0.3)
(0.5055942292 0.6764746937 0.3)
(0.5479039121 0.6798033802 0.3)
(0.5893522957 0.68294988 0.3)
(0.6299966872 0.6859405023 0.3)
(0.6698737429 0.6887975022 0.3)
(0.7090274266 0.691537772 0.3)
(0.7474993007 0.694170094 0.3)
(0.7853133731 0.6967036545 0.3)
(0.8225140841 0.6991375047 0.3)
(0.8591210767 0.7014743733 0.3)
(0.8951666674 0.7037532572 0.3)
(0.9306774644 0.7059208405 0.3)
(0.9655912163 0.7074580226 0.3)
(1 0.7086862427 0.3)
(-0.7563208752 0 0.3)
(-0.7638144641 0.1009306679 0.3)
(-0.7557637328 0.1917245105 0.3)
(-0.7335534271 0.2719955802 0.3)
(-0.7018370026 0.3426376849 0.3)
(-0.6634342996 0.4035266463 0.3)
(-0.6202233729 0.4558847397 0.3)
(-0.5741597836 0.5005225812 0.3)
(-0.5251940101 0.5387663722 0.3)
(-0.4755466947 0.5711659935 0.3)
(-0.4249036969 0.5986274148 0.3)
(-0.3735811495 0.6220250659 0.3)
(-0.3224495661 0.6418734821 0.3)
(-0.271288632 0.6588317935 0.3)
(-0.2201180477 0.6734141395 0.3)
(-0.1688862503 0.6860727844 0.3)
(-0.1174915917 0.6972119275 0.3)
(-0.06572773737 0.7071914084 0.3)
(-0.01533601444 0.7163400241 0.3)
(0.03763134426 0.7252555892 0.3)
(0.09295822367 0.7338475021 0.3)
(0.1477866946 0.7419330312 0.3)
(0.2003619699 0.7490802005 0.3)
(0.2515607962 0.7555384825 0.3)
(0.3014478107 0.7614171154 0.3)
(0.3499920444 0.7668516266 0.3)
(0.3972334768 0.7719105371 0.3)
(0.443392694 0.7766502276 0.3)
(0.4884793738 0.7811304672 0.3)
(0.5325549851 0.7853892406 0.3)
(0.5756713973 0.7894558986 0.3)
(0.6178933401 0.793359142 0.3)
(0.6592645208 0.7971230667 0.3)
(0.6998353231 0.8007659777 0.3)
(0.7396532292 0.8042977604 0.3)
(0.7787478556 0.8077283821 0.3)
(0.8171685806 0.8110575237 0.3)
(0.8549398125 0.8142883012 0.3)
(0.8920981049 0.8174595627 0.3)
(0.9286739945 0.8205186681 0.3)
(0.9646097339 0.8229518944 0.3)
(1 0.825077319 0.3)
(-0.8711263898 0 0.3)
(-0.8800090114 0.1150226857 0.3)
(-0.8712009155 0.2185140111 0.3)
(-0.8466514296 0.3100461734 0.3)
(-0.8114407014 0.3905456987 0.3)
(-0.7687426715 0.4599873899 0.3)
(-0.7207184063 0.5197077116 0.3)
(-0.6695364265 0.5706493321 0.3)
(-0.6153254828 0.6142666201 0.3)
(-0.5604127558 0.651241043 0.3)
(-0.5045821758 0.6825966875 0.3)
(-0.4482119243 0.7093148377 0.3)
(-0.3922059045 0.7320085402 0.3)
(-0.3363722331 0.7514215651 0.3)
(-0.2807433654 0.7681427286 0.3)
(-0.2252716072 0.7826890372 0.3)
(-0.1698526297 0.7955204387 0.3)
(-0.114273465 0.8070446161 0.3)
(-0.06024336699 0.8176312494 0.3)
(-0.003843789592 0.8279097393 0.3)
(0.05472820968 0.8378234389 0.3)
(0.1126643503 0.8472200959 0.3)
(0.1681429082 0.8555829672 0.3)
(0.2220641925 0.8631966786 0.3)
(0.2745053311 0.870182647 0.3)
(0.3254484287 0.8766858556 0.3)
(0.3749451503 0.8827830026 0.3)
(0.4232250893 0.8885370911 0.3)
(0.4703086093 0.8940130702 0.3)
(0.5162665915 0.8992531859 0.3)
(0.5611597409 0.9042901874 0.3)
(0.6050608124 0.9091553906 0.3)
(0.6480211361 0.9138749113 0.3)
(0.690098036 0.9184686095 0.3)
(0.7313453939 0.9229475897 0.3)
(0.7717988883 0.927322689 0.3)
(0.8115132352 0.9315942926 0.3)
(0.850517993 0.9357659575 0.3)
(0.8888542954 0.9398763941 0.3)
(0.9265569241 0.9438737092 0.3)
(0.9635729958 0.9472499853 0.3)
(1 0.9503196989 0.3)
(-0.9946626293 0 0.3)
(-1.004971376 0.1302611443 0.3)
(-0.9952867888 0.2474826944 0.3)
(-0.968165205 0.3511923627 0.3)
(-0.9291454543 0.4423523825 0.3)
(-0.881782091 0.5210445183 0.3)
(-0.8285403413 0.588728516 0.3)
(-0.771817544 0.6464895056 0.3)
(-0.7119339777 0.6959200991 0.3)
(-0.6513311942 0.7378436508 0.3)
(-0.589898414 0.7734116077 0.3)
(-0.5280803754 0.8037204638 0.3)
(-0.4668167256 0.8294894698 0.3)
(-0.4059460161 0.8515536466 0.3)
(-0.3455142898 0.870582315 0.3)
(-0.2854779014 0.8871622718 0.3)
(-0.2257295438 0.9018135557 0.3)
(-0.1660490368 0.9149954116 0.3)
(-0.1081110674 0.9271215721 0.3)
(-0.04802849539 0.9388554664 0.3)
(0.01402214809 0.9501770062 0.3)
(0.07528600957 0.9609667389 0.3)
(0.1338719765 0.9706195868 0.3)
(0.1907053018 0.9794575544 0.3)
(0.245876638 0.9876152555 0.3)
(0.2993822349 0.995247932 0.3)
(0.3512864021 1.002441158 0.3)
(0.4018284894 1.009265133 0.3)
(0.4510404176 1.015790443 0.3)
(0.49900325 1.02206398 0.3)
(0.5457872476 1.028122202 0.3)
(0.5914738464 1.033999288 0.3)
(0.6361226194 1.039723573 0.3)
(0.6797983962 1.045316629 0.3)
(0.7225619789 1.050790911 0.3)
(0.7644556 1.056158226 0.3)
(0.8055397477 1.061419748 0.3)
(0.845849548 1.066579536 0.3)
(0.8854310861 1.071676178 0.3)
(0.9243237337 1.076658608 0.3)
(0.9624798602 1.081025177 0.3)
(1 1.085086506 0.3)
(-1.127593547 0 0.3)
(-1.139357511 0.1467450329 0.3)
(-1.128658532 0.2788186852 0.3)
(-1.098705532 0.3957014417 0.3)
(-1.055530373 0.4983945388 0.3)
(-1.003096687 0.5870953608 0.3)
(-0.9441965564 0.6633967835 0.3)
(-0.8814731508 0.7285376573 0.3)
(-0.8154524924 0.7842597316 0.3)
(-0.7486988902 0.8315393778 0.3)
(-0.6812145855 0.8716653903 0.3)
(-0.6135156912 0.9058585006 0.3)
(-0.5465801032 0.934952473 0.3)
(-0.4802789373 0.9598807201 0.3)
(-0.4146726998 0.9813993618 0.3)
(-0.3497219693 1.000170437 0.3)
(-0.2853161255 1.016778764 0.3)
(-0.2212271421 1.031739164 0.3)
(-0.1590924461 1.045512842 0.3)
(-0.09505864895 1.05879989 0.3)
(-0.02928017141 1.071619583 0.3)
(0.03554562631 1.083887768 0.3)
(0.0974560214 1.094907645 0.3)
(0.1574026323 1.105040924 0.3)
(0.2154907624 1.114436524 0.3)
(0.271731971 1.123260824 0.3)
(0.3262042558 1.131609037 0.3)
(0.3791575391 1.139559187 0.3)
(0.430636246 1.147188002 0.3)
(0.4807324584 1.154547439 0.3)
(0.5295267771 1.161678009 0.3)
(0.5771100308 1.168617031 0.3)
(0.62355071 1.175395275 0.3)
(0.6689217636 1.182036208 0.3)
(0.7132914802 1.188553777 0.3)
(0.7567091803 1.194960873 0.3)
(0.7992415964 1.201259554 0.3)
(0.840929875 1.207454453 0.3)
(0.881825457 1.213584056 0.3)
(0.9219726778 1.219598215 0.3)
(0.9613295818 1.225002049 0.3)
(1 1.230102053 0.3)
(-1.27063359 0 0.3)
(-1.283871546 0.1645827326 0.3)
(-1.27199854 0.3127279517 0.3)
(-1.238925026 0.4438660646 0.3)
(-1.191212775 0.5590409483 0.3)
(-1.133265052 0.6585750071 0.3)
(-1.06822515 0.7442049183 0.3)
(-0.9990003133 0.817335435 0.3)
(-0.9263375488 0.8798692268 0.3)
(-0.8529328981 0.9329477124 0.3)
(-0.7789098977 0.9780078279 0.3)
(-0.7048611806 1.016404298 0.3)
(-0.6318055533 1.04909438 0.3)
(-0.5596489583 1.077117592 0.3)
(-0.4884672822 1.101323655 0.3)
(-0.4182254955 1.122455739 0.3)
(-0.3488092869 1.141168505 0.3)
(-0.2799820881 1.158036686 0.3)
(-0.2133411588 1.173572648 0.3)
(-0.1450693789 1.188515992 0.3)
(-0.07529735116 1.202928376 0.3)
(-0.006660566489 1.216763634 0.3)
(0.05880473382 1.229230131 0.3)
(0.1220779884 1.240731699 0.3)
(0.1832803787 1.251432774 0.3)
(0.2424400409 1.26151183 0.3)
(0.2996497958 1.271074558 0.3)
(0.355171029 1.280207495 0.3)
(0.4090616994 1.288994063 0.3)
(0.4614258173 1.297491747 0.3)
(0.5123551754 1.305745493 0.3)
(0.5619507698 1.313796061 0.3)
(0.6102907412 1.321676906 0.3)
(0.6574568257 1.329413584 0.3)
(0.7035254128 1.3370217 0.3)
(0.7485534923 1.344515357 0.3)
(0.7926145534 1.351897604 0.3)
(0.8357562562 1.359173731 0.3)
(0.8780358356 1.366382148 0.3)
(0.9195029971 1.373473725 0.3)
(0.9601219179 1.379960894 0.3)
(1 1.386145736 0.3)
(-1.424551536 0 0.3)
(-1.439269179 0.1838930247 0.3)
(-1.426037346 0.3494362208 0.3)
(-1.389520586 0.4960069688 0.3)
(-1.336850168 0.6246958069 0.3)
(-1.272901772 0.7359603697 0.3)
(-1.201196036 0.8316927057 0.3)
(-1.124923834 0.9134766575 0.3)
(-1.045069497 0.9833885631 0.3)
(-0.9644704 1.042747896 0.3)
(-0.8833802272 1.093151403 0.3)
(-0.8024736241 1.136098351 0.3)
(-0.7228131329 1.17267919 0.3)
(-0.6443419234 1.204047889 0.3)
(-0.567152221 1.231155114 0.3)
(-0.4912135436 1.254831532 0.3)
(-0.4164074634 1.275807116 0.3)
(-0.3424881052 1.294721191 0.3)
(-0.2710094214 1.312141273 0.3)
(-0.1981932607 1.328849533 0.3)
(-0.1241445661 1.344953273 0.3)
(-0.05143225006 1.360447206 0.3)
(0.01783243299 1.374442118 0.3)
(0.08465822045 1.387386471 0.3)
(0.1491835097 1.399461543 0.3)
(0.2114543942 1.410858952 0.3)
(0.2715797543 1.421695781 0.3)
(0.3298334104 1.432067838 0.3)
(0.3862879758 1.442065847 0.3)
(0.4410603797 1.451753333 0.3)
(0.494254534 1.461180097 0.3)
(0.5459824448 1.470390679 0.3)
(0.5963327006 1.479421489 0.3)
(0.6453965508 1.488300397 0.3)
(0.693259155 1.49704485 0.3)
(0.7399858035 1.505670305 0.3)
(0.7856573003 1.514180929 0.3)
(0.8303283542 1.522582761 0.3)
(0.8740624717 1.530914168 0.3)
(0.9169151697 1.539127154 0.3)
(0.9588572551 1.546742051 0.3)
(1 1.554056223 0.3)
(-1.590174627 0 0.3)
(-1.606361288 0.204806222 0.3)
(-1.591556694 0.3891911274 0.3)
(-1.551235928 0.5524760313 0.3)
(-1.493142237 0.6958025824 0.3)
(-1.422658902 0.8197747435 0.3)
(-1.343711924 0.9264524839 0.3)
(-1.259796772 1.017613015 0.3)
(-1.17215261 1.095520142 0.3)
(-1.083768407 1.16168546 0.3)
(-0.9950374664 1.217878152 0.3)
(-0.9067223027 1.265753429 0.3)
(-0.819932189 1.306545425 0.3)
(-0.7346500665 1.341531574 0.3)
(-0.6509854965 1.371771435 0.3)
(-0.568912685 1.39819005 0.3)
(-0.4883086056 1.421598613 0.3)
(-0.4089172359 1.442706101 0.3)
(-0.332245828 1.462139478 0.3)
(-0.2545580966 1.480726799 0.3)
(-0.1759313382 1.498624517 0.3)
(-0.09886281834 1.51587134 0.3)
(-0.02553976668 1.531478229 0.3)
(0.04507734334 1.545940863 0.3)
(0.1131455856 1.559458807 0.3)
(0.1787305148 1.572237977 0.3)
(0.2419584188 1.58440785 0.3)
(0.3031166136 1.596074336 0.3)
(0.3622935874 1.607336133 0.3)
(0.4196202672 1.61826337 0.3)
(0.475213694 1.628911169 0.3)
(0.5291978017 1.639328223 0.3)
(0.5816724946 1.649554205 0.3)
(0.632739326 1.659619547 0.3)
(0.6824929538 1.669543744 0.3)
(0.7310076561 1.679343772 0.3)
(0.7783721588 1.689025057 0.3)
(0.8246488018 1.698594492 0.3)
(0.8699078826 1.708090448 0.3)
(0.9142112099 1.717466187 0.3)
(0.9575367596 1.726250585 0.3)
(1 1.734735958 0.3)
(-1.768393015 0 0.3)
(-1.786017762 0.2274654408 0.3)
(-1.769392744 0.4322646288 0.3)
(-1.724864161 0.6136597018 0.3)
(-1.660832822 0.7728483483 0.3)
(-1.583227347 0.9105929298 0.3)
(-1.496409146 1.029134956 0.3)
(-1.404200753 1.130460478 0.3)
(-1.308114909 1.217035708 0.3)
(-1.21130315 1.290579585 0.3)
(-1.114308517 1.353047382 0.3)
(-1.017987639 1.406262591 0.3)
(-0.9234996893 1.451614381 0.3)
(-0.8308700733 1.490513398 0.3)
(-0.7402267225 1.524136685 0.3)
(-0.6515486494 1.553511095 0.3)
(-0.5647076841 1.579535436 0.3)
(-0.4794367314 1.602993798 0.3)
(-0.3971926769 1.624577243 0.3)
(-0.3142842079 1.64516328 0.3)
(-0.2307588309 1.664961299 0.3)
(-0.1490367103 1.684057352 0.3)
(-0.07138133722 1.701360974 0.3)
(0.003279091342 1.717417723 0.3)
(0.07512192128 1.732447031 0.3)
(0.1442338088 1.746670373 0.3)
(0.2107599192 1.760230725 0.3)
(0.2750022249 1.77324501 0.3)
(0.3370664179 1.785820643 0.3)
(0.3970985997 1.798034979 0.3)
(0.4552300409 1.809948977 0.3)
(0.5115976035 1.821615903 0.3)
(0.5663134533 1.833079033 0.3)
(0.6194903089 1.844371637 0.3)
(0.6712331197 1.855515497 0.3)
(0.7216258998 1.866529291 0.3)
(0.7707659583 1.877419863 0.3)
(0.8187239006 1.888195087 0.3)
(0.8655773805 1.898893388 0.3)
(0.9113950217 1.909469433 0.3)
(0.9561625545 1.919461334 0.3)
(1 1.929156019 0.3)
(-1.960164548 0 0.3)
(-1.979171575 0.2520280307 0.3)
(-1.960439418 0.4789557216 0.3)
(-1.911250416 0.6799828656 0.3)
(-1.840711842 0.85636866 0.3)
(-1.755338124 1.009047002 0.3)
(-1.659958294 1.140455734 0.3)
(-1.558746008 1.252806509 0.3)
(-1.453507667 1.348784133 0.3)
(-1.347569086 1.430331368 0.3)
(-1.241633856 1.499604352 0.3)
(-1.136659369 1.558608215 0.3)
(-1.033858051 1.608899428 0.3)
(-0.9333006144 1.652032403 0.3)
(-0.8351344304 1.689310962 0.3)
(-0.7393434074 1.721871809 0.3)
(-0.6457936151 1.750708276 0.3)
(-0.5542058649 1.776685475 0.3)
(-0.4659827129 1.800563582 0.3)
(-0.3774811497 1.823273422 0.3)
(-0.288716579 1.845081396 0.3)
(-0.202026194 1.866124509 0.3)
(-0.119749188 1.885210094 0.3)
(-0.04078001628 1.902936301 0.3)
(0.0350806836 1.919544163 0.3)
(0.1079424594 1.935272099 0.3)
(0.1779709594 1.950277793 0.3)
(0.2454840816 1.964690193 0.3)
(0.3106061723 1.978626242 0.3)
(0.3734997906 1.992171216 0.3)
(0.4343116368 2.005392484 0.3)
(0.4931925926 2.018348349 0.3)
(0.5502681164 2.031086069 0.3)
(0.6056630308 2.043642074 0.3)
(0.6594934417 2.056040687 0.3)
(0.7118539145 2.068302505 0.3)
(0.7628510628 2.080435972 0.3)
(0.8125644479 2.092450083 0.3)
(0.8610796962 2.104383385 0.3)
(0.9084728164 2.116192114 0.3)
(0.9547379302 2.127424368 0.3)
(1 2.138361328 0.3)
(-2.166519914 0 0.3)
(-2.186823096 0.2786671867 0.3)
(-2.16565187 0.5295935015 0.3)
(-2.111294493 0.7519131946 0.3)
(-2.033617143 0.9469530481 0.3)
(-1.939763451 1.115832804 0.3)
(-1.835064585 1.261202704 0.3)
(-1.724071087 1.385518189 0.3)
(-1.608904508 1.4917002 0.3)
(-1.493077447 1.581933157 0.3)
(-1.377465585 1.658590072 0.3)
(-1.263134155 1.723872161 0.3)
(-1.151352368 1.779516486 0.3)
(-1.042239248 1.827232644 0.3)
(-0.9359626992 1.868461288 0.3)
(-0.8325115812 1.90445768 0.3)
(-0.7317455035 1.936317147 0.3)
(-0.6333720576 1.96499221 0.3)
(-0.5387351848 1.991317584 0.3)
(-0.4442437488 2.016281576 0.3)
(-0.3498785541 2.040211993 0.3)
(-0.2578875055 2.06330068 0.3)
(-0.1706838927 2.084253024 0.3)
(-0.0871270089 2.103722519 0.3)
(-0.006993565697 2.121973697 0.3)
(0.06985083189 2.139263442 0.3)
(0.143594069 2.155765483 0.3)
(0.21457136 2.1716219 0.3)
(0.2829272879 2.186960068 0.3)
(0.3488422709 2.201873952 0.3)
(0.4124797497 2.216437964 0.3)
(0.4740058164 2.230715965 0.3)
(0.5335603471 2.244759627 0.3)
(0.5912812935 2.258608886 0.3)
(0.6472968613 2.272290909 0.3)
(0.7017130563 2.285828451 0.3)
(0.754646583 2.299231761 0.3)
(0.8061867124 2.312511124 0.3)
(0.856427715 2.325705287 0.3)
(0.9054536062 2.338772238 0.3)
(0.9532675914 2.351270885 0.3)
(1 2.363476273 0.3)
(-2.388568184 0 0.3)
(-2.410044651 0.3075737658 0.3)
(-2.38605008 0.5845406141 0.3)
(-2.325953501 0.8299660553 0.3)
(-2.24043623 1.045251214 0.3)
(-2.137317606 1.231717274 0.3)
(-2.022467913 1.392244349 0.3)
(-1.900842152 1.529551392 0.3)
(-1.774900017 1.646814499 0.3)
(-1.648354224 1.746479077 0.3)
(-1.522264863 1.831152342 0.3)
(-1.397812525 1.903247256 0.3)
(-1.27632693 1.964695851 0.3)
(-1.157978571 2.017375273 0.3)
(-1.04295701 2.062873895 0.3)
(-0.9312560607 2.102574954 0.3)
(-0.8227280794 2.137683861 0.3)
(-0.7170661937 2.169247452 0.3)
(-0.6155510939 2.198180845 0.3)
(-0.5146473418 2.22553433 0.3)
(-0.4142984485 2.251701864 0.3)
(-0.3166562307 2.276934305 0.3)
(-0.224205185 2.299836646 0.3)
(-0.1357680941 2.321120484 0.3)
(-0.05109565249 2.341075935 0.3)
(0.02997352037 2.359980026 0.3)
(0.1076514649 2.378023996 0.3)
(0.1822922366 2.395364282 0.3)
(0.254062384 2.412139696 0.3)
(0.3231617161 2.428453736 0.3)
(0.3897718456 2.44438857 0.3)
(0.4540753766 2.460014198 0.3)
(0.5162278314 2.475387181 0.3)
(0.5763814098 2.490551363 0.3)
(0.6346774477 2.505537092 0.3)
(0.6912343618 2.520369552 0.3)
(0.7461798066 2.535061037 0.3)
(0.7996135845 2.549623308 0.3)
(0.8516393436 2.564095413 0.3)
(0.9023497841 2.578437301 0.3)
(0.951757949 2.592219576 0.3)
(1 2.605710749 0.3)
(-2.627502772 0 0.3)
(-2.64998535 0.3389583399 0.3)
(-2.622722546 0.6441971524 0.3)
(-2.556244461 0.9147100504 0.3)
(-2.462107818 1.15198003 0.3)
(-2.348857496 1.357546727 0.3)
(-2.222942495 1.534539138 0.3)
(-2.089751773 1.685961141 0.3)
(-1.952107756 1.815264622 0.3)
(-1.813937486 1.92517692 0.3)
(-1.676498593 2.018558242 0.3)
(-1.541095012 2.098050255 0.3)
(-1.409120887 2.165795545 0.3)
(-1.280801491 2.223852197 0.3)
(-1.156349184 2.273968094 0.3)
(-1.035762682 2.31766465 0.3)
(-0.9188861854 2.356266111 0.3)
(-0.8053969817 2.390921105 0.3)
(-0.6965074938 2.42263149 0.3)
(-0.5887420784 2.452514409 0.3)
(-0.4820040434 2.481035071 0.3)
(-0.3783417999 2.508507855 0.3)
(-0.2803065959 2.533440488 0.3)
(-0.1866834623 2.556605417 0.3)
(-0.09719478317 2.578320629 0.3)
(-0.01164985217 2.59888514 0.3)
(0.07018962666 2.618509317 0.3)
(0.1486982232 2.637365312 0.3)
(0.224066342 2.655604478 0.3)
(0.2965148584 2.673340797 0.3)
(0.3662451225 2.690664977 0.3)
(0.4334576738 2.707653808 0.3)
(0.4983250239 2.724369282 0.3)
(0.5610148439 2.7408596 0.3)
(0.6216827257 2.757158667 0.3)
(0.6804605572 2.773294413 0.3)
(0.7374878817 2.789281447 0.3)
(0.7928759302 2.805133222 0.3)
(0.8467385302 2.820889207 0.3)
(0.8991778069 2.836511548 0.3)
(0.9502174622 2.851583517 0.3)
(1 2.866366663 0.3)
(-2.884607846 0 0.3)
(-2.90787617 0.3730535154 0.3)
(-2.876830075 0.7090050626 0.3)
(-2.803246833 1.006773285 0.3)
(-2.699623159 1.267931445 0.3)
(-2.575282852 1.494256209 0.3)
(-2.437296014 1.689146149 0.3)
(-2.291517106 1.855913327 0.3)
(-2.141157561 1.998307818 0.3)
(-1.990373884 2.119361603 0.3)
(-1.840635233 2.222208251 0.3)
(-1.693377354 2.309736519 0.3)
(-1.550062912 2.38431643 0.3)
(-1.410975442 2.448201526 0.3)
(-1.276351239 2.503311971 0.3)
(-1.146193801 2.551318405 0.3)
(-1.020338146 2.593673392 0.3)
(-0.8984441961 2.63163544 0.3)
(-0.7816506759 2.666300007 0.3)
(-0.6665461242 2.698856343 0.3)
(-0.552990503 2.729846427 0.3)
(-0.4429209421 2.759652996 0.3)
(-0.3389490876 2.786691589 0.3)
(-0.2398211263 2.811798186 0.3)
(-0.1452286136 2.835321164 0.3)
(-0.05494895424 2.857583564 0.3)
(0.03128470496 2.87881667 0.3)
(0.113869287 2.899209843 0.3)
(0.1930211211 2.918928215 0.3)
(0.268983984 2.938097296 0.3)
(0.3419806764 2.956817223 0.3)
(0.4122312314 2.975172299 0.3)
(0.4799266189 2.993230553 0.3)
(0.5452513199 3.011045053 0.3)
(0.6083764141 3.028653694 0.3)
(0.6694484195 3.046087503 0.3)
(0.7286197951 3.063363717 0.3)
(0.786014182 3.080497733 0.3)
(0.8417564625 3.097529581 0.3)
(0.8959589969 3.114423875 0.3)
(0.9486570409 3.13077761 0.3)
(1 3.146844926 0.3)
(-3.161265236 0 0.3)
(-3.185035308 0.4101165603 0.3)
(-3.149609616 0.7794531308 0.3)
(-3.068104906 1.106850458 0.3)
(-2.954027062 1.39398145 0.3)
(-2.817535959 1.642880097 0.3)
(-2.666368155 1.857237099 0.3)
(-2.506877328 2.040697977 0.3)
(-2.342691988 2.197335324 0.3)
(-2.178214207 2.330510403 0.3)
(-2.015139553 2.443652236 0.3)
(-1.855044554 2.539916621 0.3)
(-1.699464686 2.621919315 0.3)
(-1.548745369 2.692125056 0.3)
(-1.403147975 2.752640141 0.3)
(-1.262680572 2.805296407 0.3)
(-1.127167826 2.851685006 0.3)
(-0.9962506031 2.89318309 0.3)
(-0.8709880482 2.930987134 0.3)
(-0.7480375771 2.966364185 0.3)
(-0.6272124108 2.999938934 0.3)
(-0.5103299213 3.032167695 0.3)
(-0.4000535126 3.061381237 0.3)
(-0.2950896315 3.088481665 0.3)
(-0.1950962386 3.113850516 0.3)
(-0.099816038 3.137837103 0.3)
(-0.008951095102 3.160695604 0.3)
(0.07791988881 3.182634252 0.3)
(0.1610414343 3.203833322 0.3)
(0.2406822299 3.224431027 0.3)
(0.3170884048 3.244537915 0.3)
(0.3905011927 3.264246622 0.3)
(0.4611316309 3.283631897 0.3)
(0.5291824756 3.302752244 0.3)
(0.5948416434 3.321650044 0.3)
(0.6582715507 3.340359826 0.3)
(0.7196386967 3.358901807 0.3)
(0.7790802057 3.377293618 0.3)
(0.8367329741 3.395576024 0.3)
(0.8927204826 3.413716409 0.3)
(0.9470905177 3.431326641 0.3)
(1 3.448652988 0.3)
(-3.458961855 0 0.3)
(-3.48287381 0.4504323799 0.3)
(-3.442378148 0.8560826339 0.3)
(-3.352030006 1.215710901 0.3)
(-3.226418519 1.53110022 0.3)
(-3.076600805 1.804564107 0.3)
(-2.911028391 2.040109974 0.3)
(-2.736590179 2.241744297 0.3)
(-2.557361724 2.413888617 0.3)
(-2.378007775 2.560260229 0.3)
(-2.200466146 2.684607593 0.3)
(-2.026463626 2.790375182 0.3)
(-1.857612967 2.880444351 0.3)
(-1.694325259 2.957508101 0.3)
(-1.536888061 3.02387388 0.3)
(-1.385313696 3.081547709 0.3)
(-1.239415149 3.132270461 0.3)
(-1.098812346 3.177547423 0.3)
(-0.9644784834 3.218684117 0.3)
(-0.8331448759 3.257031538 0.3)
(-0.7045743349 3.293303506 0.3)
(-0.5804553509 3.328035522 0.3)
(-0.4634916992 3.359483859 0.3)
(-0.352349448 3.388619171 0.3)
(-0.2466499193 3.415859211 0.3)
(-0.146098031 3.441582051 0.3)
(-0.05036199442 3.466066948 0.3)
(0.04100609211 3.489542849 0.3)
(0.1282814256 3.512206699 0.3)
(0.211759813 3.53421072 0.3)
(0.2917127708 3.555676972 0.3)
(0.3684046059 3.576707341 0.3)
(0.4420681866 3.597384066 0.3)
(0.5129261513 3.617771742 0.3)
(0.5811847314 3.637917787 0.3)
(0.6470236316 3.657860697 0.3)
(0.7106246235 3.677624077 0.3)
(0.7721394902 3.697228124 0.3)
(0.8317181921 3.716714543 0.3)
(0.8894963011 3.736053835 0.3)
(0.9455352002 3.754873998 0.3)
(1 3.773412936 0.3)
(-3.779297694 0 0.3)
(-3.802901461 0.494316893 0.3)
(-3.756536541 0.9394937504 0.3)
(-3.656302439 1.334207693 0.3)
(-3.517950833 1.680363636 0.3)
(-3.353501528 1.98057892 0.3)
(-3.172172871 2.239204504 0.3)
(-2.98142743 2.460637733 0.3)
(-2.785819774 2.649677853 0.3)
(-2.590295495 2.810427233 0.3)
(-2.397051469 2.946979816 0.3)
(-2.207974757 3.063092253 0.3)
(-2.024760025 3.161933043 0.3)
(-1.847887955 3.246441981 0.3)
(-1.677673365 3.319143965 0.3)
(-1.514132388 3.382233284 0.3)
(-1.357064808 3.437612605 0.3)
(-1.206067525 3.486925636 0.3)
(-1.062020876 3.531595648 0.3)
(-0.9217354469 3.573064237 0.3)
(-0.784919673 3.612141276 0.3)
(-0.6531233439 3.649447492 0.3)
(-0.529075934 3.683178353 0.3)
(-0.4114028224 3.714375266 0.3)
(-0.29968534 3.743495572 0.3)
(-0.1935872273 3.770948852 0.3)
(-0.09273979388 3.797041864 0.3)
(0.003333920356 3.82202632 0.3)
(0.09494251705 3.846117532 0.3)
(0.1824113452 3.869483187 0.3)
(0.2660395691 3.892258097 0.3)
(0.3461166248 3.914554429 0.3)
(0.422899147 3.936462782 0.3)
(0.4966314191 3.958054578 0.3)
(0.5675396098 3.979382905 0.3)
(0.6358222355 4.000490756 0.3)
(0.7016776925 4.021405591 0.3)
(0.7652737109 4.042150556 0.3)
(0.8267744672 4.06276854 0.3)
(0.886328688 4.083233558 0.3)
(0.944012518 4.103191103 0.3)
(1 4.122870215 0.3)
(-4.123994419 0 0.3)
(-4.146732938 0.5421208665 0.3)
(-4.093573369 1.03035284 0.3)
(-3.982273084 1.463288017 0.3)
(-3.829831134 1.842966357 0.3)
(-3.649299989 2.172335659 0.3)
(-3.450720221 2.456119731 0.3)
(-3.242169067 2.699139373 0.3)
(-3.02871419 2.906602817 0.3)
(-2.815601287 3.083029081 0.3)
(-2.60530414 3.23288589 0.3)
(-2.399880629 3.360267602 0.3)
(-2.20111213 3.468653262 0.3)
(-2.009552961 3.561249585 0.3)
(-1.825546218 3.640816611 0.3)
(-1.649111239 3.709752189 0.3)
(-1.480032872 3.77013388 0.3)
(-1.317882665 3.823754967 0.3)
(-1.163440607 3.872165893 0.3)
(-1.013602291 3.91690606 0.3)
(-0.8680174893 3.958888864 0.3)
(-0.7280867216 3.998826768 0.3)
(-0.5965465724 4.034872218 0.3)
(-0.4719818328 4.068139268 0.3)
(-0.3539301461 4.099128572 0.3)
(-0.2420103447 4.128284272 0.3)
(-0.1358134823 4.155943317 0.3)
(-0.03483082949 4.182382458 0.3)
(0.06128261784 4.207837271 0.3)
(0.1528844155 4.232492544 0.3)
(0.2403038603 4.256497224 0.3)
(0.3238577772 4.279974922 0.3)
(0.4038286934 4.30302558 0.3)
(0.4804844743 4.325728284 0.3)
(0.5540730069 4.348142513 0.3)
(0.6248132924 4.370316364 0.3)
(0.6929218365 4.392281682 0.3)
(0.7585837304 4.41406501 0.3)
(0.8219786311 4.435710709 0.3)
(0.8832695869 4.457196755 0.3)
(0.9425487792 4.478187637 0.3)
(1 4.498903006 0.3)
(-4.494904625 0 0.3)
(-4.516094227 0.594234274 0.3)
(-4.455068613 1.12940072 0.3)
(-4.331364527 1.60400493 0.3)
(-4.163319117 2.020236694 0.3)
(-3.965092306 2.381403484 0.3)
(-3.747606043 2.692633992 0.3)
(-3.519595945 2.959207985 0.3)
(-3.286679073 3.186776752 0.3)
(-3.054421624 3.380310289 0.3)
(-2.825593189 3.544680876 0.3)
(-2.602433561 3.684348335 0.3)
(-2.386815757 3.803127684 0.3)
(-2.179371896 3.904514426 0.3)
(-1.980474268 3.991522968 0.3)
(-1.790144628 4.066771321 0.3)
(-1.608150912 4.132526165 0.3)
(-1.434036719 4.190742462 0.3)
(-1.268473558 4.243108037 0.3)
(-1.108448163 4.291267904 0.3)
(-0.9535470056 4.336247047 0.3)
(-0.8050099565 4.378856666 0.3)
(-0.6655574654 4.417228865 0.3)
(-0.533734349 4.452551832 0.3)
(-0.4090304817 4.485373656 0.3)
(-0.2910156789 4.516176425 0.3)
(-0.1792370424 4.545330268 0.3)
(-0.07315107802 4.57313951 0.3)
(0.02762691948 4.599862113 0.3)
(0.123489646 4.625701792 0.3)
(0.2147992648 4.650823186 0.3)
(0.3019024766 4.675362664 0.3)
(0.3851100389 4.699430622 0.3)
(0.4647155292 4.72311476 0.3)
(0.5409905118 4.74648177 0.3)
(0.6141763106 4.769585546 0.3)
(0.6845091735 4.792462931 0.3)
(0.752193106 4.815144378 0.3)
(0.8174246351 4.837676062 0.3)
(0.8803824134 4.860040435 0.3)
(0.941176054 4.881922614 0.3)
(1 4.903532322 0.3)
(-4.894021795 0 0.3)
(-4.912829269 0.6510912561 0.3)
(-4.842697164 1.237462081 0.3)
(-4.705071621 1.757530756 0.3)
(-4.519724849 2.21365353 0.3)
(-4.302004111 2.609529623 0.3)
(-4.063775854 2.950727665 0.3)
(-3.81448063 3.243025129 0.3)
(-3.560323528 3.492553483 0.3)
(-3.307212814 3.704771064 0.3)
(-3.058233888 3.884988196 0.3)
(-2.815820093 4.038060349 0.3)
(-2.58194113 4.168166169 0.3)
(-2.35731117 4.279113722 0.3)
(-2.142332496 4.37419268 0.3)
(-1.937028269 4.456259265 0.3)
(-1.741147246 4.527784722 0.3)
(-1.554202179 4.59089883 0.3)
(-1.376747275 4.647437874 0.3)
(-1.205866951 4.699160931 0.3)
(-1.041079358 4.747213285 0.3)
(-0.8834514728 4.792512414 0.3)
(-0.7356588415 4.833198575 0.3)
(-0.5962075505 4.870535058 0.3)
(-0.4645351942 4.905121952 0.3)
(-0.3401580393 4.937483052 0.3)
(-0.2225751594 4.968024991 0.3)
(-0.1112049797 4.9970825 0.3)
(-0.005619461438 5.024938296 0.3)
(0.09461246448 5.051817072 0.3)
(0.1898888392 5.077900915 0.3)
(0.2805889792 5.103340427 0.3)
(0.3670544461 5.128257724 0.3)
(0.4496068747 5.152750197 0.3)
(0.5285436629 5.176892689 0.3)
(0.6041304795 5.200745684 0.3)
(0.6766251119 5.22435173 0.3)
(0.7462521879 5.247745776 0.3)
(0.8132266331 5.270976222 0.3)
(0.8777441148 5.294030577 0.3)
(0.9399332074 5.316616379 0.3)
(1 5.338932871 0.3)
(-5.323491009 0 0.3)
(-5.338906833 0.7131757697 0.3)
(-5.258232059 1.355456212 0.3)
(-5.104961307 1.925172348 0.3)
(-4.900405426 2.424865592 0.3)
(-4.6611843 2.858662182 0.3)
(-4.400176176 3.232609078 0.3)
(-4.127576082 3.553023744 0.3)
(-3.850218209 3.826558322 0.3)
(-3.57437565 4.059200173 0.3)
(-3.303470749 4.256734125 0.3)
(-3.040142568 4.424444167 0.3)
(-2.786462621 4.566902649 0.3)
(-2.54323144 4.688256081 0.3)
(-2.310881933 4.792092127 0.3)
(-2.089437392 4.881524845 0.3)
(-1.878624803 4.95924684 0.3)
(-1.677922832 5.027576975 0.3)
(-1.487758794 5.088512015 0.3)
(-1.305321773 5.143934262 0.3)
(-1.130056163 5.195118707 0.3)
(-0.9628428673 5.243097224 0.3)
(-0.8062772226 5.286053636 0.3)
(-0.6588286006 5.32532663 0.3)
(-0.519877322 5.361573363 0.3)
(-0.388881103 5.39536352 0.3)
(-0.2652864853 5.427143947 0.3)
(-0.1484701408 5.457282937 0.3)
(-0.03795669098 5.486090621 0.3)
(0.06672687387 5.513814976 0.3)
(0.1660177942 5.540657505 0.3)
(0.2603310242 5.566784724 0.3)
(0.3500417667 5.592331892 0.3)
(0.4355022988 5.617407325 0.3)
(0.5170382289 5.642095084 0.3)
(0.5949417972 5.666463158 0.3)
(0.6694943116 5.690560602 0.3)
(0.7409429028 5.714427547 0.3)
(0.8095225786 5.738115098 0.3)
(0.8754475742 5.761616486 0.3)
(0.9388671028 5.784663635 0.3)
(1 5.807444741 0.3)
(-5.78562048 0 0.3)
(-5.796427574 0.7810280292 0.3)
(-5.70354733 1.484409233 0.3)
(-5.53267153 2.108388473 0.3)
(-5.306760249 2.65571343 0.3)
(-5.04379696 3.130976164 0.3)
(-4.757743417 3.540744057 0.3)
(-4.459601792 3.891920768 0.3)
(-4.156878999 4.191723314 0.3)
(-3.85623694 4.446712419 0.3)
(-3.561457179 4.663187146 0.3)
(-3.275397199 4.846895804 0.3)
(-3.000235485 5.002837208 0.3)
(-2.736863269 5.135524478 0.3)
(-2.485744502 5.248868019 0.3)
(-2.246901016 5.34626108 0.3)
(-2.020035057 5.430635887 0.3)
(-1.80458758 5.504515902 0.3)
(-1.600848586 5.570071409 0.3)
(-1.406119264 5.629317877 0.3)
(-1.21976437 5.683670168 0.3)
(-1.042464543 5.734283293 0.3)
(-0.8766918857 5.779428236 0.3)
(-0.7208820071 5.82051855 0.3)
(-0.574352421 5.858274081 0.3)
(-0.4364967626 5.893315074 0.3)
(-0.3067040626 5.926132715 0.3)
(-0.1843051636 5.957132398 0.3)
(-0.0687729249 5.986654648 0.3)
(0.04041154494 6.014973317 0.3)
(0.1437283535 6.042311551 0.3)
(0.2416314297 6.06885367 0.3)
(0.3345327489 6.094749706 0.3)
(0.4228180834 6.120120297 0.3)
(0.5068438737 6.145059946 0.3)
(0.5869313883 6.169645189 0.3)
(0.6633876401 6.193932518 0.3)
(0.7364843359 6.217968036 0.3)
(0.8064784223 6.241806113 0.3)
(0.8736044145 6.265446469 0.3)
(0.9380340072 6.288647565 0.3)
(1 6.311585982 0.3)
(-6.282893953 0 0.3)
(-6.287631253 0.8552518563 0.3)
(-6.180620342 1.625468041 0.3)
(-5.989909037 2.30880967 0.3)
(-5.740224619 2.908254488 0.3)
(-5.451011123 3.428903148 0.3)
(-5.137390141 3.877889645 0.3)
(-4.811226916 4.262754359 0.3)
(-4.480747361 4.591327473 0.3)
(-4.15302739 4.870791432 0.3)
(-3.832231241 5.108002862 0.3)
(-3.521448009 5.30921343 0.3)
(-3.222968306 5.479884099 0.3)
(-2.937778368 5.624925306 0.3)
(-2.666373345 5.748597148 0.3)
(-2.408771641 5.854595321 0.3)
(-2.164647364 5.946111554 0.3)
(-1.933399688 6.025890769 0.3)
(-1.715169966 6.096290948 0.3)
(-1.507379417 6.159471504 0.3)
(-1.309306783 6.216998155 0.3)
(-1.121417164 6.270158464 0.3)
(-0.9460073037 6.317363843 0.3)
(-0.7814831302 6.360101151 0.3)
(-0.6270932102 6.399159178 0.3)
(-0.4821609781 6.435213937 0.3)
(-0.3460124392 6.468805566 0.3)
(-0.2179280797 6.50038052 0.3)
(-0.09732410758 6.53031307 0.3)
(0.01636860986 6.558905858 0.3)
(0.1236771022 6.586406187 0.3)
(0.2250979637 6.613018328 0.3)
(0.3210834009 6.63890893 0.3)
(0.4120558341 6.664212554 0.3)
(0.4984054333 6.68903554 0.3)
(0.5804852057 6.713464169 0.3)
(0.658630284 6.737563439 0.3)
(0.7331392385 6.761386333 0.3)
(0.8042930047 6.784991154 0.3)
(0.8723482671 6.808384982 0.3)
(0.9375012277 6.831355175 0.3)
(1 6.854066135 0.3)
(-6.817984058 0 0.3)
(-6.81490405 0.9365230727 0.3)
(-6.691533464 1.779916248 0.3)
(-6.478445807 2.528260905 0.3)
(-6.202261343 3.184791752 0.3)
(-5.883987952 3.755165204 0.3)
(-5.539988246 4.247132622 0.3)
(-5.183049859 4.668926418 0.3)
(-4.822166721 5.029042742 0.3)
(-4.464855199 5.335338549 0.3)
(-4.115686822 5.595275318 0.3)
(-3.77799596 5.815650662 0.3)
(-3.454190419 6.002426613 0.3)
(-3.145355673 6.160944405 0.3)
(-2.852017882 6.295843213 0.3)
(-2.574189614 6.411146522 0.3)
(-2.311512944 6.510327216 0.3)
(-2.063340695 6.596370037 0.3)
(-1.829653237 6.671836062 0.3)
(-1.608000247 6.739040358 0.3)
(-1.397567547 6.799711372 0.3)
(-1.198588253 6.855279357 0.3)
(-1.013120907 6.904360837 0.3)
(-0.8395472037 6.948513151 0.3)
(-0.6770399384 6.988600999 0.3)
(-0.5248455615 7.025361976 0.3)
(-0.3822209402 7.05939034 0.3)
(-0.248391168 7.091178041 0.3)
(-0.1227103903 7.121136869 0.3)
(-0.004554404603 7.149601542 0.3)
(0.1066552296 7.176846365 0.3)
(0.2114618568 7.203097991 0.3)
(0.3103617427 7.22854179 0.3)
(0.4038174429 7.253328067 0.3)
(0.4922560612 7.277576596 0.3)
(0.5760653406 7.301384783 0.3)
(0.655611204 7.324827358 0.3)
(0.7312216128 7.347965237 0.3)
(0.8032037573 7.370861435 0.3)
(0.8718385796 7.39353139 0.3)
(0.937349019 7.415793959 0.3)
(1 7.437800794 0.3)
(-7.393766672 0 0.3)
(-7.380785929 1.025599094 0.3)
(-7.238474891 1.949192391 0.3)
(-7.000113815 2.768787488 0.3)
(-6.694349927 3.48790648 0.3)
(-6.343864861 4.112813647 0.3)
(-5.966348496 4.651933537 0.3)
(-5.575573691 5.1142512 0.3)
(-5.181354246 5.508986542 0.3)
(-4.791674633 5.844728699 0.3)
(-4.411539454 6.129595665 0.3)
(-4.044542436 6.370977508 0.3)
(-3.693213483 6.5753798 0.3)
(-3.358741389 6.748611118 0.3)
(-3.04168272 6.895721772 0.3)
(-2.742041276 7.02109068 0.3)
(-2.459422626 7.12849548 0.3)
(-2.193128115 7.221180727 0.3)
(-1.942963682 7.301927345 0.3)
(-1.706616432 7.373218772 0.3)
(-1.483171768 7.436959023 0.3)
(-1.272613124 7.494731958 0.3)
(-1.076685404 7.545437345 0.3)
(-0.8937531422 7.590698632 0.3)
(-0.722905772 7.631464202 0.3)
(-0.5633052335 7.668539735 0.3)
(-0.4141324689 7.702579392 0.3)
(-0.274551569 7.734125608 0.3)
(-0.1438486203 7.763631931 0.3)
(-0.0213389954 7.791468872 0.3)
(0.09361213268 7.817940952 0.3)
(0.2015993876 7.843299972 0.3)
(0.3031673333 7.867752416 0.3)
(0.3988225244 7.891466413 0.3)
(0.4890325477 7.914577003 0.3)
(0.5742231991 7.9371943 0.3)
(0.6547941487 7.959404174 0.3)
(0.7311055457 7.981276693 0.3)
(0.8034933431 8.0028805 0.3)
(0.8722650512 8.024240537 0.3)
(0.9376728036 8.045210011 0.3)
(1 8.065927281 0.3)
(-8.013336377 0 0.3)
(-7.987977959 1.123329902 0.3)
(-7.823738399 2.134910762 0.3)
(-7.556797795 3.032684697 0.3)
(-7.217972924 3.820495647 0.3)
(-6.831736022 4.505273375 0.3)
(-6.417195752 5.096177084 0.3)
(-5.98917666 5.603010928 0.3)
(-5.558367178 6.03578189 0.3)
(-5.133248712 6.403874353 0.3)
(-4.719285868 6.7161193 0.3)
(-4.320346148 6.980550093 0.3)
(-3.93908621 7.204262237 0.3)
(-3.576802008 7.393571569 0.3)
(-3.234079394 7.553974546 0.3)
(-2.91090986 7.690235685 0.3)
(-2.606857329 7.806463132 0.3)
(-2.321165894 7.906183038 0.3)
(-2.053452414 7.99241441 0.3)
(-1.801550936 8.067822875 0.3)
(-1.564438316 8.13450191 0.3)
(-1.341829244 8.194200739 0.3)
(-1.135064771 8.246196318 0.3)
(-0.9425012831 8.29217197 0.3)
(-0.7631363991 8.33316843 0.3)
(-0.5960391847 8.370066757 0.3)
(-0.4403071133 8.403587503 0.3)
(-0.2950370158 8.434329187 0.3)
(-0.159440265 8.462791907 0.3)
(-0.03276586294 8.489386164 0.3)
(0.08568292639 8.514450337 0.3)
(0.1965570326 8.538264517 0.3)
(0.3004540202 8.56105903 0.3)
(0.3979287284 8.583022214 0.3)
(0.4894931626 8.604306465 0.3)
(0.5756148474 8.625036428 0.3)
(0.6567304798 8.645310739 0.3)
(0.7332354945 8.66521002 0.3)
(0.8054973867 8.684809617 0.3)
(0.8738527944 8.704145285 0.3)
(0.9385857567 8.723107735 0.3)
(1 8.741821505 0.3)
(-8.680023092 0 0.3)
(-8.639349508 1.230670605 0.3)
(-8.449721773 2.338885249 0.3)
(-8.150425581 3.322531701 0.3)
(-7.774598882 4.185814811 0.3)
(-7.348628588 4.936393627 0.3)
(-6.893139144 5.584229765 0.3)
(-6.424076953 6.140019474 0.3)
(-5.953062818 6.614626246 0.3)
(-5.489105027 7.018298736 0.3)
(-5.038156217 7.360642732 0.3)
(-4.604372354 7.650390498 0.3)
(-4.190541117 7.895278194 0.3)
(-3.798069123 8.102172564 0.3)
(-3.427569767 8.277054473 0.3)
(-3.079017957 8.425106998 0.3)
(-2.751930081 8.550796903 0.3)
(-2.445486467 8.657955703 0.3)
(-2.159098909 8.749860346 0.3)
(-1.89075849 8.829373681 0.3)
(-1.639324692 8.898793682 0.3)
(-1.404222946 8.960047597 0.3)
(-1.186282882 9.012902091 0.3)
(-0.9838640815 9.059091872 0.3)
(-0.7958629087 9.09975973 0.3)
(-0.6212462518 9.135870277 0.3)
(-0.459019718 9.16821774 0.3)
(-0.3082058901 9.197463033 0.3)
(-0.1679340336 9.224158214 0.3)
(-0.03738016787 9.248758515 0.3)
(0.08422048919 9.271640312 0.3)
(0.1975807603 9.293115561 0.3)
(0.3033564327 9.313441542 0.3)
(0.4021553896 9.332829524 0.3)
(0.4945384262 9.351451666 0.3)
(0.5810188742 9.369449231 0.3)
(0.662074099 9.386935497 0.3)
(0.7381382568 9.404003262 0.3)
(0.8096134692 9.420735834 0.3)
(0.8768683417 9.437181284 0.3)
(0.9402218135 9.453271296 0.3)
(1 9.469116102 0.3)
(-9.397409969 0 0.3)
(-9.337945181 1.348695824 0.3)
(-9.118923592 2.563156646 0.3)
(-8.78295557 3.641230407 0.3)
(-8.365661266 4.587527213 0.3)
(-7.895473882 5.410506125 0.3)
(-7.394636289 6.121005967 0.3)
(-6.880290716 6.730695306 0.3)
(-6.365051065 7.251370374 0.3)
(-5.858483509 7.694219724 0.3)
(-5.367057771 8.069691655 0.3)
(-4.895233112 8.387278237 0.3)
(-4.445931985 8.655411782 0.3)
(-4.0206747 8.881557708 0.3)
(-3.620099693 9.072223143 0.3)
(-3.244160168 9.233045769 0.3)
(-2.892318199 9.368881685 0.3)
(-2.563683007 9.483893717 0.3)
(-2.257443864 9.581638395 0.3)
(-1.971759584 9.665192157 0.3)
(-1.705362684 9.737073743 0.3)
(-1.457367244 9.799402072 0.3)
(-1.227963602 9.852567824 0.3)
(-1.015528616 9.898345907 0.3)
(-0.8188468592 9.937992015 0.3)
(-0.6367726754 9.972563505 0.3)
(-0.4682104462 10.00293647 0.3)
(-0.3121006909 10.02984133 0.3)
(-0.1674823408 10.05388821 0.3)
(-0.03345107131 10.07558247 0.3)
(0.09083277517 10.09534315 0.3)
(0.2061501326 10.11351817 0.3)
(0.3132208184 10.1303953 0.3)
(0.4127110535 10.14621186 0.3)
(0.505235282 10.16116254 0.3)
(0.5913571751 10.17540763 0.3)
(0.6715988153 10.18907719 0.3)
(0.746436896 10.20227807 0.3)
(0.8163115928 10.21510303 0.3)
(0.8816266324 10.22761417 0.3)
(0.9427391661 10.23978799 0.3)
(1 10.25171997 0.3)
(-10.16935265 0 0.3)
(-10.08699136 1.478616184 0.3)
(-9.833938023 2.810023954 0.3)
(-9.456360716 3.992049996 0.3)
(-8.992532625 5.029760054 0.3)
(-8.473072646 5.932491724 0.3)
(-7.921950542 6.712043693 0.3)
(-7.357582163 7.381145124 0.3)
(-6.793638262 7.952608772 0.3)
(-6.24027481 8.438646023 0.3)
(-5.704508616 8.850621934 0.3)
(-5.191117079 9.198855135 0.3)
(-4.703160474 9.492534882 0.3)
(-4.242275223 9.739777594 0.3)
(-3.809121377 9.947662493 0.3)
(-3.403624319 10.12232131 0.3)
(-3.025184019 10.26903308 0.3)
(-2.672830295 10.39232029 0.3)
(-2.345510819 10.49604267 0.3)
(-2.041563444 10.58350805 0.3)
(-1.759583299 10.65747358 0.3)
(-1.498349329 10.72026453 0.3)
(-1.257260931 10.77305547 0.3)
(-1.034729582 10.81764705 0.3)
(-0.8294162743 10.85542006 0.3)
(-0.6400512441 10.88753493 0.3)
(-0.4654272016 10.91495884 0.3)
(-0.3043938497 10.93849975 0.3)
(-0.1558906207 10.95883276 0.3)
(-0.01892463848 10.97651945 0.3)
(0.10742624 10.9920269 0.3)
(0.2240179894 11.00574359 0.3)
(0.3316409246 11.01799187 0.3)
(0.4310254987 11.02903868 0.3)
(0.5228452157 11.03910439 0.3)
(0.6077191282 11.04837109 0.3)
(0.6862185432 11.05698812 0.3)
(0.7588669354 11.06507857 0.3)
(0.8261463476 11.07274633 0.3)
(0.8884991356 11.08006953 0.3)
(0.9463243305 11.08707371 0.3)
(1 11.09383926 0.3)
(-11 0 0.3)
(-10.88990218 1.621797223 0.3)
(-10.59744718 3.08208028 0.3)
(-10.17260842 4.378677994 0.3)
(-9.656493123 5.517169049 0.3)
(-9.082053315 6.507856862 0.3)
(-8.475100056 7.363591442 0.3)
(-7.855404459 8.098259805 0.3)
(-7.237760862 8.725783402 0.3)
(-6.632947723 9.259487516 0.3)
(-6.048559746 9.711735453 0.3)
(-5.489707132 10.09374565 0.3)
(-4.959590133 10.41553097 0.3)
(-4.459962892 10.68591621 0.3)
(-3.991502557 10.91260291 0.3)
(-3.554099396 11.10226007 0.3)
(-3.147082318 11.26062646 0.3)
(-2.76939235 11.39261521 0.3)
(-2.419714701 11.50241502 0.3)
(-2.096578201 11.59358458 0.3)
(-1.798429254 11.66913852 0.3)
(-1.523686056 11.7316243 0.3)
(-1.270777622 11.7831901 0.3)
(-1.038171234 11.82564408 0.3)
(-0.8243911026 11.86050577 0.3)
(-0.6280304358 11.88905029 0.3)
(-0.4477585992 11.91234633 0.3)
(-0.2823246648 11.93128842 0.3)
(-0.1305583414 11.94662454 0.3)
(0.008630961176 11.95897936 0.3)
(0.1362563628 11.96887409 0.3)
(0.2532566115 11.97674306 0.3)
(0.3604997309 11.98294786 0.3)
(0.4587869795 11.98778914 0.3)
(0.5488569532 11.99151658 0.3)
(0.6313897034 11.99433727 0.3)
(0.7070107868 11.99642269 0.3)
(0.7762951852 11.99791466 0.3)
(0.8397710565 11.99893023 0.3)
(0.897923293 11.99956584 0.3)
(0.9511968727 11.99990076 0.3)
(1 12 0.3)
(1.02896805 0 0)
(1.059361542 0 0)
(1.09125062 0 0)
(1.124708877 0 0)
(1.159813529 0 0)
(1.19664559 0 0)
(1.235290062 0 0)
(1.275836128 0 0)
(1.318377361 0 0)
(1.363011939 0 0)
(1.409842869 0 0)
(1.458978229 0 0)
(1.510531412 0 0)
(1.564621395 0 0)
(1.621373006 0 0)
(1.680917217 0 0)
(1.743391445 0 0)
(1.808939869 0 0)
(1.877713761 0 0)
(1.949871839 0 0)
(2.02558063 0 0)
(2.105014855 0 0)
(2.188357834 0 0)
(2.275801905 0 0)
(2.367548873 0 0)
(2.463810472 0 0)
(2.564808856 0 0)
(2.670777111 0 0)
(2.781959789 0 0)
(2.89861348 0 0)
(3.021007398 0 0)
(3.149424004 0 0)
(3.284159661 0 0)
(3.425525311 0 0)
(3.5738472 0 0)
(3.729467626 0 0)
(3.892745732 0 0)
(4.064058332 0 0)
(4.243800782 0 0)
(4.432387895 0 0)
(4.630254892 0 0)
(4.837858414 0 0)
(5.055677569 0 0)
(5.284215043 0 0)
(5.523998255 0 0)
(5.775580581 0 0)
(6.039542623 0 0)
(6.316493556 0 0)
(6.60707253 0 0)
(6.911950144 0 0)
(7.231829999 0 0)
(7.567450316 0 0)
(7.919585643 0 0)
(8.28904864 0 0)
(8.676691957 0 0)
(9.083410201 0 0)
(9.510142 0 0)
(9.957872169 0 0)
(10.42763398 0 0)
(10.92051157 0 0)
(11.43764238 0 0)
(11.98021987 0 0)
(12.54949619 0 0)
(13.14678514 0 0)
(13.77346513 0 0)
(14.43098242 0 0)
(15.12085444 0 0)
(15.84467329 0 0)
(16.60410939 0 0)
(17.40091538 0 0)
(18.23693014 0 0)
(19.11408303 0 0)
(20.03439834 0 0)
(21 0 0)
(1.02896805 0.004188847233 0)
(1.059361542 0.004259019592 0)
(1.09125062 0.004332644952 0)
(1.124708877 0.004409893227 0)
(1.159813529 0.004490942689 0)
(1.19664559 0.004575980386 0)
(1.235290062 0.004665202569 0)
(1.275836128 0.004758815145 0)
(1.318377361 0.004857034154 0)
(1.363011939 0.004960086267 0)
(1.409842869 0.005068209309 0)
(1.458978229 0.005181652806 0)
(1.510531412 0.005300678565 0)
(1.564621395 0.005425561275 0)
(1.621373006 0.00555658914 0)
(1.680917217 0.005694064548 0)
(1.743391445 0.005838304766 0)
(1.808939869 0.005989642673 0)
(1.877713761 0.006148427528 0)
(1.949871839 0.006315025775 0)
(2.02558063 0.006489821892 0)
(2.105014855 0.006673219275 0)
(2.188357834 0.00686564117 0)
(2.275801905 0.007067531649 0)
(2.367548873 0.007279356638 0)
(2.463810472 0.007501604987 0)
(2.564808856 0.007734789605 0)
(2.670777111 0.007979448635 0)
(2.781959789 0.008236146704 0)
(2.89861348 0.008505476223 0)
(3.021007398 0.008788058752 0)
(3.149424004 0.009084546438 0)
(3.284159661 0.009395623518 0)
(3.425525311 0.009722007898 0)
(3.5738472 0.01006445281 0)
(3.729467626 0.01042374855 0)
(3.892745732 0.01080072431 0)
(4.064058332 0.01119625007 0)
(4.243800782 0.01161123864 0)
(4.432387895 0.01204664772 0)
(4.630254892 0.01250348216 0)
(4.837858414 0.01298279624 0)
(5.055677569 0.01348569613 0)
(5.284215043 0.01401334242 0)
(5.523998255 0.01456695283 0)
(5.775580581 0.01514780497 0)
(6.039542623 0.01575723935 0)
(6.316493556 0.01639666243 0)
(6.60707253 0.01706754986 0)
(6.911950144 0.01777144993 0)
(7.231829999 0.01850998711 0)
(7.567450316 0.01928486579 0)
(7.919585643 0.02009787425 0)
(8.28904864 0.02095088876 0)
(8.676691957 0.02184587792 0)
(9.083410201 0.02278490718 0)
(9.510142 0.02377014364 0)
(9.957872169 0.02480386105 0)
(10.42763398 0.02588844502 0)
(10.92051157 0.02702639858 0)
(11.43764238 0.02822034788 0)
(11.98021987 0.02947304835 0)
(12.54949619 0.03078739098 0)
(13.14678514 0.03216640902 0)
(13.77346513 0.03361328497 0)
(14.43098242 0.03513135795 0)
(15.12085444 0.03672413139 0)
(15.84467329 0.0383952811 0)
(16.60410939 0.04014866377 0)
(17.40091538 0.04198832587 0)
(18.23693014 0.043918513 0)
(19.11408303 0.04594367965 0)
(20.03439834 0.04806849953 0)
(21 0.0502978763 0)
(1.02896805 0.009261700843 0)
(1.059361542 0.009405116159 0)
(1.09125062 0.009555588572 0)
(1.124708877 0.009713465345 0)
(1.159813529 0.009879110826 0)
(1.19664559 0.01005290729 0)
(1.235290062 0.01023525584 0)
(1.275836128 0.01042657728 0)
(1.318377361 0.01062731316 0)
(1.363011939 0.01083792673 0)
(1.409842869 0.01105890406 0)
(1.458978229 0.0112907551 0)
(1.510531412 0.01153401494 0)
(1.564621395 0.01178924497 0)
(1.621373006 0.01205703421 0)
(1.680917217 0.01233800066 0)
(1.743391445 0.01263279275 0)
(1.808939869 0.0129420908 0)
(1.877713761 0.0132666086 0)
(1.949871839 0.01360709509 0)
(2.02558063 0.01396433604 0)
(2.105014855 0.01433915589 0)
(2.188357834 0.01473241967 0)
(2.275801905 0.01514503493 0)
(2.367548873 0.01557795393 0)
(2.463810472 0.01603217576 0)
(2.564808856 0.01650874867 0)
(2.670777111 0.0170087725 0)
(2.781959789 0.01753340121 0)
(2.89861348 0.01808384555 0)
(3.021007398 0.01866137584 0)
(3.149424004 0.0192673249 0)
(3.284159661 0.01990309114 0)
(3.425525311 0.02057014181 0)
(3.5738472 0.02127001631 0)
(3.729467626 0.02200432983 0)
(3.892745732 0.02277477703 0)
(4.064058332 0.02358313594 0)
(4.243800782 0.0244312721 0)
(4.432387895 0.02532114286 0)
(4.630254892 0.02625480187 0)
(4.837858414 0.02723440382 0)
(5.055677569 0.02826220945 0)
(5.284215043 0.02934059075 0)
(5.523998255 0.0304720364 0)
(5.775580581 0.03165915758 0)
(6.039542623 0.03290469393 0)
(6.316493556 0.0342115199 0)
(6.60707253 0.0355826514 0)
(6.911950144 0.03702125275 0)
(7.231829999 0.03853064396 0)
(7.567450316 0.04011430841 0)
(7.919585643 0.0417759009 0)
(8.28904864 0.04351925607 0)
(8.676691957 0.04534839725 0)
(9.083410201 0.04726754574 0)
(9.510142 0.04928113057 0)
(9.957872169 0.05139379872 0)
(10.42763398 0.05361042581 0)
(10.92051157 0.0559361274 0)
(11.43764238 0.05837627076 0)
(11.98021987 0.06093648727 0)
(12.54949619 0.06362268544 0)
(13.14678514 0.06644106448 0)
(13.77346513 0.06939812867 0)
(14.43098242 0.07250070236 0)
(15.12085444 0.0757559457 0)
(15.84467329 0.07917137116 0)
(16.60410939 0.08275486088 0)
(17.40091538 0.08651468489 0)
(18.23693014 0.09045952013 0)
(19.11408303 0.09459847052 0)
(20.03439834 0.09894108798 0)
(21 0.1034973944 0)
(1.02896805 0.01540686335 0)
(1.059361542 0.0156265604 0)
(1.09125062 0.01585706817 0)
(1.124708877 0.01609891864 0)
(1.159813529 0.01635266994 0)
(1.19664559 0.01661890769 0)
(1.235290062 0.01689824631 0)
(1.275836128 0.01719133046 0)
(1.318377361 0.01749883653 0)
(1.363011939 0.01782147418 0)
(1.409842869 0.01815998799 0)
(1.458978229 0.0185151592 0)
(1.510531412 0.01888780746 0)
(1.564621395 0.01927879278 0)
(1.621373006 0.01968901748 0)
(1.680917217 0.02011942828 0)
(1.743391445 0.02057101849 0)
(1.808939869 0.02104483028 0)
(1.877713761 0.02154195712 0)
(1.949871839 0.0220635463 0)
(2.02558063 0.02261080153 0)
(2.105014855 0.02318498578 0)
(2.188357834 0.02378742416 0)
(2.275801905 0.02441950697 0)
(2.367548873 0.02508269294 0)
(2.463810472 0.02577851259 0)
(2.564808856 0.02650857172 0)
(2.670777111 0.02727455518 0)
(2.781959789 0.02807823071 0)
(2.89861348 0.02892145303 0)
(3.021007398 0.02980616815 0)
(3.149424004 0.03073441782 0)
(3.284159661 0.03170834426 0)
(3.425525311 0.0327301951 0)
(3.5738472 0.03380232858 0)
(3.729467626 0.03492721899 0)
(3.892745732 0.03610746235 0)
(4.064058332 0.03734578243 0)
(4.243800782 0.03864503706 0)
(4.432387895 0.04000822465 0)
(4.630254892 0.04143849118 0)
(4.837858414 0.04293913743 0)
(5.055677569 0.04451362661 0)
(5.284215043 0.04616559235 0)
(5.523998255 0.04789884705 0)
(5.775580581 0.04971739074 0)
(6.039542623 0.05162542027 0)
(6.316493556 0.05362733901 0)
(6.60707253 0.055727767 0)
(6.911950144 0.05793155163 0)
(7.231829999 0.06024377881 0)
(7.567450316 0.06266978473 0)
(7.919585643 0.06521516813 0)
(8.28904864 0.06788580328 0)
(8.676691957 0.07068785349 0)
(9.083410201 0.07362778536 0)
(9.510142 0.07671238369 0)
(9.957872169 0.07994876714 0)
(10.42763398 0.08334440466 0)
(10.92051157 0.08690713274 0)
(11.43764238 0.09064517348 0)
(11.98021987 0.09456715354 0)
(12.54949619 0.09868212413 0)
(13.14678514 0.1029995818 0)
(13.77346513 0.1075294904 0)
(14.43098242 0.1122823041 0)
(15.12085444 0.1172689915 0)
(15.84467329 0.122501061 0)
(16.60410939 0.127990587 0)
(17.40091538 0.1337502385 0)
(18.23693014 0.1397933075 0)
(19.11408303 0.1461337404 0)
(20.03439834 0.1527861696 0)
(21 0.1597659477 0)
(1.02896805 0.02285284955 0)
(1.059361542 0.02315178878 0)
(1.09125062 0.02346543804 0)
(1.124708877 0.02379452117 0)
(1.159813529 0.02413979764 0)
(1.19664559 0.02450206426 0)
(1.235290062 0.02488215709 0)
(1.275836128 0.02528095331 0)
(1.318377361 0.02569937326 0)
(1.363011939 0.02613838258 0)
(1.409842869 0.02659899441 0)
(1.458978229 0.02708227176 0)
(1.510531412 0.02758932994 0)
(1.564621395 0.02812133915 0)
(1.621373006 0.02867952715 0)
(1.680917217 0.02926518215 0)
(1.743391445 0.02987965572 0)
(1.808939869 0.03052436594 0)
(1.877713761 0.03120080069 0)
(1.949871839 0.03191052105 0)
(2.02558063 0.03265516491 0)
(2.105014855 0.03343645078 0)
(2.188357834 0.03425618171 0)
(2.275801905 0.03511624948 0)
(2.367548873 0.03601863897 0)
(2.463810472 0.03696543271 0)
(2.564808856 0.03795881573 0)
(2.670777111 0.03900108056 0)
(2.781959789 0.04009463256 0)
(2.89861348 0.04124199543 0)
(3.021007398 0.04244581706 0)
(3.149424004 0.04370887564 0)
(3.284159661 0.04503408608 0)
(3.425525311 0.0464245067 0)
(3.5738472 0.04788334634 0)
(3.729467626 0.0494139717 0)
(3.892745732 0.05101991519 0)
(4.064058332 0.05270488301 0)
(4.243800782 0.05447276375 0)
(4.432387895 0.05632763734 0)
(4.630254892 0.05827378446 0)
(4.837858414 0.06031569647 0)
(5.055677569 0.06245808569 0)
(5.284215043 0.06470589636 0)
(5.523998255 0.06706431598 0)
(5.775580581 0.06953878735 0)
(6.039542623 0.07213502106 0)
(6.316493556 0.07485900874 0)
(6.60707253 0.07771703681 0)
(6.911950144 0.08071570108 0)
(7.231829999 0.08386192186 0)
(7.567450316 0.08716296005 0)
(7.919585643 0.09062643381 0)
(8.28904864 0.09426033618 0)
(8.676691957 0.09807305349 0)
(9.083410201 0.1020733848 0)
(9.510142 0.1062705621 0)
(9.957872169 0.1106742716 0)
(10.42763398 0.1152946763 0)
(10.92051157 0.1201424392 0)
(11.43764238 0.125228748 0)
(11.98021987 0.1305653409 0)
(12.54949619 0.1361645338 0)
(13.14678514 0.1420392485 0)
(13.77346513 0.1482030427 0)
(14.43098242 0.1546701414 0)
(15.12085444 0.1614554693 0)
(15.84467329 0.1685746856 0)
(16.60410939 0.1760442203 0)
(17.40091538 0.1838813114 0)
(18.23693014 0.1921040456 0)
(19.11408303 0.2007313992 0)
(20.03439834 0.2097832827 0)
(21 0.219280586 0)
(1.02896805 0.03187697976 0)
(1.059361542 0.03225798458 0)
(1.09125062 0.03265773766 0)
(1.124708877 0.03307716155 0)
(1.159813529 0.03351722421 0)
(1.19664559 0.03397894122 0)
(1.235290062 0.03446337813 0)
(1.275836128 0.03497165294 0)
(1.318377361 0.03550493863 0)
(1.363011939 0.03606446593 0)
(1.409842869 0.03665152613 0)
(1.458978229 0.03726747405 0)
(1.510531412 0.03791373117 0)
(1.564621395 0.03859178894 0)
(1.621373006 0.03930321218 0)
(1.680917217 0.04004964272 0)
(1.743391445 0.04083280318 0)
(1.808939869 0.04165450095 0)
(1.877713761 0.04251663234 0)
(1.949871839 0.04342118699 0)
(2.02558063 0.04437025244 0)
(2.105014855 0.04536601895 0)
(2.188357834 0.04641078457 0)
(2.275801905 0.0475069604 0)
(2.367548873 0.04865707621 0)
(2.463810472 0.04986378625 0)
(2.564808856 0.05112987538 0)
(2.670777111 0.05245826549 0)
(2.781959789 0.05385202225 0)
(2.89861348 0.05531436218 0)
(3.021007398 0.05684866008 0)
(3.149424004 0.05845845682 0)
(3.284159661 0.0601474675 0)
(3.425525311 0.06191959004 0)
(3.5738472 0.06377891415 0)
(3.729467626 0.0657297308 0)
(3.892745732 0.06777654211 0)
(4.064058332 0.06992407171 0)
(4.243800782 0.07217727571 0)
(4.432387895 0.07454135405 0)
(4.630254892 0.07702176259 0)
(4.837858414 0.07962422563 0)
(5.055677569 0.08235474916 0)
(5.284215043 0.0852196347 0)
(5.523998255 0.08822549386 0)
(5.775580581 0.0913792636 0)
(6.039542623 0.0946882222 0)
(6.316493556 0.09816000611 0)
(6.60707253 0.1018026275 0)
(6.911950144 0.105624493 0)
(7.231829999 0.1096344225 0)
(7.567450316 0.1138416704 0)
(7.919585643 0.1182559461 0)
(8.28904864 0.1228874368 0)
(8.676691957 0.1277468313 0)
(9.083410201 0.132845344 0)
(9.510142 0.1381947414 0)
(9.957872169 0.1438073688 0)
(10.42763398 0.1496961791 0)
(10.92051157 0.1558747626 0)
(11.43764238 0.1623573782 0)
(11.98021987 0.1691589866 0)
(12.54949619 0.1762952846 0)
(13.14678514 0.1837827414 0)
(13.77346513 0.1916386366 0)
(14.43098242 0.1998811001 0)
(15.12085444 0.208529154 0)
(15.84467329 0.2176027563 0)
(16.60410939 0.2271228472 0)
(17.40091538 0.2371113971 0)
(18.23693014 0.2475914578 0)
(19.11408303 0.2585872152 0)
(20.03439834 0.2701240455 0)
(21 0.2822285734 0)
(1.02896805 0.04281580986 0)
(1.059361542 0.04328149289 0)
(1.09125062 0.04377009098 0)
(1.124708877 0.04428273173 0)
(1.159813529 0.04482059819 0)
(1.19664559 0.04538493168 0)
(1.235290062 0.04597703456 0)
(1.275836128 0.0465982733 0)
(1.318377361 0.04725008159 0)
(1.363011939 0.04793396369 0)
(1.409842869 0.04865149786 0)
(1.458978229 0.04940434003 0)
(1.510531412 0.05019422762 0)
(1.564621395 0.05102298354 0)
(1.621373006 0.0518925204 0)
(1.680917217 0.05280484493 0)
(1.743391445 0.05376206259 0)
(1.808939869 0.05476638246 0)
(1.877713761 0.05582012231 0)
(1.949871839 0.05692571399 0)
(2.02558063 0.05808570898 0)
(2.105014855 0.05930278433 0)
(2.188357834 0.06057974881 0)
(2.275801905 0.06191954942 0)
(2.367548873 0.06332527816 0)
(2.463810472 0.06480017918 0)
(2.564808856 0.06634765627 0)
(2.670777111 0.06797128072 0)
(2.781959789 0.06967479954 0)
(2.89861348 0.07146214411 0)
(3.021007398 0.0733374393 0)
(3.149424004 0.07530501293 0)
(3.284159661 0.07736940577 0)
(3.425525311 0.07953538206 0)
(3.5738472 0.08180794045 0)
(3.729467626 0.08419232557 0)
(3.892745732 0.08669404013 0)
(4.064058332 0.0893188576 0)
(4.243800782 0.09207283557 0)
(4.432387895 0.09496232968 0)
(4.630254892 0.09799400834 0)
(4.837858414 0.1011748681 0)
(5.055677569 0.1045122497 0)
(5.284215043 0.1080138553 0)
(5.523998255 0.1116877658 0)
(5.775580581 0.11554246 0)
(6.039542623 0.1195868338 0)
(6.316493556 0.1238302207 0)
(6.60707253 0.1282824138 0)
(6.911950144 0.1329536877 0)
(7.231829999 0.1378548231 0)
(7.567450316 0.1429971306 0)
(7.919585643 0.1483924778 0)
(8.28904864 0.1540533161 0)
(8.676691957 0.1599927097 0)
(9.083410201 0.1662243655 0)
(9.510142 0.172762665 0)
(9.957872169 0.1796226973 0)
(10.42763398 0.1868202941 0)
(10.92051157 0.1943720661 0)
(11.43764238 0.2022954412 0)
(11.98021987 0.2106087052 0)
(12.54949619 0.2193310435 0)
(13.14678514 0.2284825855 0)
(13.77346513 0.2380844513 0)
(14.43098242 0.2481588001 0)
(15.12085444 0.2587288816 0)
(15.84467329 0.2698190895 0)
(16.60410939 0.281455018 0)
(17.40091538 0.2936635204 0)
(18.23693014 0.3064727717 0)
(19.11408303 0.3199123332 0)
(20.03439834 0.3340132209 0)
(21 0.3488079768 0)
(1.02896805 0.05607779054 0)
(1.059361542 0.05663046163 0)
(1.09125062 0.05721032824 0)
(1.124708877 0.05781872859 0)
(1.159813529 0.05845706675 0)
(1.19664559 0.05912681588 0)
(1.235290062 0.05982952164 0)
(1.275836128 0.06056680573 0)
(1.318377361 0.06134036967 0)
(1.363011939 0.0621519987 0)
(1.409842869 0.06300356589 0)
(1.458978229 0.06389703651 0)
(1.510531412 0.06483447251 0)
(1.564621395 0.06581803731 0)
(1.621373006 0.06685000081 0)
(1.680917217 0.06793274456 0)
(1.743391445 0.06906876733 0)
(1.808939869 0.07026069086 0)
(1.877713761 0.07151126586 0)
(1.949871839 0.07282337843 0)
(2.02558063 0.07420005667 0)
(2.105014855 0.0756444777 0)
(2.188357834 0.07715997496 0)
(2.275801905 0.07875004592 0)
(2.367548873 0.08041836017 0)
(2.463810472 0.08216876786 0)
(2.564808856 0.08400530859 0)
(2.670777111 0.08593222076 0)
(2.781959789 0.08795395129 0)
(2.89861348 0.09007516597 0)
(3.021007398 0.09230076014 0)
(3.149424004 0.09463587006 0)
(3.284159661 0.09708588471 0)
(3.425525311 0.09965645825 0)
(3.5738472 0.1023535231 0)
(3.729467626 0.1051833035 0)
(3.892745732 0.1081523301 0)
(4.064058332 0.1112674549 0)
(4.243800782 0.1145358669 0)
(4.432387895 0.117965109 0)
(4.630254892 0.1215630953 0)
(4.837858414 0.1253381292 0)
(5.055677569 0.1292989228 0)
(5.284215043 0.1334546168 0)
(5.523998255 0.1378148017 0)
(5.775580581 0.1423895401 0)
(6.039542623 0.1471893896 0)
(6.316493556 0.1522254273 0)
(6.60707253 0.1575092754 0)
(6.911950144 0.163053128 0)
(7.231829999 0.1688697793 0)
(7.567450316 0.174972653 0)
(7.919585643 0.1813758334 0)
(8.28904864 0.1880940977 0)
(8.676691957 0.1951429505 0)
(9.083410201 0.2025386591 0)
(9.510142 0.2102982915 0)
(9.957872169 0.2184397553 0)
(10.42763398 0.2269818396 0)
(10.92051157 0.2359442577 0)
(11.43764238 0.2453476934 0)
(11.98021987 0.2552138478 0)
(12.54949619 0.2655654902 0)
(13.14678514 0.2764265102 0)
(13.77346513 0.287821973 0)
(14.43098242 0.2997781771 0)
(15.12085444 0.3123227151 0)
(15.84467329 0.3254845375 0)
(16.60410939 0.3392940191 0)
(17.40091538 0.3537830297 0)
(18.23693014 0.3689850071 0)
(19.11408303 0.3849350346 0)
(20.03439834 0.4016699218 0)
(21 0.4192282895 0)
(1.02896805 0.07215863242 0)
(1.059361542 0.07280018423 0)
(1.09125062 0.07347330513 0)
(1.124708877 0.07417954859 0)
(1.159813529 0.07492054446 0)
(1.19664559 0.07569800282 0)
(1.235290062 0.0765137179 0)
(1.275836128 0.07736957222 0)
(1.318377361 0.07826754091 0)
(1.363011939 0.07920969633 0)
(1.409842869 0.08019821279 0)
(1.458978229 0.08123537159 0)
(1.510531412 0.08232356629 0)
(1.564621395 0.08346530825 0)
(1.621373006 0.08466323238 0)
(1.680917217 0.08592010327 0)
(1.743391445 0.08723882152 0)
(1.808939869 0.0886224305 0)
(1.877713761 0.09007412331 0)
(1.949871839 0.09159725017 0)
(2.02558063 0.09319532617 0)
(2.105014855 0.09487203937 0)
(2.188357834 0.09663125929 0)
(2.275801905 0.09847704589 0)
(2.367548873 0.1004136589 0)
(2.463810472 0.1024455676 0)
(2.564808856 0.1045774613 0)
(2.670777111 0.10681426 0)
(2.781959789 0.1091611257 0)
(2.89861348 0.1116234747 0)
(3.021007398 0.1142069895 0)
(3.149424004 0.1169176325 0)
(3.284159661 0.1197616591 0)
(3.425525311 0.122745633 0)
(3.5738472 0.1258764405 0)
(3.729467626 0.1291613069 0)
(3.892745732 0.1326078132 0)
(4.064058332 0.1362239132 0)
(4.243800782 0.140017952 0)
(4.432387895 0.1439986858 0)
(4.630254892 0.1481753012 0)
(4.837858414 0.152557437 0)
(5.055677569 0.1571552064 0)
(5.284215043 0.1619792202 0)
(5.523998255 0.1670406113 0)
(5.775580581 0.1723510604 0)
(6.039542623 0.1779228229 0)
(6.316493556 0.1837687575 0)
(6.60707253 0.1899023554 0)
(6.911950144 0.1963377719 0)
(7.231829999 0.2030898586 0)
(7.567450316 0.210174198 0)
(7.919585643 0.2176071396 0)
(8.28904864 0.2254058369 0)
(8.676691957 0.2335882881 0)
(9.083410201 0.2421733765 0)
(9.510142 0.251180915 0)
(9.957872169 0.2606316912 0)
(10.42763398 0.2705475157 0)
(10.92051157 0.2809512723 0)
(11.43764238 0.2918669709 0)
(11.98021987 0.3033198029 0)
(12.54949619 0.3153361992 0)
(13.14678514 0.3279438913 0)
(13.77346513 0.3411719754 0)
(14.43098242 0.3550509794 0)
(15.12085444 0.3696129333 0)
(15.84467329 0.3848914434 0)
(16.60410939 0.4009217695 0)
(17.40091538 0.4177409066 0)
(18.23693014 0.4353876701 0)
(19.11408303 0.4539027852 0)
(20.03439834 0.4733289813 0)
(21 0.4937110904 0)
(1.02896805 0.09165995534 0)
(1.059361542 0.09239172158 0)
(1.09125062 0.09315949615 0)
(1.124708877 0.09396505092 0)
(1.159813529 0.09481024496 0)
(1.19664559 0.09569702882 0)
(1.235290062 0.09662744902 0)
(1.275836128 0.0976036528 0)
(1.318377361 0.09862789305 0)
(1.363011939 0.09970253352 0)
(1.409842869 0.1008300543 0)
(1.458978229 0.1020130574 0)
(1.510531412 0.1032542731 0)
(1.564621395 0.1045565658 0)
(1.621373006 0.1059229409 0)
(1.680917217 0.1073565518 0)
(1.743391445 0.1088607071 0)
(1.808939869 0.1104388779 0)
(1.877713761 0.1120947064 0)
(1.949871839 0.113832014 0)
(2.02558063 0.11565481 0)
(2.105014855 0.1175673011 0)
(2.188357834 0.119573901 0)
(2.275801905 0.1216792404 0)
(2.367548873 0.1238881782 0)
(2.463810472 0.1262058121 0)
(2.564808856 0.1286374908 0)
(2.670777111 0.1311888261 0)
(2.781959789 0.133865706 0)
(2.89861348 0.1366743083 0)
(3.021007398 0.1396211146 0)
(3.149424004 0.1427129257 0)
(3.284159661 0.1459568768 0)
(3.425525311 0.1493604544 0)
(3.5738472 0.1529315133 0)
(3.729467626 0.1566782947 0)
(3.892745732 0.1606094456 0)
(4.064058332 0.1647340382 0)
(4.243800782 0.1690615915 0)
(4.432387895 0.1736020924 0)
(4.630254892 0.1783660197 0)
(4.837858414 0.1833643675 0)
(5.055677569 0.1886086712 0)
(5.284215043 0.1941110334 0)
(5.523998255 0.1998841528 0)
(5.775580581 0.2059413524 0)
(6.039542623 0.2122966112 0)
(6.316493556 0.2189645958 0)
(6.60707253 0.2259606948 0)
(6.911950144 0.2333010537 0)
(7.231829999 0.2410026128 0)
(7.567450316 0.2490831457 0)
(7.919585643 0.2575613007 0)
(8.28904864 0.2664566439 0)
(8.676691957 0.275789704 0)
(9.083410201 0.2855820198 0)
(9.510142 0.2958561903 0)
(9.957872169 0.3066359261 0)
(10.42763398 0.317946105 0)
(10.92051157 0.3298128285 0)
(11.43764238 0.3422634828 0)
(11.98021987 0.3553268017 0)
(12.54949619 0.3690329329 0)
(13.14678514 0.3834135073 0)
(13.77346513 0.3985017127 0)
(14.43098242 0.4143323697 0)
(15.12085444 0.4309420125 0)
(15.84467329 0.448368973 0)
(16.60410939 0.4666534692 0)
(17.40091538 0.4858376982 0)
(18.23693014 0.5059659336 0)
(19.11408303 0.5270846275 0)
(20.03439834 0.5492425179 0)
(21 0.5724907408 0)
(1.02896805 0.1153119238 0)
(1.059361542 0.1161345042 0)
(1.09125062 0.1169975617 0)
(1.124708877 0.117903088 0)
(1.159813529 0.118853173 0)
(1.19664559 0.1198500091 0)
(1.235290062 0.120895897 0)
(1.275836128 0.1219932503 0)
(1.318377361 0.1231446016 0)
(1.363011939 0.1243526079 0)
(1.409842869 0.125620057 0)
(1.458978229 0.1269498741 0)
(1.510531412 0.128345128 0)
(1.564621395 0.1298090388 0)
(1.621373006 0.1313449848 0)
(1.680917217 0.1329565108 0)
(1.743391445 0.1346473358 0)
(1.808939869 0.1364213619 0)
(1.877713761 0.1382826833 0)
(1.949871839 0.1402355955 0)
(2.02558063 0.1422846055 0)
(2.105014855 0.1444344419 0)
(2.188357834 0.1466900663 0)
(2.275801905 0.1490566841 0)
(2.367548873 0.1515397571 0)
(2.463810472 0.1541450157 0)
(2.564808856 0.1568784723 0)
(2.670777111 0.1597464353 0)
(2.781959789 0.1627555233 0)
(2.89861348 0.1659126808 0)
(3.021007398 0.1692251939 0)
(3.149424004 0.1727007072 0)
(3.284159661 0.1763472415 0)
(3.425525311 0.1801732123 0)
(3.5738472 0.1841874493 0)
(3.729467626 0.1883992166 0)
(3.892745732 0.192818234 0)
(4.064058332 0.1974546999 0)
(4.243800782 0.2023193143 0)
(4.432387895 0.2074233038 0)
(4.630254892 0.2127784474 0)
(4.837858414 0.2183971039 0)
(5.055677569 0.2242922399 0)
(5.284215043 0.2304774604 0)
(5.523998255 0.2369670396 0)
(5.775580581 0.2437759542 0)
(6.039542623 0.250919918 0)
(6.316493556 0.2584154177 0)
(6.60707253 0.2662797517 0)
(6.911950144 0.2745310692 0)
(7.231829999 0.2831884128 0)
(7.567450316 0.2922717619 0)
(7.919585643 0.3018020791 0)
(8.28904864 0.3118013587 0)
(8.676691957 0.322292677 0)
(9.083410201 0.333300246 0)
(9.510142 0.344849469 0)
(9.957872169 0.3569669995 0)
(10.42763398 0.3696808024 0)
(10.92051157 0.3830202187 0)
(11.43764238 0.3970160332 0)
(11.98021987 0.4117005457 0)
(12.54949619 0.4271076451 0)
(13.14678514 0.4432728881 0)
(13.77346513 0.460233581 0)
(14.43098242 0.4780288658 0)
(15.12085444 0.4966998106 0)
(15.84467329 0.5162895044 0)
(16.60410939 0.5368431565 0)
(17.40091538 0.5584082007 0)
(18.23693014 0.5810344051 0)
(19.11408303 0.6047739866 0)
(20.03439834 0.6296817317 0)
(21 0.6558151225 0)
(1.02896805 0.1440007206 0)
(1.059361542 0.1449137653 0)
(1.09125062 0.1458717386 0)
(1.124708877 0.1468768513 0)
(1.159813529 0.147931423 0)
(1.19664559 0.1490378874 0)
(1.235290062 0.1501987981 0)
(1.275836128 0.1514168342 0)
(1.318377361 0.1526948067 0)
(1.363011939 0.1540356649 0)
(1.409842869 0.1554425033 0)
(1.458978229 0.1569185687 0)
(1.510531412 0.1584672673 0)
(1.564621395 0.1600921735 0)
(1.621373006 0.161797037 0)
(1.680917217 0.1635857925 0)
(1.743391445 0.1654625681 0)
(1.808939869 0.1674316949 0)
(1.877713761 0.1694977174 0)
(1.949871839 0.1716654035 0)
(2.02558063 0.1739397558 0)
(2.105014855 0.1763260232 0)
(2.188357834 0.1788297126 0)
(2.275801905 0.1814566021 0)
(2.367548873 0.184212754 0)
(2.463810472 0.1871045291 0)
(2.564808856 0.1901386009 0)
(2.670777111 0.1933219717 0)
(2.781959789 0.1966619878 0)
(2.89861348 0.2001663575 0)
(3.021007398 0.2038431683 0)
(3.149424004 0.2077009053 0)
(3.284159661 0.2117484717 0)
(3.425525311 0.2159952084 0)
(3.5738472 0.220450916 0)
(3.729467626 0.2251258775 0)
(3.892745732 0.2300308817 0)
(4.064058332 0.2351772486 0)
(4.243800782 0.2405768549 0)
(4.432387895 0.2462421618 0)
(4.630254892 0.2521862439 0)
(4.837858414 0.258422819 0)
(5.055677569 0.2649662798 0)
(5.284215043 0.2718317274 0)
(5.523998255 0.279035006 0)
(5.775580581 0.2865927393 0)
(6.039542623 0.2945223692 0)
(6.316493556 0.3028421956 0)
(6.60707253 0.3115714193 0)
(6.911950144 0.3207301855 0)
(7.231829999 0.330339631 0)
(7.567450316 0.3404219325 0)
(7.919585643 0.351000358 0)
(8.28904864 0.3620993205 0)
(8.676691957 0.3737444343 0)
(9.083410201 0.3859625741 0)
(9.510142 0.398781937 0)
(9.957872169 0.4122321077 0)
(10.42763398 0.4263441265 0)
(10.92051157 0.4411505614 0)
(11.43764238 0.4566855827 0)
(11.98021987 0.4729850423 0)
(12.54949619 0.4900865563 0)
(13.14678514 0.5080295915 0)
(13.77346513 0.5268555573 0)
(14.43098242 0.5466079002 0)
(15.12085444 0.5673322049 0)
(15.84467329 0.5890762992 0)
(16.60410939 0.6118903642 0)
(17.40091538 0.6358270504 0)
(18.23693014 0.6609415992 0)
(19.11408303 0.6872919701 0)
(20.03439834 0.7149389748 0)
(21 0.7439464172 0)
(1.02896805 0.178801893 0)
(1.059361542 0.1798038372 0)
(1.09125062 0.1808550846 0)
(1.124708877 0.1819580611 0)
(1.159813529 0.1831153123 0)
(1.19664559 0.1843295088 0)
(1.235290062 0.1856034527 0)
(1.275836128 0.1869400842 0)
(1.318377361 0.1883424878 0)
(1.363011939 0.1898139002 0)
(1.409842869 0.1913577169 0)
(1.458978229 0.1929775008 0)
(1.510531412 0.1946769902 0)
(1.564621395 0.196460107 0)
(1.621373006 0.1983309664 0)
(1.680917217 0.2002938859 0)
(1.743391445 0.2023533957 0)
(1.808939869 0.2045142486 0)
(1.877713761 0.2067814316 0)
(1.949871839 0.2091601767 0)
(2.02558063 0.2116559737 0)
(2.105014855 0.2142745825 0)
(2.188357834 0.2170220463 0)
(2.275801905 0.2199047056 0)
(2.367548873 0.2229292132 0)
(2.463810472 0.226102549 0)
(2.564808856 0.2294320364 0)
(2.670777111 0.2329253593 0)
(2.781959789 0.2365905797 0)
(2.89861348 0.240436156 0)
(3.021007398 0.2444709633 0)
(3.149424004 0.248704313 0)
(3.284159661 0.2531459749 0)
(3.425525311 0.2578061995 0)
(3.5738472 0.2626957418 0)
(3.729467626 0.2678258858 0)
(3.892745732 0.2732084709 0)
(4.064058332 0.2788559192 0)
(4.243800782 0.2847812638 0)
(4.432387895 0.2909981793 0)
(4.630254892 0.2975210132 0)
(4.837858414 0.304364819 0)
(5.055677569 0.3115453907 0)
(5.284215043 0.3190792998 0)
(5.523998255 0.3269839331 0)
(5.775580581 0.3352775331 0)
(6.039542623 0.3439792397 0)
(6.316493556 0.3531091348 0)
(6.60707253 0.3626882885 0)
(6.911950144 0.3727388076 0)
(7.231829999 0.3832838868 0)
(7.567450316 0.3943478621 0)
(7.919585643 0.4059562671 0)
(8.28904864 0.4181358917 0)
(8.676691957 0.4309148443 0)
(9.083410201 0.4443226161 0)
(9.510142 0.4583901497 0)
(9.957872169 0.4731499103 0)
(10.42763398 0.4886359607 0)
(10.92051157 0.5048840396 0)
(11.43764238 0.5219316446 0)
(11.98021987 0.5398181182 0)
(12.54949619 0.558584739 0)
(13.14678514 0.5782748167 0)
(13.77346513 0.5989337923 0)
(14.43098242 0.6206093428 0)
(15.12085444 0.6433514912 0)
(15.84467329 0.667212722 0)
(16.60410939 0.6922481024 0)
(17.40091538 0.7185154092 0)
(18.23693014 0.7460752624 0)
(19.11408303 0.7749912648 0)
(20.03439834 0.805330149 0)
(21 0.8371619314 0)
(1.02896805 0.2210208261 0)
(1.059361542 0.2221085649 0)
(1.09125062 0.2232498286 0)
(1.124708877 0.2244472508 0)
(1.159813529 0.2257035952 0)
(1.19664559 0.227021761 0)
(1.235290062 0.2284047903 0)
(1.275836128 0.229855875 0)
(1.318377361 0.2313783638 0)
(1.363011939 0.2329757703 0)
(1.409842869 0.2346517811 0)
(1.458978229 0.236410264 0)
(1.510531412 0.2382552774 0)
(1.564621395 0.2401910791 0)
(1.621373006 0.2422221365 0)
(1.680917217 0.2443531371 0)
(1.743391445 0.2465889988 0)
(1.808939869 0.2489348814 0)
(1.877713761 0.2513961988 0)
(1.949871839 0.2539786313 0)
(2.02558063 0.2566881387 0)
(2.105014855 0.2595309739 0)
(2.188357834 0.2625136977 0)
(2.275801905 0.2656431936 0)
(2.367548873 0.2689266839 0)
(2.463810472 0.2723717464 0)
(2.564808856 0.2759863314 0)
(2.670777111 0.2797787809 0)
(2.781959789 0.283757847 0)
(2.89861348 0.2879327127 0)
(3.021007398 0.2923130127 0)
(3.149424004 0.296908856 0)
(3.284159661 0.3017308489 0)
(3.425525311 0.3067901196 0)
(3.5738472 0.312098344 0)
(3.729467626 0.3176677724 0)
(3.892745732 0.3235112579 0)
(4.064058332 0.3296422863 0)
(4.243800782 0.3360750068 0)
(4.432387895 0.3428242649 0)
(4.630254892 0.3499056365 0)
(4.837858414 0.3573354642 0)
(5.055677569 0.3651308945 0)
(5.284215043 0.3733099177 0)
(5.523998255 0.3818914097 0)
(5.775580581 0.3908951746 0)
(6.039542623 0.4003419916 0)
(6.316493556 0.4102536621 0)
(6.60707253 0.4206530603 0)
(6.911950144 0.4315641861 0)
(7.231829999 0.4430122201 0)
(7.567450316 0.4550235824 0)
(7.919585643 0.4676259928 0)
(8.28904864 0.4808485353 0)
(8.676691957 0.494721725 0)
(9.083410201 0.5092775785 0)
(9.510142 0.524549688 0)
(9.957872169 0.5405732986 0)
(10.42763398 0.5573853897 0)
(10.92051157 0.5750247605 0)
(11.43764238 0.5935321191 0)
(11.98021987 0.612950177 0)
(12.54949619 0.6333237475 0)
(13.14678514 0.6546998487 0)
(13.77346513 0.6771278128 0)
(14.43098242 0.700659399 0)
(15.12085444 0.7253489139 0)
(15.84467329 0.751253336 0)
(16.60410939 0.7784324479 0)
(17.40091538 0.8069489737 0)
(18.23693014 0.8368687242 0)
(19.11408303 0.8682607483 0)
(20.03439834 0.9011974929 0)
(21 0.9357549697 0)
(1.02896805 0.272241868 0)
(1.059361542 0.2734103573 0)
(1.09125062 0.274636345 0)
(1.124708877 0.2759226604 0)
(1.159813529 0.277272272 0)
(1.19664559 0.2786882946 0)
(1.235290062 0.2801739959 0)
(1.275836128 0.2817328048 0)
(1.318377361 0.2833683186 0)
(1.363011939 0.2850843119 0)
(1.409842869 0.2868847447 0)
(1.458978229 0.2887737722 0)
(1.510531412 0.2907557539 0)
(1.564621395 0.2928352638 0)
(1.621373006 0.2950171009 0)
(1.680917217 0.2973063007 0)
(1.743391445 0.2997081461 0)
(1.808939869 0.3022281801 0)
(1.877713761 0.3048722184 0)
(1.949871839 0.3076463631 0)
(2.02558063 0.3105570162 0)
(2.105014855 0.3136108951 0)
(2.188357834 0.3168150474 0)
(2.275801905 0.3201768679 0)
(2.367548873 0.3237041148 0)
(2.463810472 0.3274049285 0)
(2.564808856 0.3312878496 0)
(2.670777111 0.3353618393 0)
(2.781959789 0.3396362995 0)
(2.89861348 0.3441210948 0)
(3.021007398 0.3488265754 0)
(3.149424004 0.3537636005 0)
(3.284159661 0.3589435638 0)
(3.425525311 0.3643784198 0)
(3.5738472 0.370080711 0)
(3.729467626 0.3760635972 0)
(3.892745732 0.3823408859 0)
(4.064058332 0.3889270636 0)
(4.243800782 0.3958373302 0)
(4.432387895 0.4030876332 0)
(4.630254892 0.4106947049 0)
(4.837858414 0.4186761009 0)
(5.055677569 0.4270502409 0)
(5.284215043 0.4358364506 0)
(5.523998255 0.4450550071 0)
(5.775580581 0.4547271849 0)
(6.039542623 0.4648753056 0)
(6.316493556 0.4755227891 0)
(6.60707253 0.4866942078 0)
(6.911950144 0.4984153432 0)
(7.231829999 0.5107132454 0)
(7.567450316 0.5236162957 0)
(7.919585643 0.5371542717 0)
(8.28904864 0.5513584165 0)
(8.676691957 0.5662615107 0)
(9.083410201 0.5818979477 0)
(9.510142 0.5983038134 0)
(9.957872169 0.6155169693 0)
(10.42763398 0.6335771403 0)
(10.92051157 0.6525260056 0)
(11.43764238 0.6724072957 0)
(11.98021987 0.6932668927 0)
(12.54949619 0.7151529367 0)
(13.14678514 0.7381159363 0)
(13.77346513 0.762208886 0)
(14.43098242 0.7874873875 0)
(15.12085444 0.8140097787 0)
(15.84467329 0.8418372684 0)
(16.60410939 0.8710340771 0)
(17.40091538 0.9016675853 0)
(18.23693014 0.9338084894 0)
(19.11408303 0.9675309643 0)
(20.03439834 1.002912835 0)
(21 1.040035757 0)
(1.02896805 0.3343879547 0)
(1.059361542 0.3356297234 0)
(1.09125062 0.3369325963 0)
(1.124708877 0.3382995802 0)
(1.159813529 0.3397338299 0)
(1.19664559 0.3412386553 0)
(1.235290062 0.3428175293 0)
(1.275836128 0.3444740956 0)
(1.318377361 0.3462121772 0)
(1.363011939 0.3480357853 0)
(1.409842869 0.3499491285 0)
(1.458978229 0.3519566224 0)
(1.510531412 0.3540628998 0)
(1.564621395 0.3562728218 0)
(1.621373006 0.3585914883 0)
(1.680917217 0.3610242504 0)
(1.743391445 0.3635767224 0)
(1.808939869 0.366254795 0)
(1.877713761 0.3690646486 0)
(1.949871839 0.3720127678 0)
(2.02558063 0.3751059565 0)
(2.105014855 0.3783513529 0)
(2.188357834 0.3817564469 0)
(2.275801905 0.3853290968 0)
(2.367548873 0.3890775476 0)
(2.463810472 0.3930104499 0)
(2.564808856 0.3971368803 0)
(2.670777111 0.4014663616 0)
(2.781959789 0.4060088855 0)
(2.89861348 0.4107749353 0)
(3.021007398 0.4157755101 0)
(3.149424004 0.4210221503 0)
(3.284159661 0.4265269641 0)
(3.425525311 0.4323026556 0)
(3.5738472 0.4383625539 0)
(3.729467626 0.4447206442 0)
(3.892745732 0.4513915997 0)
(4.064058332 0.4583908157 0)
(4.243800782 0.4657344451 0)
(4.432387895 0.4734394355 0)
(4.630254892 0.4815235686 0)
(4.837858414 0.490005501 0)
(5.055677569 0.4989048074 0)
(5.284215043 0.5082420257 0)
(5.523998255 0.5180387045 0)
(5.775580581 0.5283174525 0)
(6.039542623 0.5391019911 0)
(6.316493556 0.5504172091 0)
(6.60707253 0.5622892197 0)
(6.911950144 0.5747454213 0)
(7.231829999 0.5878145604 0)
(7.567450316 0.6015267982 0)
(7.919585643 0.6159137797 0)
(8.28904864 0.6310087075 0)
(8.676691957 0.6468464177 0)
(9.083410201 0.6634634608 0)
(9.510142 0.6808981856 0)
(9.957872169 0.6991908283 0)
(10.42763398 0.7183836047 0)
(10.92051157 0.738520808 0)
(11.43764238 0.7596489112 0)
(11.98021987 0.7818166737 0)
(12.54949619 0.8050752547 0)
(13.14678514 0.8294783303 0)
(13.77346513 0.8550822184 0)
(14.43098242 0.8819460076 0)
(15.12085444 0.9101316946 0)
(15.84467329 0.9397043265 0)
(16.60410939 0.9707321512 0)
(17.40091538 1.003286775 0)
(18.23693014 1.037443328 0)
(19.11408303 1.073280637 0)
(20.03439834 1.110881407 0)
(21 1.150332414 0)
(1.02896805 0.4097929801 0)
(1.059361542 0.4110975333 0)
(1.09125062 0.4124662801 0)
(1.124708877 0.4139023794 0)
(1.159813529 0.4154091454 0)
(1.19664559 0.4169900555 0)
(1.235290062 0.4186487581 0)
(1.275836128 0.4203890812 0)
(1.318377361 0.4222150411 0)
(1.363011939 0.4241308517 0)
(1.409842869 0.4261409345 0)
(1.458978229 0.4282499283 0)
(1.510531412 0.4304627001 0)
(1.564621395 0.4327843568 0)
(1.621373006 0.4352202562 0)
(1.680917217 0.4377760199 0)
(1.743391445 0.4404575462 0)
(1.808939869 0.4432710235 0)
(1.877713761 0.4462229447 0)
(1.949871839 0.4493201223 0)
(2.02558063 0.452569704 0)
(2.105014855 0.4559791893 0)
(2.188357834 0.4595564465 0)
(2.275801905 0.4633097313 0)
(2.367548873 0.4672477056 0)
(2.463810472 0.4713794575 0)
(2.564808856 0.4757145222 0)
(2.670777111 0.4802629042 0)
(2.781959789 0.4850351003 0)
(2.89861348 0.490042124 0)
(3.021007398 0.4952955303 0)
(3.149424004 0.5008074432 0)
(3.284159661 0.506590583 0)
(3.425525311 0.5126582963 0)
(3.5738472 0.5190245861 0)
(3.729467626 0.5257041446 0)
(3.892745732 0.5327123869 0)
(4.064058332 0.5400654867 0)
(4.243800782 0.5477804135 0)
(4.432387895 0.555874972 0)
(4.630254892 0.5643678429 0)
(4.837858414 0.573278626 0)
(5.055677569 0.5826278857 0)
(5.284215043 0.5924371983 0)
(5.523998255 0.6027292019 0)
(5.775580581 0.6135276485 0)
(6.039542623 0.6248574587 0)
(6.316493556 0.6367447796 0)
(6.60707253 0.6492170449 0)
(6.911950144 0.6623030382 0)
(7.231829999 0.6760329594 0)
(7.567450316 0.6904384947 0)
(7.919585643 0.7055528891 0)
(8.28904864 0.7214110238 0)
(8.676691957 0.7380494964 0)
(9.083410201 0.7555067053 0)
(9.510142 0.7738229384 0)
(9.957872169 0.7930404661 0)
(10.42763398 0.8132036387 0)
(10.92051157 0.8343589889 0)
(11.43764238 0.8565553393 0)
(11.98021987 0.8798439148 0)
(12.54949619 0.9042784611 0)
(13.14678514 0.9299153682 0)
(13.77346513 0.9568138014 0)
(14.43098242 0.985035837 0)
(15.12085444 1.014646606 0)
(15.84467329 1.045714445 0)
(16.60410939 1.078311052 0)
(17.40091538 1.112511653 0)
(18.23693014 1.148395178 0)
(19.11408303 1.186044439 0)
(20.03439834 1.225546323 0)
(21 1.266991992 0)
(1.02896805 0.5012896349 0)
(1.059361542 0.5026427251 0)
(1.09125062 0.5040623975 0)
(1.124708877 0.5055519282 0)
(1.159813529 0.5071147549 0)
(1.19664559 0.5087544843 0)
(1.235290062 0.5104749006 0)
(1.275836128 0.5122799741 0)
(1.318377361 0.5141738705 0)
(1.363011939 0.5161609608 0)
(1.409842869 0.5182458306 0)
(1.458978229 0.5204332915 0)
(1.510531412 0.5227283917 0)
(1.564621395 0.5251364278 0)
(1.621373006 0.5276629572 0)
(1.680917217 0.5303138106 0)
(1.743391445 0.5330951056 0)
(1.808939869 0.536013261 0)
(1.877713761 0.5390750113 0)
(1.949871839 0.5422874224 0)
(2.02558063 0.545657908 0)
(2.105014855 0.5491942464 0)
(2.188357834 0.552904599 0)
(2.275801905 0.5567975284 0)
(2.367548873 0.5608820188 0)
(2.463810472 0.5651674964 0)
(2.564808856 0.5696638514 0)
(2.670777111 0.5743814603 0)
(2.781959789 0.5793312106 0)
(2.89861348 0.5845245254 0)
(3.021007398 0.5899733898 0)
(3.149424004 0.5956903787 0)
(3.284159661 0.6016886859 0)
(3.425525311 0.6079821542 0)
(3.5738472 0.614585308 0)
(3.729467626 0.6215133858 0)
(3.892745732 0.6287823766 0)
(4.064058332 0.6364090555 0)
(4.243800782 0.6444110237 0)
(4.432387895 0.652806748 0)
(4.630254892 0.6616156043 0)
(4.837858414 0.6708579217 0)
(5.055677569 0.6805550296 0)
(5.284215043 0.6907293072 0)
(5.523998255 0.7014042347 0)
(5.775580581 0.7126044478 0)
(6.039542623 0.7243557946 0)
(6.316493556 0.7366853947 0)
(6.60707253 0.7496217027 0)
(6.911950144 0.763194573 0)
(7.231829999 0.7774353291 0)
(7.567450316 0.7923768362 0)
(7.919585643 0.8080535762 0)
(8.28904864 0.8245017281 0)
(8.676691957 0.8417592512 0)
(9.083410201 0.8598659724 0)
(9.510142 0.8788636786 0)
(9.957872169 0.8987962128 0)
(10.42763398 0.9197095757 0)
(10.92051157 0.9416520311 0)
(11.43764238 0.9646742181 0)
(11.98021987 0.9888292676 0)
(12.54949619 1.014172925 0)
(13.14678514 1.040763678 0)
(13.77346513 1.068662893 0)
(14.43098242 1.097934957 0)
(15.12085444 1.128647423 0)
(15.84467329 1.16087117 0)
(16.60410939 1.194680565 0)
(17.40091538 1.230153633 0)
(18.23693014 1.26737224 0)
(19.11408303 1.306422277 0)
(20.03439834 1.347393866 0)
(21 1.390381562 0)
(1.02896805 0.6018539823 0)
(1.059361542 0.6032526428 0)
(1.09125062 0.6047201279 0)
(1.124708877 0.6062598241 0)
(1.159813529 0.6078752848 0)
(1.19664559 0.6095702382 0)
(1.235290062 0.6113485958 0)
(1.275836128 0.6132144618 0)
(1.318377361 0.6151721423 0)
(1.363011939 0.6172261551 0)
(1.409842869 0.6193812407 0)
(1.458978229 0.6216423724 0)
(1.510531412 0.6240147686 0)
(1.564621395 0.6265039043 0)
(1.621373006 0.6291155239 0)
(1.680917217 0.6318556546 0)
(1.743391445 0.63473062 0)
(1.808939869 0.6377470551 0)
(1.877713761 0.6409119211 0)
(1.949871839 0.6442325221 0)
(2.02558063 0.6477165212 0)
(2.105014855 0.651371959 0)
(2.188357834 0.6552072714 0)
(2.275801905 0.6592313096 0)
(2.367548873 0.6634533603 0)
(2.463810472 0.6678831673 0)
(2.564808856 0.6725309536 0)
(2.670777111 0.6774074455 0)
(2.781959789 0.682523897 0)
(2.89861348 0.6878921159 0)
(3.021007398 0.6935244909 0)
(3.149424004 0.6994340206 0)
(3.284159661 0.705634343 0)
(3.425525311 0.7121397672 0)
(3.5738472 0.7189653066 0)
(3.729467626 0.7261267131 0)
(3.892745732 0.733640514 0)
(4.064058332 0.7415240497 0)
(4.243800782 0.7497955137 0)
(4.432387895 0.7584739952 0)
(4.630254892 0.7675795223 0)
(4.837858414 0.7771331089 0)
(5.055677569 0.7871568028 0)
(5.284215043 0.7976737369 0)
(5.523998255 0.8087081821 0)
(5.775580581 0.8202856039 0)
(6.039542623 0.8324327207 0)
(6.316493556 0.8451775658 0)
(6.60707253 0.8585495518 0)
(6.911950144 0.8725795388 0)
(7.231829999 0.8872999051 0)
(7.567450316 0.9027446227 0)
(7.919585643 0.918949335 0)
(8.28904864 0.9359514394 0)
(8.676691957 0.9537901734 0)
(9.083410201 0.9725067054 0)
(9.510142 0.9921442297 0)
(9.957872169 1.012748066 0)
(10.42763398 1.034365764 0)
(10.92051157 1.057047213 0)
(11.43764238 1.080844757 0)
(11.98021987 1.105813317 0)
(12.54949619 1.132010516 0)
(13.14678514 1.159496811 0)
(13.77346513 1.188335635 0)
(14.43098242 1.218593544 0)
(15.12085444 1.250340366 0)
(15.84467329 1.283649368 0)
(16.60410939 1.318597419 0)
(17.40091538 1.355265174 0)
(18.23693014 1.393737255 0)
(19.11408303 1.434102447 0)
(20.03439834 1.476453906 0)
(21 1.520889371 0)
(1.02896805 0.7100625724 0)
(1.059361542 0.7115066278 0)
(1.09125062 0.7130217414 0)
(1.124708877 0.7146114098 0)
(1.159813529 0.7162793017 0)
(1.19664559 0.7180292663 0)
(1.235290062 0.719865342 0)
(1.275836128 0.7217917664 0)
(1.318377361 0.7238129851 0)
(1.363011939 0.7259336628 0)
(1.409842869 0.7281586935 0)
(1.458978229 0.7304932123 0)
(1.510531412 0.7329426067 0)
(1.564621395 0.7355125294 0)
(1.621373006 0.7382089115 0)
(1.680917217 0.7410379755 0)
(1.743391445 0.7440062505 0)
(1.808939869 0.7471205866 0)
(1.877713761 0.7503881712 0)
(1.949871839 0.7538165452 0)
(2.02558063 0.7574136206 0)
(2.105014855 0.7611876988 0)
(2.188357834 0.7651474896 0)
(2.275801905 0.7693021315 0)
(2.367548873 0.7736612127 0)
(2.463810472 0.7782347929 0)
(2.564808856 0.7830334273 0)
(2.670777111 0.78806819 0)
(2.781959789 0.7933507005 0)
(2.89861348 0.7988931496 0)
(3.021007398 0.8047083283 0)
(3.149424004 0.810809657 0)
(3.284159661 0.8172112163 0)
(3.425525311 0.8239277799 0)
(3.5738472 0.8309748481 0)
(3.729467626 0.8383686845 0)
(3.892745732 0.8461263524 0)
(4.064058332 0.8542657551 0)
(4.243800782 0.8628056768 0)
(4.432387895 0.871765826 0)
(4.630254892 0.8811668811 0)
(4.837858414 0.8910305378 0)
(5.055677569 0.9013795595 0)
(5.284215043 0.91223783 0)
(5.523998255 0.9236304078 0)
(5.775580581 0.9355835851 0)
(6.039542623 0.9481249473 0)
(6.316493556 0.9612834376 0)
(6.60707253 0.9750894232 0)
(6.911950144 0.9895747657 0)
(7.231829999 1.004772895 0)
(7.567450316 1.020718884 0)
(7.919585643 1.037449535 0)
(8.28904864 1.055003457 0)
(8.676691957 1.073421163 0)
(9.083410201 1.092745157 0)
(9.510142 1.113020034 0)
(9.957872169 1.134292586 0)
(10.42763398 1.156611905 0)
(10.92051157 1.180029501 0)
(11.43764238 1.204599415 0)
(11.98021987 1.230378352 0)
(12.54949619 1.257425804 0)
(13.14678514 1.285804191 0)
(13.77346513 1.315579005 0)
(14.43098242 1.346818961 0)
(15.12085444 1.379596154 0)
(15.84467329 1.413986229 0)
(16.60410939 1.45006855 0)
(17.40091538 1.48792639 0)
(18.23693014 1.527647115 0)
(19.11408303 1.569322395 0)
(20.03439834 1.613048409 0)
(21 1.658926066 0)
(1.02896805 0.8264965343 0)
(1.059361542 0.8279855854 0)
(1.09125062 0.8295479089 0)
(1.124708877 0.8311871104 0)
(1.159813529 0.8329069727 0)
(1.19664559 0.8347114649 0)
(1.235290062 0.8366047516 0)
(1.275836128 0.8385912021 0)
(1.318377361 0.8406754006 0)
(1.363011939 0.8428621572 0)
(1.409842869 0.8451565184 0)
(1.458978229 0.8475637792 0)
(1.510531412 0.8500894951 0)
(1.564621395 0.8527394949 0)
(1.621373006 0.8555198944 0)
(1.680917217 0.8584371102 0)
(1.743391445 0.8614978746 0)
(1.808939869 0.8647092514 0)
(1.877713761 0.8680786517 0)
(1.949871839 0.8716138515 0)
(2.02558063 0.8753230094 0)
(2.105014855 0.8792146854 0)
(2.188357834 0.8832978606 0)
(2.275801905 0.8875819584 0)
(2.367548873 0.8920768656 0)
(2.463810472 0.8967929556 0)
(2.564808856 0.9017411122 0)
(2.670777111 0.9069327548 0)
(2.781959789 0.9123798647 0)
(2.89861348 0.9180950129 0)
(3.021007398 0.9240913887 0)
(3.149424004 0.9303828307 0)
(3.284159661 0.9369838583 0)
(3.425525311 0.9439097055 0)
(3.5738472 0.9511763557 0)
(3.729467626 0.958800579 0)
(3.892745732 0.9667999707 0)
(4.064058332 0.9751929918 0)
(4.243800782 0.9839990117 0)
(4.432387895 0.9932383532 0)
(4.630254892 1.002932339 0)
(4.837858414 1.013103341 0)
(5.055677569 1.023774831 0)
(5.284215043 1.034971438 0)
(5.523998255 1.046719001 0)
(5.775580581 1.059044631 0)
(6.039542623 1.071976774 0)
(6.316493556 1.085545274 0)
(6.60707253 1.099781445 0)
(6.911950144 1.114718141 0)
(7.231829999 1.130389833 0)
(7.567450316 1.146832689 0)
(7.919585643 1.164084655 0)
(8.28904864 1.182185547 0)
(8.676691957 1.201177136 0)
(9.083410201 1.221103252 0)
(9.510142 1.242009881 0)
(9.957872169 1.263945272 0)
(10.42763398 1.286960046 0)
(10.92051157 1.311107318 0)
(11.43764238 1.336442815 0)
(11.98021987 1.363025006 0)
(12.54949619 1.390915238 0)
(13.14678514 1.420177877 0)
(13.77346513 1.450880454 0)
(14.43098242 1.483093826 0)
(15.12085444 1.516892335 0)
(15.84467329 1.552353982 0)
(16.60410939 1.589560604 0)
(17.40091538 1.628598068 0)
(18.23693014 1.669556465 0)
(19.11408303 1.712530319 0)
(20.03439834 1.757618806 0)
(21 1.80492598 0)
(1.02896805 0.9517811787 0)
(1.059361542 0.9533145742 0)
(1.09125062 0.9549234241 0)
(1.124708877 0.9566114414 0)
(1.159813529 0.9583825216 0)
(1.19664559 0.9602407521 0)
(1.235290062 0.9621904214 0)
(1.275836128 0.9642360288 0)
(1.318377361 0.9663822953 0)
(1.363011939 0.9686341741 0)
(1.409842869 0.9709968619 0)
(1.458978229 0.9734758116 0)
(1.510531412 0.9760767439 0)
(1.564621395 0.9788056615 0)
(1.621373006 0.981668862 0)
(1.680917217 0.9846729532 0)
(1.743391445 0.987824868 0)
(1.808939869 0.9911318804 0)
(1.877713761 0.9946016223 0)
(1.949871839 0.9982421013 0)
(2.02558063 1.002061719 0)
(2.105014855 1.00606929 0)
(2.188357834 1.010274063 0)
(2.275801905 1.014685743 0)
(2.367548873 1.019314509 0)
(2.463810472 1.024171046 0)
(2.564808856 1.02926656 0)
(2.670777111 1.034612811 0)
(2.781959789 1.040222137 0)
(2.89861348 1.046107484 0)
(3.021007398 1.052282433 0)
(3.149424004 1.058761236 0)
(3.284159661 1.065558844 0)
(3.425525311 1.072690944 0)
(3.5738472 1.080173997 0)
(3.729467626 1.088025272 0)
(3.892745732 1.096262888 0)
(4.064058332 1.104905855 0)
(4.243800782 1.113974121 0)
(4.432387895 1.123488612 0)
(4.630254892 1.133471287 0)
(4.837858414 1.143945184 0)
(5.055677569 1.154934474 0)
(5.284215043 1.166464519 0)
(5.523998255 1.178561927 0)
(5.775580581 1.191254618 0)
(6.039542623 1.204571883 0)
(6.316493556 1.218544456 0)
(6.60707253 1.233204584 0)
(6.911950144 1.248586099 0)
(7.231829999 1.264724498 0)
(7.567450316 1.281657027 0)
(7.919585643 1.299422761 0)
(8.28904864 1.318062702 0)
(8.676691957 1.337619865 0)
(9.083410201 1.358139386 0)
(9.510142 1.37966862 0)
(9.957872169 1.402257252 0)
(10.42763398 1.425957413 0)
(10.92051157 1.450823796 0)
(11.43764238 1.476913791 0)
(11.98021987 1.504287607 0)
(12.54949619 1.533008417 0)
(13.14678514 1.563142505 0)
(13.77346513 1.594759413 0)
(14.43098242 1.627932107 0)
(15.12085444 1.662737145 0)
(15.84467329 1.699254848 0)
(16.60410939 1.737569493 0)
(17.40091538 1.777769503 0)
(18.23693014 1.819947652 0)
(19.11408303 1.864201278 0)
(20.03439834 1.910632512 0)
(21 1.959348506 0)
(1.02896805 1.086589358 0)
(1.059361542 1.088166162 0)
(1.09125062 1.089820556 0)
(1.124708877 1.091556359 0)
(1.159813529 1.093377576 0)
(1.19664559 1.09528841 0)
(1.235290062 1.097293272 0)
(1.275836128 1.099396788 0)
(1.318377361 1.101603812 0)
(1.363011939 1.103919439 0)
(1.409842869 1.106349011 0)
(1.458978229 1.108898136 0)
(1.510531412 1.111572697 0)
(1.564621395 1.114378867 0)
(1.621373006 1.117323121 0)
(1.680917217 1.120412254 0)
(1.743391445 1.123653395 0)
(1.808939869 1.127054024 0)
(1.877713761 1.13062199 0)
(1.949871839 1.134365526 0)
(2.02558063 1.138293271 0)
(2.105014855 1.142414291 0)
(2.188357834 1.146738096 0)
(2.275801905 1.151274664 0)
(2.367548873 1.156034465 0)
(2.463810472 1.161028483 0)
(2.564808856 1.166268244 0)
(2.670777111 1.17176584 0)
(2.781959789 1.177533959 0)
(2.89861348 1.183585911 0)
(3.021007398 1.189935665 0)
(3.149424004 1.196597874 0)
(3.284159661 1.203587913 0)
(3.425525311 1.210921914 0)
(3.5738472 1.218616802 0)
(3.729467626 1.226690335 0)
(3.892745732 1.235161146 0)
(4.064058332 1.244048784 0)
(4.243800782 1.25337376 0)
(4.432387895 1.263157594 0)
(4.630254892 1.273422865 0)
(4.837858414 1.284193263 0)
(5.055677569 1.295493645 0)
(5.284215043 1.307350089 0)
(5.523998255 1.319789959 0)
(5.775580581 1.332841962 0)
(6.039542623 1.346536221 0)
(6.316493556 1.360904339 0)
(6.60707253 1.375979475 0)
(6.911950144 1.391796419 0)
(7.231829999 1.408391674 0)
(7.567450316 1.42580354 0)
(7.919585643 1.444072198 0)
(8.28904864 1.463239809 0)
(8.676691957 1.483350609 0)
(9.083410201 1.50445101 0)
(9.510142 1.526589707 0)
(9.957872169 1.549817792 0)
(10.42763398 1.574188872 0)
(10.92051157 1.599759189 0)
(11.43764238 1.626587755 0)
(11.98021987 1.654736486 0)
(12.54949619 1.684270343 0)
(13.14678514 1.715257486 0)
(13.77346513 1.747769425 0)
(14.43098242 1.781881193 0)
(15.12085444 1.817671514 0)
(15.84467329 1.855222983 0)
(16.60410939 1.894622263 0)
(17.40091538 1.935960281 0)
(18.23693014 1.979332435 0)
(19.11408303 2.024838821 0)
(20.03439834 2.072584459 0)
(21 2.122679536 0)
(1.02896805 1.231645081 0)
(1.059361542 1.233264037 0)
(1.09125062 1.234962658 0)
(1.124708877 1.236744864 0)
(1.159813529 1.238614768 0)
(1.19664559 1.240576684 0)
(1.235290062 1.242635142 0)
(1.275836128 1.244794891 0)
(1.318377361 1.247060916 0)
(1.363011939 1.249438445 0)
(1.409842869 1.251932967 0)
(1.458978229 1.254550238 0)
(1.510531412 1.257296298 0)
(1.564621395 1.260177485 0)
(1.621373006 1.263200447 0)
(1.680917217 1.266372162 0)
(1.743391445 1.269699948 0)
(1.808939869 1.273191487 0)
(1.877713761 1.276854834 0)
(1.949871839 1.280698446 0)
(2.02558063 1.284731192 0)
(2.105014855 1.288962379 0)
(2.188357834 1.293401771 0)
(2.275801905 1.298059615 0)
(2.367548873 1.302946659 0)
(2.463810472 1.308074182 0)
(2.564808856 1.313454018 0)
(2.670777111 1.319098581 0)
(2.781959789 1.325020898 0)
(2.89861348 1.331234637 0)
(3.021007398 1.337754139 0)
(3.149424004 1.344594448 0)
(3.284159661 1.351771351 0)
(3.425525311 1.359301411 0)
(3.5738472 1.367202006 0)
(3.729467626 1.375491369 0)
(3.892745732 1.38418863 0)
(4.064058332 1.39331386 0)
(4.243800782 1.40288812 0)
(4.432387895 1.412933504 0)
(4.630254892 1.423473196 0)
(4.837858414 1.434531519 0)
(5.055677569 1.446133993 0)
(5.284215043 1.458307395 0)
(5.523998255 1.471079819 0)
(5.775580581 1.484480741 0)
(6.039542623 1.498541087 0)
(6.316493556 1.513293307 0)
(6.60707253 1.528771446 0)
(6.911950144 1.545011224 0)
(7.231829999 1.562050119 0)
(7.567450316 1.579927455 0)
(7.919585643 1.598684488 0)
(8.28904864 1.618364506 0)
(8.676691957 1.639012927 0)
(9.083410201 1.660677403 0)
(9.510142 1.683407933 0)
(9.957872169 1.707256973 0)
(10.42763398 1.732279563 0)
(10.92051157 1.75853345 0)
(11.43764238 1.786079222 0)
(11.98021987 1.814980452 0)
(12.54949619 1.845303836 0)
(13.14678514 1.877119356 0)
(13.77346513 1.910500435 0)
(14.43098242 1.945524111 0)
(15.12085444 1.982271211 0)
(15.84467329 2.020826542 0)
(16.60410939 2.061279081 0)
(17.40091538 2.103722185 0)
(18.23693014 2.148253804 0)
(19.11408303 2.19497671 0)
(20.03439834 2.243998729 0)
(21 2.295432995 0)
(1.02896805 1.387727401 0)
(1.059361542 1.389386896 0)
(1.09125062 1.391128051 0)
(1.124708877 1.392954883 0)
(1.159813529 1.394871608 0)
(1.19664559 1.396882651 0)
(1.235290062 1.398992652 0)
(1.275836128 1.401206481 0)
(1.318377361 1.403529247 0)
(1.363011939 1.40596631 0)
(1.409842869 1.408523294 0)
(1.458978229 1.411206102 0)
(1.510531412 1.414020923 0)
(1.564621395 1.416974254 0)
(1.621373006 1.420072911 0)
(1.680917217 1.423324045 0)
(1.743391445 1.426735159 0)
(1.808939869 1.430314125 0)
(1.877713761 1.434069202 0)
(1.949871839 1.438009058 0)
(2.02558063 1.442142783 0)
(2.105014855 1.446479918 0)
(2.188357834 1.451030473 0)
(2.275801905 1.455804949 0)
(2.367548873 1.460814364 0)
(2.463810472 1.46607028 0)
(2.564808856 1.471584825 0)
(2.670777111 1.477370728 0)
(2.781959789 1.483441339 0)
(2.89861348 1.48981067 0)
(3.021007398 1.496493419 0)
(3.149424004 1.503505009 0)
(3.284159661 1.510861621 0)
(3.425525311 1.518580233 0)
(3.5738472 1.526678658 0)
(3.729467626 1.535175585 0)
(3.892745732 1.544090625 0)
(4.064058332 1.55344435 0)
(4.243800782 1.563258348 0)
(4.432387895 1.573555268 0)
(4.630254892 1.584358873 0)
(4.837858414 1.595694095 0)
(5.055677569 1.607587094 0)
(5.284215043 1.620065317 0)
(5.523998255 1.633157561 0)
(5.775580581 1.64689404 0)
(6.039542623 1.661306456 0)
(6.316493556 1.67642807 0)
(6.60707253 1.69229378 0)
(6.911950144 1.7089402 0)
(7.231829999 1.726405747 0)
(7.567450316 1.744730729 0)
(7.919585643 1.763957437 0)
(8.28904864 1.78413024 0)
(8.676691957 1.805295696 0)
(9.083410201 1.827502648 0)
(9.510142 1.850802348 0)
(9.957872169 1.875248566 0)
(10.42763398 1.900897719 0)
(10.92051157 1.927809 0)
(11.43764238 1.956044516 0)
(11.98021987 1.985669429 0)
(12.54949619 2.016752108 0)
(13.14678514 2.049364285 0)
(13.77346513 2.083581223 0)
(14.43098242 2.119481888 0)
(15.12085444 2.157149132 0)
(15.84467329 2.196669884 0)
(16.60410939 2.238135351 0)
(17.40091538 2.281641225 0)
(18.23693014 2.327287912 0)
(19.11408303 2.375180754 0)
(20.03439834 2.42543028 0)
(21 2.478152454 0)
(1.02896805 1.555674605 0)
(1.059361542 1.557372623 0)
(1.09125062 1.559154197 0)
(1.124708877 1.561023437 0)
(1.159813529 1.562984658 0)
(1.19664559 1.565042385 0)
(1.235290062 1.567201368 0)
(1.275836128 1.569466589 0)
(1.318377361 1.571843275 0)
(1.363011939 1.574336912 0)
(1.409842869 1.576953255 0)
(1.458978229 1.579698341 0)
(1.510531412 1.582578505 0)
(1.564621395 1.585600395 0)
(1.621373006 1.588770985 0)
(1.680917217 1.592097591 0)
(1.743391445 1.59558789 0)
(1.808939869 1.599249938 0)
(1.877713761 1.603092187 0)
(1.949871839 1.607123502 0)
(2.02558063 1.611353188 0)
(2.105014855 1.615791006 0)
(2.188357834 1.620447197 0)
(2.275801905 1.625332508 0)
(2.367548873 1.630458212 0)
(2.463810472 1.635836139 0)
(2.564808856 1.641478699 0)
(2.670777111 1.647398916 0)
(2.781959789 1.653610451 0)
(2.89861348 1.66012764 0)
(3.021007398 1.666965522 0)
(3.149424004 1.67413988 0)
(3.284159661 1.681667269 0)
(3.425525311 1.689565061 0)
(3.5738472 1.697851483 0)
(3.729467626 1.706545659 0)
(3.892745732 1.715667652 0)
(4.064058332 1.725238516 0)
(4.243800782 1.735280337 0)
(4.432387895 1.74581629 0)
(4.630254892 1.75687069 0)
(4.837858414 1.768469048 0)
(5.055677569 1.780638132 0)
(5.284215043 1.793406025 0)
(5.523998255 1.806802193 0)
(5.775580581 1.820857552 0)
(6.039542623 1.835604539 0)
(6.316493556 1.851077187 0)
(6.60707253 1.867311204 0)
(6.911950144 1.884344055 0)
(7.231829999 1.902215048 0)
(7.567450316 1.920965428 0)
(7.919585643 1.940638465 0)
(8.28904864 1.961279561 0)
(8.676691957 1.982936352 0)
(9.083410201 2.005658818 0)
(9.510142 2.029499398 0)
(9.957872169 2.054513112 0)
(10.42763398 2.080757686 0)
(10.92051157 2.108293687 0)
(11.43764238 2.137184664 0)
(11.98021987 2.167497292 0)
(12.54949619 2.199301525 0)
(13.14678514 2.232670763 0)
(13.77346513 2.267682015 0)
(14.43098242 2.30441608 0)
(15.12085444 2.342957734 0)
(15.84467329 2.383395923 0)
(16.60410939 2.425823971 0)
(17.40091538 2.470339793 0)
(18.23693014 2.517046124 0)
(19.11408303 2.566050754 0)
(20.03439834 2.617466774 0)
(21 2.671412845 0)
(1.02896805 1.736388711 0)
(1.059361542 1.73812279 0)
(1.09125062 1.7399422 0)
(1.124708877 1.741851138 0)
(1.159813529 1.74385401 0)
(1.19664559 1.745955438 0)
(1.235290062 1.748160272 0)
(1.275836128 1.7504736 0)
(1.318377361 1.752900761 0)
(1.363011939 1.755447356 0)
(1.409842869 1.758119263 0)
(1.458978229 1.760922647 0)
(1.510531412 1.763863978 0)
(1.564621395 1.766950045 0)
(1.621373006 1.77018797 0)
(1.680917217 1.773585224 0)
(1.743391445 1.777149648 0)
(1.808939869 1.780889469 0)
(1.877713761 1.784813316 0)
(1.949871839 1.788930246 0)
(2.02558063 1.793249759 0)
(2.105014855 1.797781824 0)
(2.188357834 1.802536901 0)
(2.275801905 1.807525962 0)
(2.367548873 1.812760523 0)
(2.463810472 1.818252662 0)
(2.564808856 1.824015056 0)
(2.670777111 1.830061002 0)
(2.781959789 1.836404454 0)
(2.89861348 1.84306005 0)
(3.021007398 1.850043151 0)
(3.149424004 1.857369873 0)
(3.284159661 1.865057124 0)
(3.425525311 1.873122644 0)
(3.5738472 1.881585048 0)
(3.729467626 1.890463865 0)
(3.892745732 1.899779585 0)
(4.064058332 1.909553708 0)
(4.243800782 1.919808791 0)
(4.432387895 1.930568499 0)
(4.630254892 1.941857665 0)
(4.837858414 1.953702342 0)
(5.055677569 1.966129865 0)
(5.284215043 1.979168914 0)
(5.523998255 1.992849581 0)
(5.775580581 2.007203438 0)
(6.039542623 2.022263612 0)
(6.316493556 2.038064858 0)
(6.60707253 2.054643642 0)
(6.911950144 2.072038225 0)
(7.231829999 2.090288751 0)
(7.567450316 2.109437339 0)
(7.919585643 2.129528179 0)
(8.28904864 2.150607637 0)
(8.676691957 2.172724361 0)
(9.083410201 2.195929392 0)
(9.510142 2.220276283 0)
(9.957872169 2.245821221 0)
(10.42763398 2.272623159 0)
(10.92051157 2.300743952 0)
(11.43764238 2.330248497 0)
(11.98021987 2.361204884 0)
(12.54949619 2.393684555 0)
(13.14678514 2.427762466 0)
(13.77346513 2.463517264 0)
(14.43098242 2.501031463 0)
(15.12085444 2.540391639 0)
(15.84467329 2.581688627 0)
(16.60410939 2.625017734 0)
(17.40091538 2.670478954 0)
(18.23693014 2.718177204 0)
(19.11408303 2.768222561 0)
(20.03439834 2.820730521 0)
(21 2.875822263 0)
(1.02896805 1.93084032 0)
(1.059361542 1.9326075 0)
(1.09125062 1.93446164 0)
(1.124708877 1.936407016 0)
(1.159813529 1.93844812 0)
(1.19664559 1.940589661 0)
(1.235290062 1.942836581 0)
(1.275836128 1.945194067 0)
(1.318377361 1.947667559 0)
(1.363011939 1.950262765 0)
(1.409842869 1.952985674 0)
(1.458978229 1.955842571 0)
(1.510531412 1.958840048 0)
(1.564621395 1.961985023 0)
(1.621373006 1.965284754 0)
(1.680917217 1.968746856 0)
(1.743391445 1.97237932 0)
(1.808939869 1.976190528 0)
(1.877713761 1.980189275 0)
(1.949871839 1.984384791 0)
(2.02558063 1.988786757 0)
(2.105014855 1.993405332 0)
(2.188357834 1.998251176 0)
(2.275801905 2.003335471 0)
(2.367548873 2.008669951 0)
(2.463810472 2.014266927 0)
(2.564808856 2.020139316 0)
(2.670777111 2.02630067 0)
(2.781959789 2.032765208 0)
(2.89861348 2.039547849 0)
(3.021007398 2.046664247 0)
(3.149424004 2.054130824 0)
(3.284159661 2.061964813 0)
(3.425525311 2.070184291 0)
(3.5738472 2.078808229 0)
(3.729467626 2.087856529 0)
(3.892745732 2.097350072 0)
(4.064058332 2.107310768 0)
(4.243800782 2.117761604 0)
(4.432387895 2.128726699 0)
(4.630254892 2.140231357 0)
(4.837858414 2.15230213 0)
(5.055677569 2.164966875 0)
(5.284215043 2.178254819 0)
(5.523998255 2.192196629 0)
(5.775580581 2.206824479 0)
(6.039542623 2.222172128 0)
(6.316493556 2.238274995 0)
(6.60707253 2.255170243 0)
(6.911950144 2.272896862 0)
(7.231829999 2.291495762 0)
(7.567450316 2.311009866 0)
(7.919585643 2.331484209 0)
(8.28904864 2.352966041 0)
(8.676691957 2.375504939 0)
(9.083410201 2.399152918 0)
(9.510142 2.423964553 0)
(9.957872169 2.449997104 0)
(10.42763398 2.47731065 0)
(10.92051157 2.505968225 0)
(11.43764238 2.536035966 0)
(11.98021987 2.567583262 0)
(12.54949619 2.60068292 0)
(13.14678514 2.635411326 0)
(13.77346513 2.671848627 0)
(14.43098242 2.710078913 0)
(15.12085444 2.750190414 0)
(15.84467329 2.792275698 0)
(16.60410939 2.83643189 0)
(17.40091538 2.882760894 0)
(18.23693014 2.931369629 0)
(19.11408303 2.982370274 0)
(20.03439834 3.03588053 0)
(21 3.092023887 0)
(1.02896805 2.140073827 0)
(1.059361542 2.141870594 0)
(1.09125062 2.143755775 0)
(1.124708877 2.145733722 0)
(1.159813529 2.147808997 0)
(1.19664559 2.149986392 0)
(1.235290062 2.152270931 0)
(1.275836128 2.154667886 0)
(1.318377361 2.157182789 0)
(1.363011939 2.159821444 0)
(1.409842869 2.16258994 0)
(1.458978229 2.165494667 0)
(1.510531412 2.168542328 0)
(1.564621395 2.171739957 0)
(1.621373006 2.175094932 0)
(1.680917217 2.178614997 0)
(1.743391445 2.182308276 0)
(1.808939869 2.186183291 0)
(1.877713761 2.190248986 0)
(1.949871839 2.194514743 0)
(2.02558063 2.198990407 0)
(2.105014855 2.203686307 0)
(2.188357834 2.20861328 0)
(2.275801905 2.213782697 0)
(2.367548873 2.219206487 0)
(2.463810472 2.224897168 0)
(2.564808856 2.230867872 0)
(2.670777111 2.23713238 0)
(2.781959789 2.243705148 0)
(2.89861348 2.250601345 0)
(3.021007398 2.257836886 0)
(3.149424004 2.265428469 0)
(3.284159661 2.273393614 0)
(3.425525311 2.281750704 0)
(3.5738472 2.290519024 0)
(3.729467626 2.299718811 0)
(3.892745732 2.309371296 0)
(4.064058332 2.319498754 0)
(4.243800782 2.330124559 0)
(4.432387895 2.341273232 0)
(4.630254892 2.352970502 0)
(4.837858414 2.365243365 0)
(5.055677569 2.378120144 0)
(5.284215043 2.391630555 0)
(5.523998255 2.40580578 0)
(5.775580581 2.42067853 0)
(6.039542623 2.43628313 0)
(6.316493556 2.452655592 0)
(6.60707253 2.469833701 0)
(6.911950144 2.4878571 0)
(7.231829999 2.506767385 0)
(7.567450316 2.526608195 0)
(7.919585643 2.547425321 0)
(8.28904864 2.569266803 0)
(8.676691957 2.592183049 0)
(9.083410201 2.616226943 0)
(9.510142 2.641453976 0)
(9.957872169 2.667922366 0)
(10.42763398 2.695693197 0)
(10.92051157 2.724830559 0)
(11.43764238 2.755401695 0)
(11.98021987 2.787477158 0)
(12.54949619 2.821130972 0)
(13.14678514 2.856440803 0)
(13.77346513 2.89348814 0)
(14.43098242 2.93235848 0)
(15.12085444 2.97314153 0)
(15.84467329 3.015931408 0)
(16.60410939 3.060826866 0)
(17.40091538 3.107931513 0)
(18.23693014 3.157354058 0)
(19.11408303 3.209208559 0)
(20.03439834 3.263614687 0)
(21 3.320697999 0)
(1.02896805 2.365213035 0)
(1.059361542 2.367035258 0)
(1.09125062 2.368947148 0)
(1.124708877 2.370953118 0)
(1.159813529 2.373057796 0)
(1.19664559 2.37526604 0)
(1.235290062 2.377582945 0)
(1.275836128 2.38001386 0)
(1.318377361 2.382564394 0)
(1.363011939 2.385240433 0)
(1.409842869 2.388048153 0)
(1.458978229 2.390994034 0)
(1.510531412 2.394084874 0)
(1.564621395 2.397327806 0)
(1.621373006 2.400730314 0)
(1.680917217 2.404300251 0)
(1.743391445 2.408045855 0)
(1.808939869 2.411975771 0)
(1.877713761 2.416099068 0)
(1.949871839 2.420425262 0)
(2.02558063 2.424964337 0)
(2.105014855 2.429726767 0)
(2.188357834 2.434723545 0)
(2.275801905 2.439966201 0)
(2.367548873 2.445466835 0)
(2.463810472 2.451238141 0)
(2.564808856 2.457293437 0)
(2.670777111 2.4636467 0)
(2.781959789 2.47031259 0)
(2.89861348 2.477306491 0)
(3.021007398 2.484644544 0)
(3.149424004 2.492343684 0)
(3.284159661 2.500421678 0)
(3.425525311 2.50889717 0)
(3.5738472 2.517789719 0)
(3.729467626 2.527119847 0)
(3.892745732 2.536909086 0)
(4.064058332 2.547180029 0)
(4.243800782 2.557956379 0)
(4.432387895 2.569263005 0)
(4.630254892 2.581126 0)
(4.837858414 2.593572743 0)
(5.055677569 2.606631959 0)
(5.284215043 2.620333784 0)
(5.523998255 2.634709841 0)
(5.775580581 2.649793306 0)
(6.039542623 2.66561899 0)
(6.316493556 2.682223415 0)
(6.60707253 2.699644901 0)
(6.911950144 2.717923653 0)
(7.231829999 2.737101856 0)
(7.567450316 2.757223768 0)
(7.919585643 2.778335828 0)
(8.28904864 2.800486758 0)
(8.676691957 2.823727677 0)
(9.083410201 2.848112223 0)
(9.510142 2.873696668 0)
(9.957872169 2.900540059 0)
(10.42763398 2.928704343 0)
(10.92051157 2.958254519 0)
(11.43764238 2.989258783 0)
(11.98021987 3.021788687 0)
(12.54949619 3.055919303 0)
(13.14678514 3.091729399 0)
(13.77346513 3.129301617 0)
(14.43098242 3.168722668 0)
(15.12085444 3.210083526 0)
(15.84467329 3.253479645 0)
(16.60410939 3.299011175 0)
(17.40091538 3.346783195 0)
(18.23693014 3.396905952 0)
(19.11408303 3.449495121 0)
(20.03439834 3.504672066 0)
(21 3.562564127 0)
(1.02896805 2.607467187 0)
(1.059361542 2.609310055 0)
(1.09125062 2.611243606 0)
(1.124708877 2.613272301 0)
(1.159813529 2.615400823 0)
(1.19664559 2.617634085 0)
(1.235290062 2.619977239 0)
(1.275836128 2.622435694 0)
(1.318377361 2.625015124 0)
(1.363011939 2.62772148 0)
(1.409842869 2.630561009 0)
(1.458978229 2.633540264 0)
(1.510531412 2.636666121 0)
(1.564621395 2.639945793 0)
(1.621373006 2.643386849 0)
(1.680917217 2.646997231 0)
(1.743391445 2.65078527 0)
(1.808939869 2.654759708 0)
(1.877713761 2.658929719 0)
(1.949871839 2.663304925 0)
(2.02558063 2.667895424 0)
(2.105014855 2.672711809 0)
(2.188357834 2.677765196 0)
(2.275801905 2.683067247 0)
(2.367548873 2.688630199 0)
(2.463810472 2.694466889 0)
(2.564808856 2.700590787 0)
(2.670777111 2.707016027 0)
(2.781959789 2.713757436 0)
(2.89861348 2.720830573 0)
(3.021007398 2.72825176 0)
(3.149424004 2.736038125 0)
(3.284159661 2.744207636 0)
(3.425525311 2.752779149 0)
(3.5738472 2.761772443 0)
(3.729467626 2.771208274 0)
(3.892745732 2.781108418 0)
(4.064058332 2.791495722 0)
(4.243800782 2.802394159 0)
(4.432387895 2.81382888 0)
(4.630254892 2.825826274 0)
(4.837858414 2.838414028 0)
(5.055677569 2.851621194 0)
(5.284215043 2.86547825 0)
(5.523998255 2.880017176 0)
(5.775580581 2.895271525 0)
(6.039542623 2.911276502 0)
(6.316493556 2.928069041 0)
(6.60707253 2.945687899 0)
(6.911950144 2.964173735 0)
(7.231829999 2.983569211 0)
(7.567450316 3.003919088 0)
(7.919585643 3.02527033 0)
(8.28904864 3.047672212 0)
(8.676691957 3.071176433 0)
(9.083410201 3.095837236 0)
(9.510142 3.121711533 0)
(9.957872169 3.148859037 0)
(10.42763398 3.1773424 0)
(10.92051157 3.207227356 0)
(11.43764238 3.238582874 0)
(11.98021987 3.271481315 0)
(12.54949619 3.305998604 0)
(13.14678514 3.342214399 0)
(13.77346513 3.380212281 0)
(14.43098242 3.42007994 0)
(15.12085444 3.461909383 0)
(15.84467329 3.505797146 0)
(16.60410939 3.551844512 0)
(17.40091538 3.60015775 0)
(18.23693014 3.650848358 0)
(19.11408303 3.704033319 0)
(20.03439834 3.759835376 0)
(21 3.818383307 0)
(1.02896805 2.868137471 0)
(1.059361542 2.869995416 0)
(1.09125062 2.871944785 0)
(1.124708877 2.873990078 0)
(1.159813529 2.876136015 0)
(1.19664559 2.878387547 0)
(1.235290062 2.880749872 0)
(1.275836128 2.88322844 0)
(1.318377361 2.885828973 0)
(1.363011939 2.888557471 0)
(1.409842869 2.891420231 0)
(1.458978229 2.89442386 0)
(1.510531412 2.89757529 0)
(1.564621395 2.900881794 0)
(1.621373006 2.904351003 0)
(1.680917217 2.907990922 0)
(1.743391445 2.911809952 0)
(1.808939869 2.915816907 0)
(1.877713761 2.920021034 0)
(1.949871839 2.924432035 0)
(2.02558063 2.92906009 0)
(2.105014855 2.933915879 0)
(2.188357834 2.93901061 0)
(2.275801905 2.944356039 0)
(2.367548873 2.949964503 0)
(2.463810472 2.955848944 0)
(2.564808856 2.962022944 0)
(2.670777111 2.968500751 0)
(2.781959789 2.975297314 0)
(2.89861348 2.982428318 0)
(3.021007398 2.98991022 0)
(3.149424004 2.997760288 0)
(3.284159661 3.005996637 0)
(3.425525311 3.014638275 0)
(3.5738472 3.023705146 0)
(3.729467626 3.033218175 0)
(3.892745732 3.043199315 0)
(4.064058332 3.053671601 0)
(4.243800782 3.064659202 0)
(4.432387895 3.076187474 0)
(4.630254892 3.088283022 0)
(4.837858414 3.100973761 0)
(5.055677569 3.114288979 0)
(5.284215043 3.128259404 0)
(5.523998255 3.142917277 0)
(5.775580581 3.158296427 0)
(6.039542623 3.174432345 0)
(6.316493556 3.19136227 0)
(6.60707253 3.209125273 0)
(6.911950144 3.227762347 0)
(7.231829999 3.247316504 0)
(7.567450316 3.26783287 0)
(7.919585643 3.289358794 0)
(8.28904864 3.311943952 0)
(8.676691957 3.335640469 0)
(9.083410201 3.360503029 0)
(9.510142 3.386589012 0)
(9.957872169 3.413958619 0)
(10.42763398 3.442675013 0)
(10.92051157 3.472804468 0)
(11.43764238 3.504416514 0)
(11.98021987 3.537584108 0)
(12.54949619 3.572383794 0)
(13.14678514 3.608895882 0)
(13.77346513 3.647204637 0)
(14.43098242 3.687398465 0)
(15.12085444 3.729570129 0)
(15.84467329 3.773816951 0)
(16.60410939 3.820241045 0)
(17.40091538 3.868949549 0)
(18.23693014 3.920054873 0)
(19.11408303 3.973674958 0)
(20.03439834 4.029933548 0)
(21 4.088960479 0)
(1.02896805 3.148624002 0)
(1.059361542 3.150490621 0)
(1.09125062 3.152449092 0)
(1.124708877 3.154503935 0)
(1.159813529 3.156659891 0)
(1.19664559 3.158921936 0)
(1.235290062 3.16129529 0)
(1.275836128 3.163785431 0)
(1.318377361 3.166398105 0)
(1.363011939 3.169139342 0)
(1.409842869 3.172015469 0)
(1.458978229 3.175033122 0)
(1.510531412 3.178199266 0)
(1.564621395 3.181521208 0)
(1.621373006 3.185006614 0)
(1.680917217 3.188663528 0)
(1.743391445 3.192500389 0)
(1.808939869 3.196526053 0)
(1.877713761 3.200749809 0)
(1.949871839 3.205181404 0)
(2.02558063 3.209831068 0)
(2.105014855 3.214709529 0)
(2.188357834 3.219828047 0)
(2.275801905 3.225198434 0)
(2.367548873 3.230833083 0)
(2.463810472 3.236744999 0)
(2.564808856 3.242947826 0)
(2.670777111 3.249455877 0)
(2.781959789 3.256284173 0)
(2.89861348 3.263448472 0)
(3.021007398 3.270965307 0)
(3.149424004 3.278852026 0)
(3.284159661 3.287126831 0)
(3.425525311 3.295808817 0)
(3.5738472 3.304918021 0)
(3.729467626 3.314475466 0)
(3.892745732 3.324503208 0)
(4.064058332 3.335024389 0)
(4.243800782 3.34606329 0)
(4.432387895 3.357645388 0)
(4.630254892 3.36979741 0)
(4.837858414 3.382547402 0)
(5.055677569 3.395924788 0)
(5.284215043 3.409960441 0)
(5.523998255 3.424686752 0)
(5.775580581 3.440137707 0)
(6.039542623 3.456348963 0)
(6.316493556 3.473357934 0)
(6.60707253 3.491203872 0)
(6.911950144 3.509927963 0)
(7.231829999 3.529573417 0)
(7.567450316 3.550185574 0)
(7.919585643 3.571812002 0)
(8.28904864 3.594502611 0)
(8.676691957 3.618309766 0)
(9.083410201 3.643288409 0)
(9.510142 3.669496187 0)
(9.957872169 3.696993582 0)
(10.42763398 3.725844053 0)
(10.92051157 3.756114182 0)
(11.43764238 3.787873825 0)
(11.98021987 3.821196278 0)
(12.54949619 3.856158443 0)
(13.14678514 3.892841006 0)
(13.77346513 3.931328623 0)
(14.43098242 3.971710116 0)
(15.12085444 4.014078679 0)
(15.84467329 4.058532089 0)
(16.60410939 4.105172937 0)
(17.40091538 4.15410886 0)
(18.23693014 4.205452794 0)
(19.11408303 4.25932323 0)
(20.03439834 4.315844491 0)
(21 4.375147018 0)
(1.02896805 3.450433351 0)
(1.059361542 3.45230132 0)
(1.09125062 3.454261207 0)
(1.124708877 3.456317536 0)
(1.159813529 3.458475051 0)
(1.19664559 3.460738732 0)
(1.235290062 3.463113803 0)
(1.275836128 3.465605744 0)
(1.318377361 3.468220308 0)
(1.363011939 3.470963528 0)
(1.409842869 3.473841735 0)
(1.458978229 3.47686157 0)
(1.510531412 3.480030004 0)
(1.564621395 3.483354349 0)
(1.621373006 3.486842276 0)
(1.680917217 3.490501834 0)
(1.743391445 3.49434147 0)
(1.808939869 3.498370045 0)
(1.877713761 3.502596856 0)
(1.949871839 3.507031657 0)
(2.02558063 3.511684683 0)
(2.105014855 3.516566672 0)
(2.188357834 3.521688892 0)
(2.275801905 3.527063162 0)
(2.367548873 3.532701887 0)
(2.463810472 3.538618079 0)
(2.564808856 3.544825391 0)
(2.670777111 3.55133815 0)
(2.781959789 3.558171384 0)
(2.89861348 3.565340864 0)
(3.021007398 3.572863135 0)
(3.149424004 3.580755559 0)
(3.284159661 3.589036348 0)
(3.425525311 3.597724613 0)
(3.5738472 3.606840405 0)
(3.729467626 3.616404762 0)
(3.892745732 3.626439756 0)
(4.064058332 3.636968547 0)
(4.243800782 3.648015432 0)
(4.432387895 3.659605905 0)
(4.630254892 3.671766716 0)
(4.837858414 3.684525929 0)
(5.055677569 3.69791299 0)
(5.284215043 3.711958794 0)
(5.523998255 3.726695756 0)
(5.775580581 3.742157885 0)
(6.039542623 3.758380866 0)
(6.316493556 3.775402138 0)
(6.60707253 3.793260982 0)
(6.911950144 3.811998614 0)
(7.231829999 3.831658277 0)
(7.567450316 3.852285341 0)
(7.919585643 3.87392741 0)
(8.28904864 3.896634429 0)
(8.676691957 3.920458802 0)
(9.083410201 3.94545551 0)
(9.510142 3.971682242 0)
(9.957872169 3.999199524 0)
(10.42763398 4.028070861 0)
(10.92051157 4.058362881 0)
(11.43764238 4.090145493 0)
(11.98021987 4.123492046 0)
(12.54949619 4.158479496 0)
(13.14678514 4.195188589 0)
(13.77346513 4.233704041 0)
(14.43098242 4.27411474 0)
(15.12085444 4.316513944 0)
(15.84467329 4.360999504 0)
(16.60410939 4.407674083 0)
(17.40091538 4.456645398 0)
(18.23693014 4.508026465 0)
(19.11408303 4.561935861 0)
(20.03439834 4.618498 0)
(21 4.677843416 0)
(1.02896805 3.775186634 0)
(1.059361542 3.777047611 0)
(1.09125062 3.779000162 0)
(1.124708877 3.781048793 0)
(1.159813529 3.783198232 0)
(1.19664559 3.785453439 0)
(1.235290062 3.787819619 0)
(1.275836128 3.790302233 0)
(1.318377361 3.79290701 0)
(1.363011939 3.795639961 0)
(1.409842869 3.798507393 0)
(1.458978229 3.801515925 0)
(1.510531412 3.804672498 0)
(1.564621395 3.807984399 0)
(1.621373006 3.811459269 0)
(1.680917217 3.815105129 0)
(1.743391445 3.818930392 0)
(1.808939869 3.822943887 0)
(1.877713761 3.827154875 0)
(1.949871839 3.831573075 0)
(2.02558063 3.836208683 0)
(2.105014855 3.841072398 0)
(2.188357834 3.846175443 0)
(2.275801905 3.851529597 0)
(2.367548873 3.857147214 0)
(2.463810472 3.863041259 0)
(2.564808856 3.869225336 0)
(2.670777111 3.875713715 0)
(2.781959789 3.88252137 0)
(2.89861348 3.889664012 0)
(3.021007398 3.897158126 0)
(3.149424004 3.905021005 0)
(3.284159661 3.913270796 0)
(3.425525311 3.921926538 0)
(3.5738472 3.931008207 0)
(3.729467626 3.940536762 0)
(3.892745732 3.950534192 0)
(4.064058332 3.96102357 0)
(4.243800782 3.972029103 0)
(4.432387895 3.98357619 0)
(4.630254892 3.995691479 0)
(4.837858414 4.00840293 0)
(5.055677569 4.021739879 0)
(5.284215043 4.035733105 0)
(5.523998255 4.050414901 0)
(5.775580581 4.065819151 0)
(6.039542623 4.081981404 0)
(6.316493556 4.09893896 0)
(6.60707253 4.116730953 0)
(6.911950144 4.135398444 0)
(7.231829999 4.154984515 0)
(7.567450316 4.175534365 0)
(7.919585643 4.19709542 0)
(8.28904864 4.21971744 0)
(8.676691957 4.24345263 0)
(9.083410201 4.268355768 0)
(9.510142 4.294484325 0)
(9.957872169 4.321898601 0)
(10.42763398 4.350661863 0)
(10.92051157 4.380840491 0)
(11.43764238 4.41250413 0)
(11.98021987 4.445725856 0)
(12.54949619 4.480582338 0)
(13.14678514 4.517154016 0)
(13.77346513 4.555525293 0)
(14.43098242 4.595784721 0)
(15.12085444 4.638025212 0)
(15.84467329 4.682344248 0)
(16.60410939 4.72884411 0)
(17.40091538 4.777632109 0)
(18.23693014 4.82882084 0)
(19.11408303 4.882528437 0)
(20.03439834 4.938878846 0)
(21 4.998002112 0)
(1.02896805 4.124628229 0)
(1.059361542 4.126472749 0)
(1.09125062 4.128408034 0)
(1.124708877 4.130438549 0)
(1.159813529 4.132568981 0)
(1.19664559 4.134804245 0)
(1.235290062 4.137149502 0)
(1.275836128 4.139610162 0)
(1.318377361 4.142191905 0)
(1.363011939 4.144900689 0)
(1.409842869 4.147742765 0)
(1.458978229 4.150724692 0)
(1.510531412 4.153853353 0)
(1.564621395 4.157135966 0)
(1.621373006 4.160580109 0)
(1.680917217 4.164193729 0)
(1.743391445 4.167985165 0)
(1.808939869 4.171963169 0)
(1.877713761 4.17613692 0)
(1.949871839 4.18051605 0)
(2.02558063 4.185110667 0)
(2.105014855 4.189931372 0)
(2.188357834 4.194989292 0)
(2.275801905 4.200296099 0)
(2.367548873 4.20586404 0)
(2.463810472 4.211705965 0)
(2.564808856 4.217835357 0)
(2.670777111 4.22426636 0)
(2.781959789 4.231013816 0)
(2.89861348 4.238093296 0)
(3.021007398 4.24552114 0)
(3.149424004 4.253314489 0)
(3.284159661 4.261491328 0)
(3.425525311 4.270070529 0)
(3.5738472 4.27907189 0)
(3.729467626 4.288516184 0)
(3.892745732 4.298425208 0)
(4.064058332 4.30882183 0)
(4.243800782 4.319730042 0)
(4.432387895 4.331175019 0)
(4.630254892 4.343183174 0)
(4.837858414 4.35578222 0)
(5.055677569 4.369001232 0)
(5.284215043 4.382870717 0)
(5.523998255 4.397422684 0)
(5.775580581 4.412690716 0)
(6.039542623 4.428710048 0)
(6.316493556 4.44551765 0)
(6.60707253 4.463152311 0)
(6.911950144 4.481654727 0)
(7.231829999 4.501067601 0)
(7.567450316 4.521435731 0)
(7.919585643 4.542806125 0)
(8.28904864 4.5652281 0)
(8.676691957 4.588753403 0)
(9.083410201 4.613436326 0)
(9.510142 4.639333831 0)
(9.957872169 4.666505686 0)
(10.42763398 4.695014597 0)
(10.92051157 4.724926359 0)
(11.43764238 4.756310001 0)
(11.98021987 4.789237951 0)
(12.54949619 4.8237862 0)
(13.14678514 4.86003448 0)
(13.77346513 4.898066444 0)
(14.43098242 4.937969863 0)
(15.12085444 4.979836826 0)
(15.84467329 5.023763954 0)
(16.60410939 5.069852622 0)
(17.40091538 5.118209195 0)
(18.23693014 5.168945271 0)
(19.11408303 5.222177937 0)
(20.03439834 5.278030046 0)
(21 5.336630493 0)
(1.02896805 4.500635137 0)
(1.059361542 4.502452503 0)
(1.09125062 4.504359296 0)
(1.124708877 4.506359917 0)
(1.159813529 4.508458984 0)
(1.19664559 4.510661341 0)
(1.235290062 4.51297207 0)
(1.275836128 4.515396504 0)
(1.318377361 4.517940238 0)
(1.363011939 4.520609142 0)
(1.409842869 4.523409377 0)
(1.458978229 4.526347404 0)
(1.510531412 4.529430003 0)
(1.564621395 4.532664289 0)
(1.621373006 4.536057727 0)
(1.680917217 4.539618146 0)
(1.743391445 4.543353765 0)
(1.808939869 4.547273203 0)
(1.877713761 4.551385507 0)
(1.949871839 4.555700167 0)
(2.02558063 4.560227141 0)
(2.105014855 4.564976875 0)
(2.188357834 4.569960331 0)
(2.275801905 4.57518901 0)
(2.367548873 4.580674979 0)
(2.463810472 4.586430898 0)
(2.564808856 4.592470051 0)
(2.670777111 4.598806376 0)
(2.781959789 4.605454494 0)
(2.89861348 4.612429749 0)
(3.021007398 4.619748239 0)
(3.149424004 4.627426852 0)
(3.284159661 4.635483311 0)
(3.425525311 4.643936207 0)
(3.5738472 4.652805047 0)
(3.729467626 4.662110301 0)
(3.892745732 4.671873443 0)
(4.064058332 4.682117003 0)
(4.243800782 4.692864622 0)
(4.432387895 4.704141104 0)
(4.630254892 4.715972473 0)
(4.837858414 4.728386032 0)
(5.055677569 4.741410431 0)
(5.284215043 4.755075727 0)
(5.523998255 4.769413457 0)
(5.775580581 4.78445671 0)
(6.039542623 4.800240202 0)
(6.316493556 4.816800359 0)
(6.60707253 4.834175399 0)
(6.911950144 4.852405419 0)
(7.231829999 4.871532492 0)
(7.567450316 4.891600759 0)
(7.919585643 4.912656533 0)
(8.28904864 4.934748408 0)
(8.676691957 4.957927366 0)
(9.083410201 4.982246902 0)
(9.510142 5.007763139 0)
(9.957872169 5.034534964 0)
(10.42763398 5.062624162 0)
(10.92051157 5.092095556 0)
(11.43764238 5.123017162 0)
(11.98021987 5.15546034 0)
(12.54949619 5.189499963 0)
(13.14678514 5.225214588 0)
(13.77346513 5.262686638 0)
(14.43098242 5.30200259 0)
(15.12085444 5.343253179 0)
(15.84467329 5.386533603 0)
(16.60410939 5.431943745 0)
(17.40091538 5.479588403 0)
(18.23693014 5.529577531 0)
(19.11408303 5.582026495 0)
(20.03439834 5.637056338 0)
(21 5.694794057 0)
(1.02896805 4.905227079 0)
(1.059361542 4.907005232 0)
(1.09125062 4.908870882 0)
(1.124708877 4.910828337 0)
(1.159813529 4.912882112 0)
(1.19664559 4.915036949 0)
(1.235290062 4.917297819 0)
(1.275836128 4.919669941 0)
(1.318377361 4.92215879 0)
(1.363011939 4.924770108 0)
(1.409842869 4.927509922 0)
(1.458978229 4.930384555 0)
(1.510531412 4.933400642 0)
(1.564621395 4.936565142 0)
(1.621373006 4.93988536 0)
(1.680917217 4.943368956 0)
(1.743391445 4.947023972 0)
(1.808939869 4.950858841 0)
(1.877713761 4.954882415 0)
(1.949871839 4.959103978 0)
(2.02558063 4.963533273 0)
(2.105014855 4.968180523 0)
(2.188357834 4.973056451 0)
(2.275801905 4.978172312 0)
(2.367548873 4.983539911 0)
(2.463810472 4.989171635 0)
(2.564808856 4.995080482 0)
(2.670777111 5.001280088 0)
(2.781959789 5.007784761 0)
(2.89861348 5.014609512 0)
(3.021007398 5.021770092 0)
(3.149424004 5.029283025 0)
(3.284159661 5.03716565 0)
(3.425525311 5.045436158 0)
(3.5738472 5.054113637 0)
(3.729467626 5.063218113 0)
(3.892745732 5.072770596 0)
(4.064058332 5.082793132 0)
(4.243800782 5.093308851 0)
(4.432387895 5.104342022 0)
(4.630254892 5.115918107 0)
(4.837858414 5.12806382 0)
(5.055677569 5.140807193 0)
(5.284215043 5.154177635 0)
(5.523998255 5.168206001 0)
(5.775580581 5.182924667 0)
(6.039542623 5.198367601 0)
(6.316493556 5.214570442 0)
(6.60707253 5.231570582 0)
(6.911950144 5.249407256 0)
(7.231829999 5.268121626 0)
(7.567450316 5.287756882 0)
(7.919585643 5.308358338 0)
(8.28904864 5.329973539 0)
(8.676691957 5.352652368 0)
(9.083410201 5.376447164 0)
(9.510142 5.40141284 0)
(9.957872169 5.427607013 0)
(10.42763398 5.455090133 0)
(10.92051157 5.483925627 0)
(11.43764238 5.514180041 0)
(11.98021987 5.545923196 0)
(12.54949619 5.57922835 0)
(13.14678514 5.614172365 0)
(13.77346513 5.650835885 0)
(14.43098242 5.689303522 0)
(15.12085444 5.729664051 0)
(15.84467329 5.772010619 0)
(16.60410939 5.816440952 0)
(17.40091538 5.863057586 0)
(18.23693014 5.911968105 0)
(19.11408303 5.963285384 0)
(20.03439834 6.017127854 0)
(21 6.073619773 0)
(1.02896805 5.340577339 0)
(1.059361542 5.342302727 0)
(1.09125062 5.344113017 0)
(1.124708877 5.346012386 0)
(1.159813529 5.348005219 0)
(1.19664559 5.350096114 0)
(1.235290062 5.352289896 0)
(1.275836128 5.354591629 0)
(1.318377361 5.357006624 0)
(1.363011939 5.359540455 0)
(1.409842869 5.362198969 0)
(1.458978229 5.364988302 0)
(1.510531412 5.36791489 0)
(1.564621395 5.370985489 0)
(1.621373006 5.374207183 0)
(1.680917217 5.377587409 0)
(1.743391445 5.381133967 0)
(1.808939869 5.384855042 0)
(1.877713761 5.388759222 0)
(1.949871839 5.392855516 0)
(2.02558063 5.397153378 0)
(2.105014855 5.401662727 0)
(2.188357834 5.406393969 0)
(2.275801905 5.411358024 0)
(2.367548873 5.416566347 0)
(2.463810472 5.422030958 0)
(2.564808856 5.427764468 0)
(2.670777111 5.43378011 0)
(2.781959789 5.440091766 0)
(2.89861348 5.446714002 0)
(3.021007398 5.453662101 0)
(3.149424004 5.460952098 0)
(3.284159661 5.468600818 0)
(3.425525311 5.476625911 0)
(3.5738472 5.485045898 0)
(3.729467626 5.493880211 0)
(3.892745732 5.503149237 0)
(4.064058332 5.512874369 0)
(4.243800782 5.523078049 0)
(4.432387895 5.533783826 0)
(4.630254892 5.545016406 0)
(4.837858414 5.556801713 0)
(5.055677569 5.569166944 0)
(5.284215043 5.582140637 0)
(5.523998255 5.595752731 0)
(5.775580581 5.610034642 0)
(6.039542623 5.625019328 0)
(6.316493556 5.640741372 0)
(6.60707253 5.657237057 0)
(6.911950144 5.674544453 0)
(7.231829999 5.6927035 0)
(7.567450316 5.711756108 0)
(7.919585643 5.731746245 0)
(8.28904864 5.752720045 0)
(8.676691957 5.774725912 0)
(9.083410201 5.797814631 0)
(9.510142 5.822039485 0)
(9.957872169 5.847456383 0)
(10.42763398 5.87412398 0)
(10.92051157 5.902103821 0)
(11.43764238 5.931460478 0)
(11.98021987 5.9622617 0)
(12.54949619 5.994578571 0)
(13.14678514 6.028485671 0)
(13.77346513 6.064061252 0)
(14.43098242 6.101387416 0)
(15.12085444 6.140550304 0)
(15.84467329 6.181640297 0)
(16.60410939 6.224752222 0)
(17.40091538 6.269985574 0)
(18.23693014 6.317444742 0)
(19.11408303 6.367239253 0)
(20.03439834 6.419484024 0)
(21 6.474299624 0)
(1.02896805 5.809024441 0)
(1.059361542 5.810681873 0)
(1.09125062 5.812420864 0)
(1.124708877 5.814245426 0)
(1.159813529 5.816159769 0)
(1.19664559 5.818168313 0)
(1.235290062 5.820275692 0)
(1.275836128 5.82248677 0)
(1.318377361 5.824806649 0)
(1.363011939 5.827240683 0)
(1.409842869 5.82979449 0)
(1.458978229 5.832473963 0)
(1.510531412 5.835285286 0)
(1.564621395 5.838234947 0)
(1.621373006 5.841329753 0)
(1.680917217 5.844576846 0)
(1.743391445 5.847983721 0)
(1.808939869 5.851558239 0)
(1.877713761 5.85530865 0)
(1.949871839 5.859243609 0)
(2.02558063 5.863372197 0)
(2.105014855 5.867703943 0)
(2.188357834 5.872248842 0)
(2.275801905 5.877017384 0)
(2.367548873 5.882020574 0)
(2.463810472 5.887269958 0)
(2.564808856 5.89277765 0)
(2.670777111 5.898556362 0)
(2.781959789 5.904619429 0)
(2.89861348 5.910980844 0)
(3.021007398 5.917655288 0)
(3.149424004 5.924658164 0)
(3.284159661 5.932005634 0)
(3.425525311 5.939714654 0)
(3.5738472 5.947803014 0)
(3.729467626 5.956289382 0)
(3.892745732 5.965193342 0)
(4.064058332 5.974535443 0)
(4.243800782 5.984337245 0)
(4.432387895 5.994621368 0)
(4.630254892 6.005411546 0)
(4.837858414 6.016732681 0)
(5.055677569 6.0286109 0)
(5.284215043 6.041073616 0)
(5.523998255 6.054149589 0)
(5.775580581 6.067868997 0)
(6.039542623 6.082263502 0)
(6.316493556 6.097366324 0)
(6.60707253 6.113212316 0)
(6.911950144 6.129838049 0)
(7.231829999 6.147281891 0)
(7.567450316 6.165584099 0)
(7.919585643 6.184786912 0)
(8.28904864 6.204934646 0)
(8.676691957 6.226073798 0)
(9.083410201 6.248253152 0)
(9.510142 6.271523896 0)
(9.957872169 6.295939733 0)
(10.42763398 6.32155701 0)
(10.92051157 6.348434847 0)
(11.43764238 6.376635273 0)
(11.98021987 6.40622337 0)
(12.54949619 6.43726742 0)
(13.14678514 6.469839068 0)
(13.77346513 6.504013482 0)
(14.43098242 6.539869532 0)
(15.12085444 6.577489964 0)
(15.84467329 6.616961602 0)
(16.60410939 6.658375536 0)
(17.40091538 6.701827344 0)
(18.23693014 6.747417302 0)
(19.11408303 6.795250625 0)
(20.03439834 6.845437703 0)
(21 6.898094356 0)
(1.02896805 6.313084719 0)
(1.059361542 6.314657205 0)
(1.09125062 6.316307068 0)
(1.124708877 6.318038117 0)
(1.159813529 6.319854347 0)
(1.19664559 6.321759948 0)
(1.235290062 6.323759319 0)
(1.275836128 6.325857074 0)
(1.318377361 6.328058054 0)
(1.363011939 6.330367339 0)
(1.409842869 6.332790258 0)
(1.458978229 6.335332402 0)
(1.510531412 6.337999639 0)
(1.564621395 6.340798123 0)
(1.621373006 6.343734314 0)
(1.680917217 6.346814987 0)
(1.743391445 6.350047252 0)
(1.808939869 6.353438568 0)
(1.877713761 6.356996762 0)
(1.949871839 6.360730046 0)
(2.02558063 6.364647035 0)
(2.105014855 6.368756769 0)
(2.188357834 6.373068733 0)
(2.275801905 6.377592877 0)
(2.367548873 6.382339642 0)
(2.463810472 6.387319984 0)
(2.564808856 6.392545395 0)
(2.670777111 6.398027935 0)
(2.781959789 6.403780257 0)
(2.89861348 6.409815636 0)
(3.021007398 6.416148001 0)
(3.149424004 6.422791964 0)
(3.284159661 6.42976286 0)
(3.425525311 6.437076776 0)
(3.5738472 6.44475059 0)
(3.729467626 6.452802014 0)
(3.892745732 6.461249626 0)
(4.064058332 6.470112925 0)
(4.243800782 6.479412363 0)
(4.432387895 6.489169402 0)
(4.630254892 6.499406561 0)
(4.837858414 6.510147463 0)
(5.055677569 6.521416898 0)
(5.284215043 6.533240872 0)
(5.523998255 6.545646673 0)
(5.775580581 6.558662932 0)
(6.039542623 6.572319688 0)
(6.316493556 6.586648457 0)
(6.60707253 6.601682308 0)
(6.911950144 6.617455936 0)
(7.231829999 6.634005743 0)
(7.567450316 6.651369924 0)
(7.919585643 6.669588551 0)
(8.28904864 6.68870367 0)
(8.676691957 6.708759395 0)
(9.083410201 6.72980201 0)
(9.510142 6.751880077 0)
(9.957872169 6.77504455 0)
(10.42763398 6.799348886 0)
(10.92051157 6.824849176 0)
(11.43764238 6.851604269 0)
(11.98021987 6.879675912 0)
(12.54949619 6.909128887 0)
(13.14678514 6.940031168 0)
(13.77346513 6.97245407 0)
(14.43098242 7.006472419 0)
(15.12085444 7.042164723 0)
(15.84467329 7.079613354 0)
(16.60410939 7.118904735 0)
(17.40091538 7.160129543 0)
(18.23693014 7.203382918 0)
(19.11408303 7.248764679 0)
(20.03439834 7.29637956 0)
(21 7.346337447 0)
(1.02896805 6.855465832 0)
(1.059361542 6.856934405 0)
(1.09125062 6.858475242 0)
(1.124708877 6.8600919 0)
(1.159813529 6.86178811 0)
(1.19664559 6.863567786 0)
(1.235290062 6.865435035 0)
(1.275836128 6.867394166 0)
(1.318377361 6.869449702 0)
(1.363011939 6.871606385 0)
(1.409842869 6.873869192 0)
(1.458978229 6.876243347 0)
(1.510531412 6.878734328 0)
(1.564621395 6.881347883 0)
(1.621373006 6.884090045 0)
(1.680917217 6.886967141 0)
(1.743391445 6.889985812 0)
(1.808939869 6.893153024 0)
(1.877713761 6.896476086 0)
(1.949871839 6.899962668 0)
(2.02558063 6.903620815 0)
(2.105014855 6.90745897 0)
(2.188357834 6.911485991 0)
(2.275801905 6.915711171 0)
(2.367548873 6.920144261 0)
(2.463810472 6.924795493 0)
(2.564808856 6.929675599 0)
(2.670777111 6.934795843 0)
(2.781959789 6.940168041 0)
(2.89861348 6.945804591 0)
(3.021007398 6.951718501 0)
(3.149424004 6.957923419 0)
(3.284159661 6.964433665 0)
(3.425525311 6.971264263 0)
(3.5738472 6.978430978 0)
(3.729467626 6.985950348 0)
(3.892745732 6.993839727 0)
(4.064058332 7.002117322 0)
(4.243800782 7.010802236 0)
(4.432387895 7.019914513 0)
(4.630254892 7.02947518 0)
(4.837858414 7.039506304 0)
(5.055677569 7.050031033 0)
(5.284215043 7.061073658 0)
(5.523998255 7.072659661 0)
(5.775580581 7.084815781 0)
(6.039542623 7.097570073 0)
(6.316493556 7.11095197 0)
(6.60707253 7.124992356 0)
(6.911950144 7.139723634 0)
(7.231829999 7.155179799 0)
(7.567450316 7.171396523 0)
(7.919585643 7.188411229 0)
(8.28904864 7.206263185 0)
(8.676691957 7.22499359 0)
(9.083410201 7.24464567 0)
(9.510142 7.265264778 0)
(9.957872169 7.286898499 0)
(10.42763398 7.30959676 0)
(10.92051157 7.333411943 0)
(11.43764238 7.358399011 0)
(11.98021987 7.384615627 0)
(12.54949619 7.412122295 0)
(13.14678514 7.440982495 0)
(13.77346513 7.471262832 0)
(14.43098242 7.503033185 0)
(15.12085444 7.536366876 0)
(15.84467329 7.571340831 0)
(16.60410939 7.608035765 0)
(17.40091538 7.646536361 0)
(18.23693014 7.686931473 0)
(19.11408303 7.729314323 0)
(20.03439834 7.773782725 0)
(21 7.820439301 0)
(1.02896805 7.439081313 0)
(1.059361542 7.440424844 0)
(1.09125062 7.441834486 0)
(1.124708877 7.443313493 0)
(1.159813529 7.444865278 0)
(1.19664559 7.446493423 0)
(1.235290062 7.448201684 0)
(1.275836128 7.449994004 0)
(1.318377361 7.45187452 0)
(1.363011939 7.453847572 0)
(1.409842869 7.455917711 0)
(1.458978229 7.458089718 0)
(1.510531412 7.460368603 0)
(1.564621395 7.462759626 0)
(1.621373006 7.465268305 0)
(1.680917217 7.46790043 0)
(1.743391445 7.470662074 0)
(1.808939869 7.473559613 0)
(1.877713761 7.476599731 0)
(1.949871839 7.479789446 0)
(2.02558063 7.483136119 0)
(2.105014855 7.486647473 0)
(2.188357834 7.490331611 0)
(2.275801905 7.494197036 0)
(2.367548873 7.498252669 0)
(2.463810472 7.50250787 0)
(2.564808856 7.506972457 0)
(2.670777111 7.511656736 0)
(2.781959789 7.516571515 0)
(2.89861348 7.521728139 0)
(3.021007398 7.527138506 0)
(3.149424004 7.532815104 0)
(3.284159661 7.538771032 0)
(3.425525311 7.545020036 0)
(3.5738472 7.551576538 0)
(3.729467626 7.558455668 0)
(3.892745732 7.565673302 0)
(4.064058332 7.573246098 0)
(4.243800782 7.581191531 0)
(4.432387895 7.589527938 0)
(4.630254892 7.598274559 0)
(4.837858414 7.607451578 0)
(5.055677569 7.617080175 0)
(5.284215043 7.62718257 0)
(5.523998255 7.637782077 0)
(5.775580581 7.64890316 0)
(6.039542623 7.660571482 0)
(6.316493556 7.672813971 0)
(6.60707253 7.685658883 0)
(6.911950144 7.699135859 0)
(7.231829999 7.713276002 0)
(7.567450316 7.728111946 0)
(7.919585643 7.743677927 0)
(8.28904864 7.760009871 0)
(8.676691957 7.777145467 0)
(9.083410201 7.795124262 0)
(9.510142 7.813987747 0)
(9.957872169 7.833779455 0)
(10.42763398 7.854545063 0)
(10.92051157 7.876332492 0)
(11.43764238 7.899192024 0)
(11.98021987 7.923176415 0)
(12.54949619 7.948341016 0)
(13.14678514 7.974743901 0)
(13.77346513 8.002446005 0)
(14.43098242 8.031511258 0)
(15.12085444 8.062006737 0)
(15.84467329 8.094002819 0)
(16.60410939 8.127573346 0)
(17.40091538 8.162795792 0)
(18.23693014 8.199751444 0)
(19.11408303 8.238525588 0)
(20.03439834 8.279207708 0)
(21 8.32189169 0)
(1.02896805 8.067066226 0)
(1.059361542 8.068261214 0)
(1.09125062 8.069515006 0)
(1.124708877 8.070830492 0)
(1.159813529 8.072210711 0)
(1.19664559 8.073658847 0)
(1.235290062 8.075178241 0)
(1.275836128 8.076772402 0)
(1.318377361 8.078445006 0)
(1.363011939 8.080199915 0)
(1.409842869 8.082041179 0)
(1.458978229 8.083973047 0)
(1.510531412 8.085999977 0)
(1.564621395 8.088126646 0)
(1.621373006 8.090357964 0)
(1.680917217 8.092699079 0)
(1.743391445 8.095155395 0)
(1.808939869 8.097732579 0)
(1.877713761 8.10043658 0)
(1.949871839 8.103273638 0)
(2.02558063 8.1062503 0)
(2.105014855 8.109373435 0)
(2.188357834 8.112650253 0)
(2.275801905 8.116088314 0)
(2.367548873 8.119695553 0)
(2.463810472 8.123480295 0)
(2.564808856 8.127451275 0)
(2.670777111 8.131617656 0)
(2.781959789 8.135989054 0)
(2.89861348 8.140575557 0)
(3.021007398 8.145387751 0)
(3.149424004 8.150436739 0)
(3.284159661 8.155734176 0)
(3.425525311 8.161292286 0)
(3.5738472 8.167123896 0)
(3.729467626 8.173242464 0)
(3.892745732 8.179662112 0)
(4.064058332 8.186397653 0)
(4.243800782 8.193464634 0)
(4.432387895 8.200879362 0)
(4.630254892 8.208658949 0)
(4.837858414 8.216821351 0)
(5.055677569 8.225385403 0)
(5.284215043 8.234370869 0)
(5.523998255 8.243798488 0)
(5.775580581 8.253690015 0)
(6.039542623 8.264068279 0)
(6.316493556 8.27495723 0)
(6.60707253 8.286381999 0)
(6.911950144 8.29836895 0)
(7.231829999 8.310945749 0)
(7.567450316 8.32414142 0)
(7.919585643 8.337986415 0)
(8.28904864 8.352512687 0)
(8.676691957 8.367753759 0)
(9.083410201 8.383744806 0)
(9.510142 8.40052273 0)
(9.957872169 8.418126252 0)
(10.42763398 8.436595999 0)
(10.92051157 8.455974594 0)
(11.43764238 8.47630676 0)
(11.98021987 8.497639419 0)
(12.54949619 8.520021803 0)
(13.14678514 8.543505566 0)
(13.77346513 8.568144905 0)
(14.43098242 8.593996682 0)
(15.12085444 8.621120558 0)
(15.84467329 8.649579131 0)
(16.60410939 8.679438076 0)
(17.40091538 8.710766303 0)
(18.23693014 8.743636111 0)
(19.11408303 8.778123357 0)
(20.03439834 8.814307632 0)
(21 8.852272441 0)
(1.02896805 8.742794004 0)
(1.059361542 8.743814357 0)
(1.09125062 8.74488492 0)
(1.124708877 8.746008162 0)
(1.159813529 8.747186676 0)
(1.19664559 8.748423181 0)
(1.235290062 8.749720532 0)
(1.275836128 8.751081722 0)
(1.318377361 8.752509893 0)
(1.363011939 8.75400834 0)
(1.409842869 8.755580522 0)
(1.458978229 8.757230067 0)
(1.510531412 8.758960782 0)
(1.564621395 8.760776661 0)
(1.621373006 8.762681894 0)
(1.680917217 8.76468088 0)
(1.743391445 8.76677823 0)
(1.808939869 8.768978785 0)
(1.877713761 8.771287624 0)
(1.949871839 8.773710075 0)
(2.02558063 8.776251728 0)
(2.105014855 8.77891845 0)
(2.188357834 8.781716394 0)
(2.275801905 8.784652018 0)
(2.367548873 8.787732097 0)
(2.463810472 8.790963738 0)
(2.564808856 8.794354399 0)
(2.670777111 8.797911907 0)
(2.781959789 8.80164447 0)
(2.89861348 8.805560703 0)
(3.021007398 8.809669644 0)
(3.149424004 8.813980775 0)
(3.284159661 8.818504045 0)
(3.425525311 8.823249895 0)
(3.5738472 8.828229275 0)
(3.729467626 8.833453677 0)
(3.892745732 8.838935159 0)
(4.064058332 8.844686371 0)
(4.243800782 8.850720585 0)
(4.432387895 8.857051727 0)
(4.630254892 8.863694408 0)
(4.837858414 8.870663958 0)
(5.055677569 8.877976462 0)
(5.284215043 8.885648795 0)
(5.523998255 8.893698664 0)
(5.775580581 8.902144646 0)
(6.039542623 8.911006233 0)
(6.316493556 8.920303877 0)
(6.60707253 8.930059033 0)
(6.911950144 8.940294215 0)
(7.231829999 8.951033044 0)
(7.567450316 8.962300303 0)
(7.919585643 8.974121995 0)
(8.28904864 8.986525401 0)
(8.676691957 8.999539148 0)
(9.083410201 9.013193267 0)
(9.510142 9.02751927 0)
(9.957872169 9.042550219 0)
(10.42763398 9.058320802 0)
(10.92051157 9.074867415 0)
(11.43764238 9.092228244 0)
(11.98021987 9.110443354 0)
(12.54949619 9.129554783 0)
(13.14678514 9.149606636 0)
(13.77346513 9.170645189 0)
(14.43098242 9.192718995 0)
(15.12085444 9.215878995 0)
(15.84467329 9.24017864 0)
(16.60410939 9.265674008 0)
(17.40091538 9.292423936 0)
(18.23693014 9.32049016 0)
(19.11408303 9.34993745 0)
(20.03439834 9.380833765 0)
(21 9.413250408 0)
(1.02896805 9.469894582 0)
(1.059361542 9.470711368 0)
(1.09125062 9.471568347 0)
(1.124708877 9.472467495 0)
(1.159813529 9.473410888 0)
(1.19664559 9.474400703 0)
(1.235290062 9.475439224 0)
(1.275836128 9.476528848 0)
(1.318377361 9.47767209 0)
(1.363011939 9.478871587 0)
(1.409842869 9.480130109 0)
(1.458978229 9.48145056 0)
(1.510531412 9.482835986 0)
(1.564621395 9.484289586 0)
(1.621373006 9.485814713 0)
(1.680917217 9.487414888 0)
(1.743391445 9.489093804 0)
(1.808939869 9.490855335 0)
(1.877713761 9.492703546 0)
(1.949871839 9.494642702 0)
(2.02558063 9.49667728 0)
(2.105014855 9.498811974 0)
(2.188357834 9.501051711 0)
(2.275801905 9.503401659 0)
(2.367548873 9.505867243 0)
(2.463810472 9.508454151 0)
(2.564808856 9.511168354 0)
(2.670777111 9.514016117 0)
(2.781959789 9.51700401 0)
(2.89861348 9.52013893 0)
(3.021007398 9.523428111 0)
(3.149424004 9.526879144 0)
(3.284159661 9.530499994 0)
(3.425525311 9.534299017 0)
(3.5738472 9.538284979 0)
(3.729467626 9.542467081 0)
(3.892745732 9.546854972 0)
(4.064058332 9.551458781 0)
(4.243800782 9.556289131 0)
(4.432387895 9.561357171 0)
(4.630254892 9.566674595 0)
(4.837858414 9.572253676 0)
(5.055677569 9.57810729 0)
(5.284215043 9.584248944 0)
(5.523998255 9.590692814 0)
(5.775580581 9.597453769 0)
(6.039542623 9.604547414 0)
(6.316493556 9.611990119 0)
(6.60707253 9.61979906 0)
(6.911950144 9.627992259 0)
(7.231829999 9.636588624 0)
(7.567450316 9.645607994 0)
(7.919585643 9.655071184 0)
(8.28904864 9.665000033 0)
(8.676691957 9.675417455 0)
(9.083410201 9.686347492 0)
(9.510142 9.697815368 0)
(9.957872169 9.709847548 0)
(10.42763398 9.7224718 0)
(10.92051157 9.73571726 0)
(11.43764238 9.749614494 0)
(11.98021987 9.764195575 0)
(12.54949619 9.779494154 0)
(13.14678514 9.795545536 0)
(13.77346513 9.812386766 0)
(14.43098242 9.830056709 0)
(15.12085444 9.848596144 0)
(15.84467329 9.868047856 0)
(16.60410939 9.888456738 0)
(17.40091538 9.909869888 0)
(18.23693014 9.932336723 0)
(19.11408303 9.955909094 0)
(20.03439834 9.9806414 0)
(21 10.00659072 0)
(1.02896805 10.2522739 0)
(1.059361542 10.25285508 0)
(1.09125062 10.25346486 0)
(1.124708877 10.25410465 0)
(1.159813529 10.25477593 0)
(1.19664559 10.25548023 0)
(1.235290062 10.25621919 0)
(1.275836128 10.25699451 0)
(1.318377361 10.25780799 0)
(1.363011939 10.25866149 0)
(1.409842869 10.25955699 0)
(1.458978229 10.26049656 0)
(1.510531412 10.26148236 0)
(1.564621395 10.26251667 0)
(1.621373006 10.26360187 0)
(1.680917217 10.26474048 0)
(1.743391445 10.26593511 0)
(1.808939869 10.26718853 0)
(1.877713761 10.26850363 0)
(1.949871839 10.26988343 0)
(2.02558063 10.27133114 0)
(2.105014855 10.27285008 0)
(2.188357834 10.27444377 0)
(2.275801905 10.27611587 0)
(2.367548873 10.27787026 0)
(2.463810472 10.27971098 0)
(2.564808856 10.28164227 0)
(2.670777111 10.2836686 0)
(2.781959789 10.28579464 0)
(2.89861348 10.28802529 0)
(3.021007398 10.29036571 0)
(3.149424004 10.29282129 0)
(3.284159661 10.29539771 0)
(3.425525311 10.29810091 0)
(3.5738472 10.30093712 0)
(3.729467626 10.3039129 0)
(3.892745732 10.3070351 0)
(4.064058332 10.31031095 0)
(4.243800782 10.31374798 0)
(4.432387895 10.31735415 0)
(4.630254892 10.32113777 0)
(4.837858414 10.32510757 0)
(5.055677569 10.32927271 0)
(5.284215043 10.33364281 0)
(5.523998255 10.33822794 0)
(5.775580581 10.34303871 0)
(6.039542623 10.34808619 0)
(6.316493556 10.35338205 0)
(6.60707253 10.35893851 0)
(6.911950144 10.36476839 0)
(7.231829999 10.37088513 0)
(7.567450316 10.37730287 0)
(7.919585643 10.38403641 0)
(8.28904864 10.39110129 0)
(8.676691957 10.39851381 0)
(9.083410201 10.40629108 0)
(9.510142 10.41445106 0)
(9.957872169 10.42301256 0)
(10.42763398 10.43199535 0)
(10.92051157 10.44142017 0)
(11.43764238 10.45130875 0)
(11.98021987 10.46168393 0)
(12.54949619 10.47256964 0)
(13.14678514 10.48399101 0)
(13.77346513 10.4959744 0)
(14.43098242 10.50854746 0)
(15.12085444 10.5217392 0)
(15.84467329 10.53558008 0)
(16.60410939 10.55010203 0)
(17.40091538 10.56533857 0)
(18.23693014 10.58132486 0)
(19.11408303 10.59809779 0)
(20.03439834 10.61569608 0)
(21 10.63416033 0)
(1.02896805 11.09413487 0)
(1.059361542 11.09444503 0)
(1.09125062 11.09477045 0)
(1.124708877 11.09511188 0)
(1.159813529 11.09547011 0)
(1.19664559 11.09584597 0)
(1.235290062 11.09624033 0)
(1.275836128 11.09665409 0)
(1.318377361 11.09708821 0)
(1.363011939 11.0975437 0)
(1.409842869 11.09802159 0)
(1.458978229 11.09852301 0)
(1.510531412 11.09904909 0)
(1.564621395 11.09960107 0)
(1.621373006 11.1001802 0)
(1.680917217 11.10078784 0)
(1.743391445 11.10142537 0)
(1.808939869 11.10209427 0)
(1.877713761 11.10279609 0)
(1.949871839 11.10353245 0)
(2.02558063 11.10430503 0)
(2.105014855 11.10511564 0)
(2.188357834 11.10596613 0)
(2.275801905 11.10685847 0)
(2.367548873 11.10779473 0)
(2.463810472 11.10877705 0)
(2.564808856 11.10980771 0)
(2.670777111 11.11088909 0)
(2.781959789 11.11202368 0)
(2.89861348 11.1132141 0)
(3.021007398 11.1144631 0)
(3.149424004 11.11577355 0)
(3.284159661 11.1171485 0)
(3.425525311 11.11859109 0)
(3.5738472 11.12010468 0)
(3.729467626 11.12169274 0)
(3.892745732 11.12335895 0)
(4.064058332 11.12510715 0)
(4.243800782 11.12694138 0)
(4.432387895 11.12886586 0)
(4.630254892 11.13088504 0)
(4.837858414 11.13300357 0)
(5.055677569 11.13522636 0)
(5.284215043 11.13755852 0)
(5.523998255 11.14000545 0)
(5.775580581 11.14257278 0)
(6.039542623 11.14526644 0)
(6.316493556 11.14809265 0)
(6.60707253 11.15105793 0)
(6.911950144 11.15416912 0)
(7.231829999 11.15743341 0)
(7.567450316 11.16085833 0)
(7.919585643 11.16445177 0)
(8.28904864 11.16822205 0)
(8.676691957 11.17217784 0)
(9.083410201 11.17632829 0)
(9.510142 11.18068298 0)
(9.957872169 11.18525194 0)
(10.42763398 11.19004574 0)
(10.92051157 11.19507542 0)
(11.43764238 11.2003526 0)
(11.98021987 11.20588946 0)
(12.54949619 11.21169877 0)
(13.14678514 11.21779394 0)
(13.77346513 11.22418905 0)
(14.43098242 11.23089883 0)
(15.12085444 11.23793879 0)
(15.84467329 11.24532517 0)
(16.60410939 11.25307501 0)
(17.40091538 11.2612062 0)
(18.23693014 11.26973751 0)
(19.11408303 11.27868862 0)
(20.03439834 11.28808019 0)
(21 11.2979339 0)
(1.02896805 12 0)
(1.059361542 12 0)
(1.09125062 12 0)
(1.124708877 12 0)
(1.159813529 12 0)
(1.19664559 12 0)
(1.235290062 12 0)
(1.275836128 12 0)
(1.318377361 12 0)
(1.363011939 12 0)
(1.409842869 12 0)
(1.458978229 12 0)
(1.510531412 12 0)
(1.564621395 12 0)
(1.621373006 12 0)
(1.680917217 12 0)
(1.743391445 12 0)
(1.808939869 12 0)
(1.877713761 12 0)
(1.949871839 12 0)
(2.02558063 12 0)
(2.105014855 12 0)
(2.188357834 12 0)
(2.275801905 12 0)
(2.367548873 12 0)
(2.463810472 12 0)
(2.564808856 12 0)
(2.670777111 12 0)
(2.781959789 12 0)
(2.89861348 12 0)
(3.021007398 12 0)
(3.149424004 12 0)
(3.284159661 12 0)
(3.425525311 12 0)
(3.5738472 12 0)
(3.729467626 12 0)
(3.892745732 12 0)
(4.064058332 12 0)
(4.243800782 12 0)
(4.432387895 12 0)
(4.630254892 12 0)
(4.837858414 12 0)
(5.055677569 12 0)
(5.284215043 12 0)
(5.523998255 12 0)
(5.775580581 12 0)
(6.039542623 12 0)
(6.316493556 12 0)
(6.60707253 12 0)
(6.911950144 12 0)
(7.231829999 12 0)
(7.567450316 12 0)
(7.919585643 12 0)
(8.28904864 12 0)
(8.676691957 12 0)
(9.083410201 12 0)
(9.510142 12 0)
(9.957872169 12 0)
(10.42763398 12 0)
(10.92051157 12 0)
(11.43764238 12 0)
(11.98021987 12 0)
(12.54949619 12 0)
(13.14678514 12 0)
(13.77346513 12 0)
(14.43098242 12 0)
(15.12085444 12 0)
(15.84467329 12 0)
(16.60410939 12 0)
(17.40091538 12 0)
(18.23693014 12 0)
(19.11408303 12 0)
(20.03439834 12 0)
(21 12 0)
(1.02896805 0 0.3)
(1.059361542 0 0.3)
(1.09125062 0 0.3)
(1.124708877 0 0.3)
(1.159813529 0 0.3)
(1.19664559 0 0.3)
(1.235290062 0 0.3)
(1.275836128 0 0.3)
(1.318377361 0 0.3)
(1.363011939 0 0.3)
(1.409842869 0 0.3)
(1.458978229 0 0.3)
(1.510531412 0 0.3)
(1.564621395 0 0.3)
(1.621373006 0 0.3)
(1.680917217 0 0.3)
(1.743391445 0 0.3)
(1.808939869 0 0.3)
(1.877713761 0 0.3)
(1.949871839 0 0.3)
(2.02558063 0 0.3)
(2.105014855 0 0.3)
(2.188357834 0 0.3)
(2.275801905 0 0.3)
(2.367548873 0 0.3)
(2.463810472 0 0.3)
(2.564808856 0 0.3)
(2.670777111 0 0.3)
(2.781959789 0 0.3)
(2.89861348 0 0.3)
(3.021007398 0 0.3)
(3.149424004 0 0.3)
(3.284159661 0 0.3)
(3.425525311 0 0.3)
(3.5738472 0 0.3)
(3.729467626 0 0.3)
(3.892745732 0 0.3)
(4.064058332 0 0.3)
(4.243800782 0 0.3)
(4.432387895 0 0.3)
(4.630254892 0 0.3)
(4.837858414 0 0.3)
(5.055677569 0 0.3)
(5.284215043 0 0.3)
(5.523998255 0 0.3)
(5.775580581 0 0.3)
(6.039542623 0 0.3)
(6.316493556 0 0.3)
(6.60707253 0 0.3)
(6.911950144 0 0.3)
(7.231829999 0 0.3)
(7.567450316 0 0.3)
(7.919585643 0 0.3)
(8.28904864 0 0.3)
(8.676691957 0 0.3)
(9.083410201 0 0.3)
(9.510142 0 0.3)
(9.957872169 0 0.3)
(10.42763398 0 0.3)
(10.92051157 0 0.3)
(11.43764238 0 0.3)
(11.98021987 0 0.3)
(12.54949619 0 0.3)
(13.14678514 0 0.3)
(13.77346513 0 0.3)
(14.43098242 0 0.3)
(15.12085444 0 0.3)
(15.84467329 0 0.3)
(16.60410939 0 0.3)
(17.40091538 0 0.3)
(18.23693014 0 0.3)
(19.11408303 0 0.3)
(20.03439834 0 0.3)
(21 0 0.3)
(1.02896805 0.004188847233 0.3)
(1.059361542 0.004259019592 0.3)
(1.09125062 0.004332644952 0.3)
(1.124708877 0.004409893227 0.3)
(1.159813529 0.004490942689 0.3)
(1.19664559 0.004575980386 0.3)
(1.235290062 0.004665202569 0.3)
(1.275836128 0.004758815145 0.3)
(1.318377361 0.004857034154 0.3)
(1.363011939 0.004960086267 0.3)
(1.409842869 0.005068209309 0.3)
(1.458978229 0.005181652806 0.3)
(1.510531412 0.005300678565 0.3)
(1.564621395 0.005425561275 0.3)
(1.621373006 0.00555658914 0.3)
(1.680917217 0.005694064548 0.3)
(1.743391445 0.005838304766 0.3)
(1.808939869 0.005989642673 0.3)
(1.877713761 0.006148427528 0.3)
(1.949871839 0.006315025775 0.3)
(2.02558063 0.006489821892 0.3)
(2.105014855 0.006673219275 0.3)
(2.188357834 0.00686564117 0.3)
(2.275801905 0.007067531649 0.3)
(2.367548873 0.007279356638 0.3)
(2.463810472 0.007501604987 0.3)
(2.564808856 0.007734789605 0.3)
(2.670777111 0.007979448635 0.3)
(2.781959789 0.008236146704 0.3)
(2.89861348 0.008505476223 0.3)
(3.021007398 0.008788058752 0.3)
(3.149424004 0.009084546438 0.3)
(3.284159661 0.009395623518 0.3)
(3.425525311 0.009722007898 0.3)
(3.5738472 0.01006445281 0.3)
(3.729467626 0.01042374855 0.3)
(3.892745732 0.01080072431 0.3)
(4.064058332 0.01119625007 0.3)
(4.243800782 0.01161123864 0.3)
(4.432387895 0.01204664772 0.3)
(4.630254892 0.01250348216 0.3)
(4.837858414 0.01298279624 0.3)
(5.055677569 0.01348569613 0.3)
(5.284215043 0.01401334242 0.3)
(5.523998255 0.01456695283 0.3)
(5.775580581 0.01514780497 0.3)
(6.039542623 0.01575723935 0.3)
(6.316493556 0.01639666243 0.3)
(6.60707253 0.01706754986 0.3)
(6.911950144 0.01777144993 0.3)
(7.231829999 0.01850998711 0.3)
(7.567450316 0.01928486579 0.3)
(7.919585643 0.02009787425 0.3)
(8.28904864 0.02095088876 0.3)
(8.676691957 0.02184587792 0.3)
(9.083410201 0.02278490718 0.3)
(9.510142 0.02377014364 0.3)
(9.957872169 0.02480386105 0.3)
(10.42763398 0.02588844502 0.3)
(10.92051157 0.02702639858 0.3)
(11.43764238 0.02822034788 0.3)
(11.98021987 0.02947304835 0.3)
(12.54949619 0.03078739098 0.3)
(13.14678514 0.03216640902 0.3)
(13.77346513 0.03361328497 0.3)
(14.43098242 0.03513135795 0.3)
(15.12085444 0.03672413139 0.3)
(15.84467329 0.0383952811 0.3)
(16.60410939 0.04014866377 0.3)
(17.40091538 0.04198832587 0.3)
(18.23693014 0.043918513 0.3)
(19.11408303 0.04594367965 0.3)
(20.03439834 0.04806849953 0.3)
(21 0.0502978763 0.3)
(1.02896805 0.009261700843 0.3)
(1.059361542 0.009405116159 0.3)
(1.09125062 0.009555588572 0.3)
(1.124708877 0.009713465345 0.3)
(1.159813529 0.009879110826 0.3)
(1.19664559 0.01005290729 0.3)
(1.235290062 0.01023525584 0.3)
(1.275836128 0.01042657728 0.3)
(1.318377361 0.01062731316 0.3)
(1.363011939 0.01083792673 0.3)
(1.409842869 0.01105890406 0.3)
(1.458978229 0.0112907551 0.3)
(1.510531412 0.01153401494 0.3)
(1.564621395 0.01178924497 0.3)
(1.621373006 0.01205703421 0.3)
(1.680917217 0.01233800066 0.3)
(1.743391445 0.01263279275 0.3)
(1.808939869 0.0129420908 0.3)
(1.877713761 0.0132666086 0.3)
(1.949871839 0.01360709509 0.3)
(2.02558063 0.01396433604 0.3)
(2.105014855 0.01433915589 0.3)
(2.188357834 0.01473241967 0.3)
(2.275801905 0.01514503493 0.3)
(2.367548873 0.01557795393 0.3)
(2.463810472 0.01603217576 0.3)
(2.564808856 0.01650874867 0.3)
(2.670777111 0.0170087725 0.3)
(2.781959789 0.01753340121 0.3)
(2.89861348 0.01808384555 0.3)
(3.021007398 0.01866137584 0.3)
(3.149424004 0.0192673249 0.3)
(3.284159661 0.01990309114 0.3)
(3.425525311 0.02057014181 0.3)
(3.5738472 0.02127001631 0.3)
(3.729467626 0.02200432983 0.3)
(3.892745732 0.02277477703 0.3)
(4.064058332 0.02358313594 0.3)
(4.243800782 0.0244312721 0.3)
(4.432387895 0.02532114286 0.3)
(4.630254892 0.02625480187 0.3)
(4.837858414 0.02723440382 0.3)
(5.055677569 0.02826220945 0.3)
(5.284215043 0.02934059075 0.3)
(5.523998255 0.0304720364 0.3)
(5.775580581 0.03165915758 0.3)
(6.039542623 0.03290469393 0.3)
(6.316493556 0.0342115199 0.3)
(6.60707253 0.0355826514 0.3)
(6.911950144 0.03702125275 0.3)
(7.231829999 0.03853064396 0.3)
(7.567450316 0.04011430841 0.3)
(7.919585643 0.0417759009 0.3)
(8.28904864 0.04351925607 0.3)
(8.676691957 0.04534839725 0.3)
(9.083410201 0.04726754574 0.3)
(9.510142 0.04928113057 0.3)
(9.957872169 0.05139379872 0.3)
(10.42763398 0.05361042581 0.3)
(10.92051157 0.0559361274 0.3)
(11.43764238 0.05837627076 0.3)
(11.98021987 0.06093648727 0.3)
(12.54949619 0.06362268544 0.3)
(13.14678514 0.06644106448 0.3)
(13.77346513 0.06939812867 0.3)
(14.43098242 0.07250070236 0.3)
(15.12085444 0.0757559457 0.3)
(15.84467329 0.07917137116 0.3)
(16.60410939 0.08275486088 0.3)
(17.40091538 0.08651468489 0.3)
(18.23693014 0.09045952013 0.3)
(19.11408303 0.09459847052 0.3)
(20.03439834 0.09894108798 0.3)
(21 0.1034973944 0.3)
(1.02896805 0.01540686335 0.3)
(1.059361542 0.0156265604 0.3)
(1.09125062 0.01585706817 0.3)
(1.124708877 0.01609891864 0.3)
(1.159813529 0.01635266994 0.3)
(1.19664559 0.01661890769 0.3)
(1.235290062 0.01689824631 0.3)
(1.275836128 0.01719133046 0.3)
(1.318377361 0.01749883653 0.3)
(1.363011939 0.01782147418 0.3)
(1.409842869 0.01815998799 0.3)
(1.458978229 0.0185151592 0.3)
(1.510531412 0.01888780746 0.3)
(1.564621395 0.01927879278 0.3)
(1.621373006 0.01968901748 0.3)
(1.680917217 0.02011942828 0.3)
(1.743391445 0.02057101849 0.3)
(1.808939869 0.02104483028 0.3)
(1.877713761 0.02154195712 0.3)
(1.949871839 0.0220635463 0.3)
(2.02558063 0.02261080153 0.3)
(2.105014855 0.02318498578 0.3)
(2.188357834 0.02378742416 0.3)
(2.275801905 0.02441950697 0.3)
(2.367548873 0.02508269294 0.3)
(2.463810472 0.02577851259 0.3)
(2.564808856 0.02650857172 0.3)
(2.670777111 0.02727455518 0.3)
(2.781959789 0.02807823071 0.3)
(2.89861348 0.02892145303 0.3)
(3.021007398 0.02980616815 0.3)
(3.149424004 0.03073441782 0.3)
(3.284159661 0.03170834426 0.3)
(3.425525311 0.0327301951 0.3)
(3.5738472 0.03380232858 0.3)
(3.729467626 0.03492721899 0.3)
(3.892745732 0.03610746235 0.3)
(4.064058332 0.03734578243 0.3)
(4.243800782 0.03864503706 0.3)
(4.432387895 0.04000822465 0.3)
(4.630254892 0.04143849118 0.3)
(4.837858414 0.04293913743 0.3)
(5.055677569 0.04451362661 0.3)
(5.284215043 0.04616559235 0.3)
(5.523998255 0.04789884705 0.3)
(5.775580581 0.04971739074 0.3)
(6.039542623 0.05162542027 0.3)
(6.316493556 0.05362733901 0.3)
(6.60707253 0.055727767 0.3)
(6.911950144 0.05793155163 0.3)
(7.231829999 0.06024377881 0.3)
(7.567450316 0.06266978473 0.3)
(7.919585643 0.06521516813 0.3)
(8.28904864 0.06788580328 0.3)
(8.676691957 0.07068785349 0.3)
(9.083410201 0.07362778536 0.3)
(9.510142 0.07671238369 0.3)
(9.957872169 0.07994876714 0.3)
(10.42763398 0.08334440466 0.3)
(10.92051157 0.08690713274 0.3)
(11.43764238 0.09064517348 0.3)
(11.98021987 0.09456715354 0.3)
(12.54949619 0.09868212413 0.3)
(13.14678514 0.1029995818 0.3)
(13.77346513 0.1075294904 0.3)
(14.43098242 0.1122823041 0.3)
(15.12085444 0.1172689915 0.3)
(15.84467329 0.122501061 0.3)
(16.60410939 0.127990587 0.3)
(17.40091538 0.1337502385 0.3)
(18.23693014 0.1397933075 0.3)
(19.11408303 0.1461337404 0.3)
(20.03439834 0.1527861696 0.3)
(21 0.1597659477 0.3)
(1.02896805 0.02285284955 0.3)
(1.059361542 0.02315178878 0.3)
(1.09125062 0.02346543804 0.3)
(1.124708877 0.02379452117 0.3)
(1.159813529 0.02413979764 0.3)
(1.19664559 0.02450206426 0.3)
(1.235290062 0.02488215709 0.3)
(1.275836128 0.02528095331 0.3)
(1.318377361 0.02569937326 0.3)
(1.363011939 0.02613838258 0.3)
(1.409842869 0.02659899441 0.3)
(1.458978229 0.02708227176 0.3)
(1.510531412 0.02758932994 0.3)
(1.564621395 0.02812133915 0.3)
(1.621373006 0.02867952715 0.3)
(1.680917217 0.02926518215 0.3)
(1.743391445 0.02987965572 0.3)
(1.808939869 0.03052436594 0.3)
(1.877713761 0.03120080069 0.3)
(1.949871839 0.03191052105 0.3)
(2.02558063 0.03265516491 0.3)
(2.105014855 0.03343645078 0.3)
(2.188357834 0.03425618171 0.3)
(2.275801905 0.03511624948 0.3)
(2.367548873 0.03601863897 0.3)
(2.463810472 0.03696543271 0.3)
(2.564808856 0.03795881573 0.3)
(2.670777111 0.03900108056 0.3)
(2.781959789 0.04009463256 0.3)
(2.89861348 0.04124199543 0.3)
(3.021007398 0.04244581706 0.3)
(3.149424004 0.04370887564 0.3)
(3.284159661 0.04503408608 0.3)
(3.425525311 0.0464245067 0.3)
(3.5738472 0.04788334634 0.3)
(3.729467626 0.0494139717 0.3)
(3.892745732 0.05101991519 0.3)
(4.064058332 0.05270488301 0.3)
(4.243800782 0.05447276375 0.3)
(4.432387895 0.05632763734 0.3)
(4.630254892 0.05827378446 0.3)
(4.837858414 0.06031569647 0.3)
(5.055677569 0.06245808569 0.3)
(5.284215043 0.06470589636 0.3)
(5.523998255 0.06706431598 0.3)
(5.775580581 0.06953878735 0.3)
(6.039542623 0.07213502106 0.3)
(6.316493556 0.07485900874 0.3)
(6.60707253 0.07771703681 0.3)
(6.911950144 0.08071570108 0.3)
(7.231829999 0.08386192186 0.3)
(7.567450316 0.08716296005 0.3)
(7.919585643 0.09062643381 0.3)
(8.28904864 0.09426033618 0.3)
(8.676691957 0.09807305349 0.3)
(9.083410201 0.1020733848 0.3)
(9.510142 0.1062705621 0.3)
(9.957872169 0.1106742716 0.3)
(10.42763398 0.1152946763 0.3)
(10.92051157 0.1201424392 0.3)
(11.43764238 0.125228748 0.3)
(11.98021987 0.1305653409 0.3)
(12.54949619 0.1361645338 0.3)
(13.14678514 0.1420392485 0.3)
(13.77346513 0.1482030427 0.3)
(14.43098242 0.1546701414 0.3)
(15.12085444 0.1614554693 0.3)
(15.84467329 0.1685746856 0.3)
(16.60410939 0.1760442203 0.3)
(17.40091538 0.1838813114 0.3)
(18.23693014 0.1921040456 0.3)
(19.11408303 0.2007313992 0.3)
(20.03439834 0.2097832827 0.3)
(21 0.219280586 0.3)
(1.02896805 0.03187697976 0.3)
(1.059361542 0.03225798458 0.3)
(1.09125062 0.03265773766 0.3)
(1.124708877 0.03307716155 0.3)
(1.159813529 0.03351722421 0.3)
(1.19664559 0.03397894122 0.3)
(1.235290062 0.03446337813 0.3)
(1.275836128 0.03497165294 0.3)
(1.318377361 0.03550493863 0.3)
(1.363011939 0.03606446593 0.3)
(1.409842869 0.03665152613 0.3)
(1.458978229 0.03726747405 0.3)
(1.510531412 0.03791373117 0.3)
(1.564621395 0.03859178894 0.3)
(1.621373006 0.03930321218 0.3)
(1.680917217 0.04004964272 0.3)
(1.743391445 0.04083280318 0.3)
(1.808939869 0.04165450095 0.3)
(1.877713761 0.04251663234 0.3)
(1.949871839 0.04342118699 0.3)
(2.02558063 0.04437025244 0.3)
(2.105014855 0.04536601895 0.3)
(2.188357834 0.04641078457 0.3)
(2.275801905 0.0475069604 0.3)
(2.367548873 0.04865707621 0.3)
(2.463810472 0.04986378625 0.3)
(2.564808856 0.05112987538 0.3)
(2.670777111 0.05245826549 0.3)
(2.781959789 0.05385202225 0.3)
(2.89861348 0.05531436218 0.3)
(3.021007398 0.05684866008 0.3)
(3.149424004 0.05845845682 0.3)
(3.284159661 0.0601474675 0.3)
(3.425525311 0.06191959004 0.3)
(3.5738472 0.06377891415 0.3)
(3.729467626 0.0657297308 0.3)
(3.892745732 0.06777654211 0.3)
(4.064058332 0.06992407171 0.3)
(4.243800782 0.07217727571 0.3)
(4.432387895 0.07454135405 0.3)
(4.630254892 0.07702176259 0.3)
(4.837858414 0.07962422563 0.3)
(5.055677569 0.08235474916 0.3)
(5.284215043 0.0852196347 0.3)
(5.523998255 0.08822549386 0.3)
(5.775580581 0.0913792636 0.3)
(6.039542623 0.0946882222 0.3)
(6.316493556 0.09816000611 0.3)
(6.60707253 0.1018026275 0.3)
(6.911950144 0.105624493 0.3)
(7.231829999 0.1096344225 0.3)
(7.567450316 0.1138416704 0.3)
(7.919585643 0.1182559461 0.3)
(8.28904864 0.1228874368 0.3)
(8.676691957 0.1277468313 0.3)
(9.083410201 0.132845344 0.3)
(9.510142 0.1381947414 0.3)
(9.957872169 0.1438073688 0.3)
(10.42763398 0.1496961791 0.3)
(10.92051157 0.1558747626 0.3)
(11.43764238 0.1623573782 0.3)
(11.98021987 0.1691589866 0.3)
(12.54949619 0.1762952846 0.3)
(13.14678514 0.1837827414 0.3)
(13.77346513 0.1916386366 0.3)
(14.43098242 0.1998811001 0.3)
(15.12085444 0.208529154 0.3)
(15.84467329 0.2176027563 0.3)
(16.60410939 0.2271228472 0.3)
(17.40091538 0.2371113971 0.3)
(18.23693014 0.2475914578 0.3)
(19.11408303 0.2585872152 0.3)
(20.03439834 0.2701240455 0.3)
(21 0.2822285734 0.3)
(1.02896805 0.04281580986 0.3)
(1.059361542 0.04328149289 0.3)
(1.09125062 0.04377009098 0.3)
(1.124708877 0.04428273173 0.3)
(1.159813529 0.04482059819 0.3)
(1.19664559 0.04538493168 0.3)
(1.235290062 0.04597703456 0.3)
(1.275836128 0.0465982733 0.3)
(1.318377361 0.04725008159 0.3)
(1.363011939 0.04793396369 0.3)
(1.409842869 0.04865149786 0.3)
(1.458978229 0.04940434003 0.3)
(1.510531412 0.05019422762 0.3)
(1.564621395 0.05102298354 0.3)
(1.621373006 0.0518925204 0.3)
(1.680917217 0.05280484493 0.3)
(1.743391445 0.05376206259 0.3)
(1.808939869 0.05476638246 0.3)
(1.877713761 0.05582012231 0.3)
(1.949871839 0.05692571399 0.3)
(2.02558063 0.05808570898 0.3)
(2.105014855 0.05930278433 0.3)
(2.188357834 0.06057974881 0.3)
(2.275801905 0.06191954942 0.3)
(2.367548873 0.06332527816 0.3)
(2.463810472 0.06480017918 0.3)
(2.564808856 0.06634765627 0.3)
(2.670777111 0.06797128072 0.3)
(2.781959789 0.06967479954 0.3)
(2.89861348 0.07146214411 0.3)
(3.021007398 0.0733374393 0.3)
(3.149424004 0.07530501293 0.3)
(3.284159661 0.07736940577 0.3)
(3.425525311 0.07953538206 0.3)
(3.5738472 0.08180794045 0.3)
(3.729467626 0.08419232557 0.3)
(3.892745732 0.08669404013 0.3)
(4.064058332 0.0893188576 0.3)
(4.243800782 0.09207283557 0.3)
(4.432387895 0.09496232968 0.3)
(4.630254892 0.09799400834 0.3)
(4.837858414 0.1011748681 0.3)
(5.055677569 0.1045122497 0.3)
(5.284215043 0.1080138553 0.3)
(5.523998255 0.1116877658 0.3)
(5.775580581 0.11554246 0.3)
(6.039542623 0.1195868338 0.3)
(6.316493556 0.1238302207 0.3)
(6.60707253 0.1282824138 0.3)
(6.911950144 0.1329536877 0.3)
(7.231829999 0.1378548231 0.3)
(7.567450316 0.1429971306 0.3)
(7.919585643 0.1483924778 0.3)
(8.28904864 0.1540533161 0.3)
(8.676691957 0.1599927097 0.3)
(9.083410201 0.1662243655 0.3)
(9.510142 0.172762665 0.3)
(9.957872169 0.1796226973 0.3)
(10.42763398 0.1868202941 0.3)
(10.92051157 0.1943720661 0.3)
(11.43764238 0.2022954412 0.3)
(11.98021987 0.2106087052 0.3)
(12.54949619 0.2193310435 0.3)
(13.14678514 0.2284825855 0.3)
(13.77346513 0.2380844513 0.3)
(14.43098242 0.2481588001 0.3)
(15.12085444 0.2587288816 0.3)
(15.84467329 0.2698190895 0.3)
(16.60410939 0.281455018 0.3)
(17.40091538 0.2936635204 0.3)
(18.23693014 0.3064727717 0.3)
(19.11408303 0.3199123332 0.3)
(20.03439834 0.3340132209 0.3)
(21 0.3488079768 0.3)
(1.02896805 0.05607779054 0.3)
(1.059361542 0.05663046163 0.3)
(1.09125062 0.05721032824 0.3)
(1.124708877 0.05781872859 0.3)
(1.159813529 0.05845706675 0.3)
(1.19664559 0.05912681588 0.3)
(1.235290062 0.05982952164 0.3)
(1.275836128 0.06056680573 0.3)
(1.318377361 0.06134036967 0.3)
(1.363011939 0.0621519987 0.3)
(1.409842869 0.06300356589 0.3)
(1.458978229 0.06389703651 0.3)
(1.510531412 0.06483447251 0.3)
(1.564621395 0.06581803731 0.3)
(1.621373006 0.06685000081 0.3)
(1.680917217 0.06793274456 0.3)
(1.743391445 0.06906876733 0.3)
(1.808939869 0.07026069086 0.3)
(1.877713761 0.07151126586 0.3)
(1.949871839 0.07282337843 0.3)
(2.02558063 0.07420005667 0.3)
(2.105014855 0.0756444777 0.3)
(2.188357834 0.07715997496 0.3)
(2.275801905 0.07875004592 0.3)
(2.367548873 0.08041836017 0.3)
(2.463810472 0.08216876786 0.3)
(2.564808856 0.08400530859 0.3)
(2.670777111 0.08593222076 0.3)
(2.781959789 0.08795395129 0.3)
(2.89861348 0.09007516597 0.3)
(3.021007398 0.09230076014 0.3)
(3.149424004 0.09463587006 0.3)
(3.284159661 0.09708588471 0.3)
(3.425525311 0.09965645825 0.3)
(3.5738472 0.1023535231 0.3)
(3.729467626 0.1051833035 0.3)
(3.892745732 0.1081523301 0.3)
(4.064058332 0.1112674549 0.3)
(4.243800782 0.1145358669 0.3)
(4.432387895 0.117965109 0.3)
(4.630254892 0.1215630953 0.3)
(4.837858414 0.1253381292 0.3)
(5.055677569 0.1292989228 0.3)
(5.284215043 0.1334546168 0.3)
(5.523998255 0.1378148017 0.3)
(5.775580581 0.1423895401 0.3)
(6.039542623 0.1471893896 0.3)
(6.316493556 0.1522254273 0.3)
(6.60707253 0.1575092754 0.3)
(6.911950144 0.163053128 0.3)
(7.231829999 0.1688697793 0.3)
(7.567450316 0.174972653 0.3)
(7.919585643 0.1813758334 0.3)
(8.28904864 0.1880940977 0.3)
(8.676691957 0.1951429505 0.3)
(9.083410201 0.2025386591 0.3)
(9.510142 0.2102982915 0.3)
(9.957872169 0.2184397553 0.3)
(10.42763398 0.2269818396 0.3)
(10.92051157 0.2359442577 0.3)
(11.43764238 0.2453476934 0.3)
(11.98021987 0.2552138478 0.3)
(12.54949619 0.2655654902 0.3)
(13.14678514 0.2764265102 0.3)
(13.77346513 0.287821973 0.3)
(14.43098242 0.2997781771 0.3)
(15.12085444 0.3123227151 0.3)
(15.84467329 0.3254845375 0.3)
(16.60410939 0.3392940191 0.3)
(17.40091538 0.3537830297 0.3)
(18.23693014 0.3689850071 0.3)
(19.11408303 0.3849350346 0.3)
(20.03439834 0.4016699218 0.3)
(21 0.4192282895 0.3)
(1.02896805 0.07215863242 0.3)
(1.059361542 0.07280018423 0.3)
(1.09125062 0.07347330513 0.3)
(1.124708877 0.07417954859 0.3)
(1.159813529 0.07492054446 0.3)
(1.19664559 0.07569800282 0.3)
(1.235290062 0.0765137179 0.3)
(1.275836128 0.07736957222 0.3)
(1.318377361 0.07826754091 0.3)
(1.363011939 0.07920969633 0.3)
(1.409842869 0.08019821279 0.3)
(1.458978229 0.08123537159 0.3)
(1.510531412 0.08232356629 0.3)
(1.564621395 0.08346530825 0.3)
(1.621373006 0.08466323238 0.3)
(1.680917217 0.08592010327 0.3)
(1.743391445 0.08723882152 0.3)
(1.808939869 0.0886224305 0.3)
(1.877713761 0.09007412331 0.3)
(1.949871839 0.09159725017 0.3)
(2.02558063 0.09319532617 0.3)
(2.105014855 0.09487203937 0.3)
(2.188357834 0.09663125929 0.3)
(2.275801905 0.09847704589 0.3)
(2.367548873 0.1004136589 0.3)
(2.463810472 0.1024455676 0.3)
(2.564808856 0.1045774613 0.3)
(2.670777111 0.10681426 0.3)
(2.781959789 0.1091611257 0.3)
(2.89861348 0.1116234747 0.3)
(3.021007398 0.1142069895 0.3)
(3.149424004 0.1169176325 0.3)
(3.284159661 0.1197616591 0.3)
(3.425525311 0.122745633 0.3)
(3.5738472 0.1258764405 0.3)
(3.729467626 0.1291613069 0.3)
(3.892745732 0.1326078132 0.3)
(4.064058332 0.1362239132 0.3)
(4.243800782 0.140017952 0.3)
(4.432387895 0.1439986858 0.3)
(4.630254892 0.1481753012 0.3)
(4.837858414 0.152557437 0.3)
(5.055677569 0.1571552064 0.3)
(5.284215043 0.1619792202 0.3)
(5.523998255 0.1670406113 0.3)
(5.775580581 0.1723510604 0.3)
(6.039542623 0.1779228229 0.3)
(6.316493556 0.1837687575 0.3)
(6.60707253 0.1899023554 0.3)
(6.911950144 0.1963377719 0.3)
(7.231829999 0.2030898586 0.3)
(7.567450316 0.210174198 0.3)
(7.919585643 0.2176071396 0.3)
(8.28904864 0.2254058369 0.3)
(8.676691957 0.2335882881 0.3)
(9.083410201 0.2421733765 0.3)
(9.510142 0.251180915 0.3)
(9.957872169 0.2606316912 0.3)
(10.42763398 0.2705475157 0.3)
(10.92051157 0.2809512723 0.3)
(11.43764238 0.2918669709 0.3)
(11.98021987 0.3033198029 0.3)
(12.54949619 0.3153361992 0.3)
(13.14678514 0.3279438913 0.3)
(13.77346513 0.3411719754 0.3)
(14.43098242 0.3550509794 0.3)
(15.12085444 0.3696129333 0.3)
(15.84467329 0.3848914434 0.3)
(16.60410939 0.4009217695 0.3)
(17.40091538 0.4177409066 0.3)
(18.23693014 0.4353876701 0.3)
(19.11408303 0.4539027852 0.3)
(20.03439834 0.4733289813 0.3)
(21 0.4937110904 0.3)
(1.02896805 0.09165995534 0.3)
(1.059361542 0.09239172158 0.3)
(1.09125062 0.09315949615 0.3)
(1.124708877 0.09396505092 0.3)
(1.159813529 0.09481024496 0.3)
(1.19664559 0.09569702882 0.3)
(1.235290062 0.09662744902 0.3)
(1.275836128 0.0976036528 0.3)
(1.318377361 0.09862789305 0.3)
(1.363011939 0.09970253352 0.3)
(1.409842869 0.1008300543 0.3)
(1.458978229 0.1020130574 0.3)
(1.510531412 0.1032542731 0.3)
(1.564621395 0.1045565658 0.3)
(1.621373006 0.1059229409 0.3)
(1.680917217 0.1073565518 0.3)
(1.743391445 0.1088607071 0.3)
(1.808939869 0.1104388779 0.3)
(1.877713761 0.1120947064 0.3)
(1.949871839 0.113832014 0.3)
(2.02558063 0.11565481 0.3)
(2.105014855 0.1175673011 0.3)
(2.188357834 0.119573901 0.3)
(2.275801905 0.1216792404 0.3)
(2.367548873 0.1238881782 0.3)
(2.463810472 0.1262058121 0.3)
(2.564808856 0.1286374908 0.3)
(2.670777111 0.1311888261 0.3)
(2.781959789 0.133865706 0.3)
(2.89861348 0.1366743083 0.3)
(3.021007398 0.1396211146 0.3)
(3.149424004 0.1427129257 0.3)
(3.284159661 0.1459568768 0.3)
(3.425525311 0.1493604544 0.3)
(3.5738472 0.1529315133 0.3)
(3.729467626 0.1566782947 0.3)
(3.892745732 0.1606094456 0.3)
(4.064058332 0.1647340382 0.3)
(4.243800782 0.1690615915 0.3)
(4.432387895 0.1736020924 0.3)
(4.630254892 0.1783660197 0.3)
(4.837858414 0.1833643675 0.3)
(5.055677569 0.1886086712 0.3)
(5.284215043 0.1941110334 0.3)
(5.523998255 0.1998841528 0.3)
(5.775580581 0.2059413524 0.3)
(6.039542623 0.2122966112 0.3)
(6.316493556 0.2189645958 0.3)
(6.60707253 0.2259606948 0.3)
(6.911950144 0.2333010537 0.3)
(7.231829999 0.2410026128 0.3)
(7.567450316 0.2490831457 0.3)
(7.919585643 0.2575613007 0.3)
(8.28904864 0.2664566439 0.3)
(8.676691957 0.275789704 0.3)
(9.083410201 0.2855820198 0.3)
(9.510142 0.2958561903 0.3)
(9.957872169 0.3066359261 0.3)
(10.42763398 0.317946105 0.3)
(10.92051157 0.3298128285 0.3)
(11.43764238 0.3422634828 0.3)
(11.98021987 0.3553268017 0.3)
(12.54949619 0.3690329329 0.3)
(13.14678514 0.3834135073 0.3)
(13.77346513 0.3985017127 0.3)
(14.43098242 0.4143323697 0.3)
(15.12085444 0.4309420125 0.3)
(15.84467329 0.448368973 0.3)
(16.60410939 0.4666534692 0.3)
(17.40091538 0.4858376982 0.3)
(18.23693014 0.5059659336 0.3)
(19.11408303 0.5270846275 0.3)
(20.03439834 0.5492425179 0.3)
(21 0.5724907408 0.3)
(1.02896805 0.1153119238 0.3)
(1.059361542 0.1161345042 0.3)
(1.09125062 0.1169975617 0.3)
(1.124708877 0.117903088 0.3)
(1.159813529 0.118853173 0.3)
(1.19664559 0.1198500091 0.3)
(1.235290062 0.120895897 0.3)
(1.275836128 0.1219932503 0.3)
(1.318377361 0.1231446016 0.3)
(1.363011939 0.1243526079 0.3)
(1.409842869 0.125620057 0.3)
(1.458978229 0.1269498741 0.3)
(1.510531412 0.128345128 0.3)
(1.564621395 0.1298090388 0.3)
(1.621373006 0.1313449848 0.3)
(1.680917217 0.1329565108 0.3)
(1.743391445 0.1346473358 0.3)
(1.808939869 0.1364213619 0.3)
(1.877713761 0.1382826833 0.3)
(1.949871839 0.1402355955 0.3)
(2.02558063 0.1422846055 0.3)
(2.105014855 0.1444344419 0.3)
(2.188357834 0.1466900663 0.3)
(2.275801905 0.1490566841 0.3)
(2.367548873 0.1515397571 0.3)
(2.463810472 0.1541450157 0.3)
(2.564808856 0.1568784723 0.3)
(2.670777111 0.1597464353 0.3)
(2.781959789 0.1627555233 0.3)
(2.89861348 0.1659126808 0.3)
(3.021007398 0.1692251939 0.3)
(3.149424004 0.1727007072 0.3)
(3.284159661 0.1763472415 0.3)
(3.425525311 0.1801732123 0.3)
(3.5738472 0.1841874493 0.3)
(3.729467626 0.1883992166 0.3)
(3.892745732 0.192818234 0.3)
(4.064058332 0.1974546999 0.3)
(4.243800782 0.2023193143 0.3)
(4.432387895 0.2074233038 0.3)
(4.630254892 0.2127784474 0.3)
(4.837858414 0.2183971039 0.3)
(5.055677569 0.2242922399 0.3)
(5.284215043 0.2304774604 0.3)
(5.523998255 0.2369670396 0.3)
(5.775580581 0.2437759542 0.3)
(6.039542623 0.250919918 0.3)
(6.316493556 0.2584154177 0.3)
(6.60707253 0.2662797517 0.3)
(6.911950144 0.2745310692 0.3)
(7.231829999 0.2831884128 0.3)
(7.567450316 0.2922717619 0.3)
(7.919585643 0.3018020791 0.3)
(8.28904864 0.3118013587 0.3)
(8.676691957 0.322292677 0.3)
(9.083410201 0.333300246 0.3)
(9.510142 0.344849469 0.3)
(9.957872169 0.3569669995 0.3)
(10.42763398 0.3696808024 0.3)
(10.92051157 0.3830202187 0.3)
(11.43764238 0.3970160332 0.3)
(11.98021987 0.4117005457 0.3)
(12.54949619 0.4271076451 0.3)
(13.14678514 0.4432728881 0.3)
(13.77346513 0.460233581 0.3)
(14.43098242 0.4780288658 0.3)
(15.12085444 0.4966998106 0.3)
(15.84467329 0.5162895044 0.3)
(16.60410939 0.5368431565 0.3)
(17.40091538 0.5584082007 0.3)
(18.23693014 0.5810344051 0.3)
(19.11408303 0.6047739866 0.3)
(20.03439834 0.6296817317 0.3)
(21 0.6558151225 0.3)
(1.02896805 0.1440007206 0.3)
(1.059361542 0.1449137653 0.3)
(1.09125062 0.1458717386 0.3)
(1.124708877 0.1468768513 0.3)
(1.159813529 0.147931423 0.3)
(1.19664559 0.1490378874 0.3)
(1.235290062 0.1501987981 0.3)
(1.275836128 0.1514168342 0.3)
(1.318377361 0.1526948067 0.3)
(1.363011939 0.1540356649 0.3)
(1.409842869 0.1554425033 0.3)
(1.458978229 0.1569185687 0.3)
(1.510531412 0.1584672673 0.3)
(1.564621395 0.1600921735 0.3)
(1.621373006 0.161797037 0.3)
(1.680917217 0.1635857925 0.3)
(1.743391445 0.1654625681 0.3)
(1.808939869 0.1674316949 0.3)
(1.877713761 0.1694977174 0.3)
(1.949871839 0.1716654035 0.3)
(2.02558063 0.1739397558 0.3)
(2.105014855 0.1763260232 0.3)
(2.188357834 0.1788297126 0.3)
(2.275801905 0.1814566021 0.3)
(2.367548873 0.184212754 0.3)
(2.463810472 0.1871045291 0.3)
(2.564808856 0.1901386009 0.3)
(2.670777111 0.1933219717 0.3)
(2.781959789 0.1966619878 0.3)
(2.89861348 0.2001663575 0.3)
(3.021007398 0.2038431683 0.3)
(3.149424004 0.2077009053 0.3)
(3.284159661 0.2117484717 0.3)
(3.425525311 0.2159952084 0.3)
(3.5738472 0.220450916 0.3)
(3.729467626 0.2251258775 0.3)
(3.892745732 0.2300308817 0.3)
(4.064058332 0.2351772486 0.3)
(4.243800782 0.2405768549 0.3)
(4.432387895 0.2462421618 0.3)
(4.630254892 0.2521862439 0.3)
(4.837858414 0.258422819 0.3)
(5.055677569 0.2649662798 0.3)
(5.284215043 0.2718317274 0.3)
(5.523998255 0.279035006 0.3)
(5.775580581 0.2865927393 0.3)
(6.039542623 0.2945223692 0.3)
(6.316493556 0.3028421956 0.3)
(6.60707253 0.3115714193 0.3)
(6.911950144 0.3207301855 0.3)
(7.231829999 0.330339631 0.3)
(7.567450316 0.3404219325 0.3)
(7.919585643 0.351000358 0.3)
(8.28904864 0.3620993205 0.3)
(8.676691957 0.3737444343 0.3)
(9.083410201 0.3859625741 0.3)
(9.510142 0.398781937 0.3)
(9.957872169 0.4122321077 0.3)
(10.42763398 0.4263441265 0.3)
(10.92051157 0.4411505614 0.3)
(11.43764238 0.4566855827 0.3)
(11.98021987 0.4729850423 0.3)
(12.54949619 0.4900865563 0.3)
(13.14678514 0.5080295915 0.3)
(13.77346513 0.5268555573 0.3)
(14.43098242 0.5466079002 0.3)
(15.12085444 0.5673322049 0.3)
(15.84467329 0.5890762992 0.3)
(16.60410939 0.6118903642 0.3)
(17.40091538 0.6358270504 0.3)
(18.23693014 0.6609415992 0.3)
(19.11408303 0.6872919701 0.3)
(20.03439834 0.7149389748 0.3)
(21 0.7439464172 0.3)
(1.02896805 0.178801893 0.3)
(1.059361542 0.1798038372 0.3)
(1.09125062 0.1808550846 0.3)
(1.124708877 0.1819580611 0.3)
(1.159813529 0.1831153123 0.3)
(1.19664559 0.1843295088 0.3)
(1.235290062 0.1856034527 0.3)
(1.275836128 0.1869400842 0.3)
(1.318377361 0.1883424878 0.3)
(1.363011939 0.1898139002 0.3)
(1.409842869 0.1913577169 0.3)
(1.458978229 0.1929775008 0.3)
(1.510531412 0.1946769902 0.3)
(1.564621395 0.196460107 0.3)
(1.621373006 0.1983309664 0.3)
(1.680917217 0.2002938859 0.3)
(1.743391445 0.2023533957 0.3)
(1.808939869 0.2045142486 0.3)
(1.877713761 0.2067814316 0.3)
(1.949871839 0.2091601767 0.3)
(2.02558063 0.2116559737 0.3)
(2.105014855 0.2142745825 0.3)
(2.188357834 0.2170220463 0.3)
(2.275801905 0.2199047056 0.3)
(2.367548873 0.2229292132 0.3)
(2.463810472 0.226102549 0.3)
(2.564808856 0.2294320364 0.3)
(2.670777111 0.2329253593 0.3)
(2.781959789 0.2365905797 0.3)
(2.89861348 0.240436156 0.3)
(3.021007398 0.2444709633 0.3)
(3.149424004 0.248704313 0.3)
(3.284159661 0.2531459749 0.3)
(3.425525311 0.2578061995 0.3)
(3.5738472 0.2626957418 0.3)
(3.729467626 0.2678258858 0.3)
(3.892745732 0.2732084709 0.3)
(4.064058332 0.2788559192 0.3)
(4.243800782 0.2847812638 0.3)
(4.432387895 0.2909981793 0.3)
(4.630254892 0.2975210132 0.3)
(4.837858414 0.304364819 0.3)
(5.055677569 0.3115453907 0.3)
(5.284215043 0.3190792998 0.3)
(5.523998255 0.3269839331 0.3)
(5.775580581 0.3352775331 0.3)
(6.039542623 0.3439792397 0.3)
(6.316493556 0.3531091348 0.3)
(6.60707253 0.3626882885 0.3)
(6.911950144 0.3727388076 0.3)
(7.231829999 0.3832838868 0.3)
(7.567450316 0.3943478621 0.3)
(7.919585643 0.4059562671 0.3)
(8.28904864 0.4181358917 0.3)
(8.676691957 0.4309148443 0.3)
(9.083410201 0.4443226161 0.3)
(9.510142 0.4583901497 0.3)
(9.957872169 0.4731499103 0.3)
(10.42763398 0.4886359607 0.3)
(10.92051157 0.5048840396 0.3)
(11.43764238 0.5219316446 0.3)
(11.98021987 0.5398181182 0.3)
(12.54949619 0.558584739 0.3)
(13.14678514 0.5782748167 0.3)
(13.77346513 0.5989337923 0.3)
(14.43098242 0.6206093428 0.3)
(15.12085444 0.6433514912 0.3)
(15.84467329 0.667212722 0.3)
(16.60410939 0.6922481024 0.3)
(17.40091538 0.7185154092 0.3)
(18.23693014 0.7460752624 0.3)
(19.11408303 0.7749912648 0.3)
(20.03439834 0.805330149 0.3)
(21 0.8371619314 0.3)
(1.02896805 0.2210208261 0.3)
(1.059361542 0.2221085649 0.3)
(1.09125062 0.2232498286 0.3)
(1.124708877 0.2244472508 0.3)
(1.159813529 0.2257035952 0.3)
(1.19664559 0.227021761 0.3)
(1.235290062 0.2284047903 0.3)
(1.275836128 0.229855875 0.3)
(1.318377361 0.2313783638 0.3)
(1.363011939 0.2329757703 0.3)
(1.409842869 0.2346517811 0.3)
(1.458978229 0.236410264 0.3)
(1.510531412 0.2382552774 0.3)
(1.564621395 0.2401910791 0.3)
(1.621373006 0.2422221365 0.3)
(1.680917217 0.2443531371 0.3)
(1.743391445 0.2465889988 0.3)
(1.808939869 0.2489348814 0.3)
(1.877713761 0.2513961988 0.3)
(1.949871839 0.2539786313 0.3)
(2.02558063 0.2566881387 0.3)
(2.105014855 0.2595309739 0.3)
(2.188357834 0.2625136977 0.3)
(2.275801905 0.2656431936 0.3)
(2.367548873 0.2689266839 0.3)
(2.463810472 0.2723717464 0.3)
(2.564808856 0.2759863314 0.3)
(2.670777111 0.2797787809 0.3)
(2.781959789 0.283757847 0.3)
(2.89861348 0.2879327127 0.3)
(3.021007398 0.2923130127 0.3)
(3.149424004 0.296908856 0.3)
(3.284159661 0.3017308489 0.3)
(3.425525311 0.3067901196 0.3)
(3.5738472 0.312098344 0.3)
(3.729467626 0.3176677724 0.3)
(3.892745732 0.3235112579 0.3)
(4.064058332 0.3296422863 0.3)
(4.243800782 0.3360750068 0.3)
(4.432387895 0.3428242649 0.3)
(4.630254892 0.3499056365 0.3)
(4.837858414 0.3573354642 0.3)
(5.055677569 0.3651308945 0.3)
(5.284215043 0.3733099177 0.3)
(5.523998255 0.3818914097 0.3)
(5.775580581 0.3908951746 0.3)
(6.039542623 0.4003419916 0.3)
(6.316493556 0.4102536621 0.3)
(6.60707253 0.4206530603 0.3)
(6.911950144 0.4315641861 0.3)
(7.231829999 0.4430122201 0.3)
(7.567450316 0.4550235824 0.3)
(7.919585643 0.4676259928 0.3)
(8.28904864 0.4808485353 0.3)
(8.676691957 0.494721725 0.3)
(9.083410201 0.5092775785 0.3)
(9.510142 0.524549688 0.3)
(9.957872169 0.5405732986 0.3)
(10.42763398 0.5573853897 0.3)
(10.92051157 0.5750247605 0.3)
(11.43764238 0.5935321191 0.3)
(11.98021987 0.612950177 0.3)
(12.54949619 0.6333237475 0.3)
(13.14678514 0.6546998487 0.3)
(13.77346513 0.6771278128 0.3)
(14.43098242 0.700659399 0.3)
(15.12085444 0.7253489139 0.3)
(15.84467329 0.751253336 0.3)
(16.60410939 0.7784324479 0.3)
(17.40091538 0.8069489737 0.3)
(18.23693014 0.8368687242 0.3)
(19.11408303 0.8682607483 0.3)
(20.03439834 0.9011974929 0.3)
(21 0.9357549697 0.3)
(1.02896805 0.272241868 0.3)
(1.059361542 0.2734103573 0.3)
(1.09125062 0.274636345 0.3)
(1.124708877 0.2759226604 0.3)
(1.159813529 0.277272272 0.3)
(1.19664559 0.2786882946 0.3)
(1.235290062 0.2801739959 0.3)
(1.275836128 0.2817328048 0.3)
(1.318377361 0.2833683186 0.3)
(1.363011939 0.2850843119 0.3)
(1.409842869 0.2868847447 0.3)
(1.458978229 0.2887737722 0.3)
(1.510531412 0.2907557539 0.3)
(1.564621395 0.2928352638 0.3)
(1.621373006 0.2950171009 0.3)
(1.680917217 0.2973063007 0.3)
(1.743391445 0.2997081461 0.3)
(1.808939869 0.3022281801 0.3)
(1.877713761 0.3048722184 0.3)
(1.949871839 0.3076463631 0.3)
(2.02558063 0.3105570162 0.3)
(2.105014855 0.3136108951 0.3)
(2.188357834 0.3168150474 0.3)
(2.275801905 0.3201768679 0.3)
(2.367548873 0.3237041148 0.3)
(2.463810472 0.3274049285 0.3)
(2.564808856 0.3312878496 0.3)
(2.670777111 0.3353618393 0.3)
(2.781959789 0.3396362995 0.3)
(2.89861348 0.3441210948 0.3)
(3.021007398 0.3488265754 0.3)
(3.149424004 0.3537636005 0.3)
(3.284159661 0.3589435638 0.3)
(3.425525311 0.3643784198 0.3)
(3.5738472 0.370080711 0.3)
(3.729467626 0.3760635972 0.3)
(3.892745732 0.3823408859 0.3)
(4.064058332 0.3889270636 0.3)
(4.243800782 0.3958373302 0.3)
(4.432387895 0.4030876332 0.3)
(4.630254892 0.4106947049 0.3)
(4.837858414 0.4186761009 0.3)
(5.055677569 0.4270502409 0.3)
(5.284215043 0.4358364506 0.3)
(5.523998255 0.4450550071 0.3)
(5.775580581 0.4547271849 0.3)
(6.039542623 0.4648753056 0.3)
(6.316493556 0.4755227891 0.3)
(6.60707253 0.4866942078 0.3)
(6.911950144 0.4984153432 0.3)
(7.231829999 0.5107132454 0.3)
(7.567450316 0.5236162957 0.3)
(7.919585643 0.5371542717 0.3)
(8.28904864 0.5513584165 0.3)
(8.676691957 0.5662615107 0.3)
(9.083410201 0.5818979477 0.3)
(9.510142 0.5983038134 0.3)
(9.957872169 0.6155169693 0.3)
(10.42763398 0.6335771403 0.3)
(10.92051157 0.6525260056 0.3)
(11.43764238 0.6724072957 0.3)
(11.98021987 0.6932668927 0.3)
(12.54949619 0.7151529367 0.3)
(13.14678514 0.7381159363 0.3)
(13.77346513 0.762208886 0.3)
(14.43098242 0.7874873875 0.3)
(15.12085444 0.8140097787 0.3)
(15.84467329 0.8418372684 0.3)
(16.60410939 0.8710340771 0.3)
(17.40091538 0.9016675853 0.3)
(18.23693014 0.9338084894 0.3)
(19.11408303 0.9675309643 0.3)
(20.03439834 1.002912835 0.3)
(21 1.040035757 0.3)
(1.02896805 0.3343879547 0.3)
(1.059361542 0.3356297234 0.3)
(1.09125062 0.3369325963 0.3)
(1.124708877 0.3382995802 0.3)
(1.159813529 0.3397338299 0.3)
(1.19664559 0.3412386553 0.3)
(1.235290062 0.3428175293 0.3)
(1.275836128 0.3444740956 0.3)
(1.318377361 0.3462121772 0.3)
(1.363011939 0.3480357853 0.3)
(1.409842869 0.3499491285 0.3)
(1.458978229 0.3519566224 0.3)
(1.510531412 0.3540628998 0.3)
(1.564621395 0.3562728218 0.3)
(1.621373006 0.3585914883 0.3)
(1.680917217 0.3610242504 0.3)
(1.743391445 0.3635767224 0.3)
(1.808939869 0.366254795 0.3)
(1.877713761 0.3690646486 0.3)
(1.949871839 0.3720127678 0.3)
(2.02558063 0.3751059565 0.3)
(2.105014855 0.3783513529 0.3)
(2.188357834 0.3817564469 0.3)
(2.275801905 0.3853290968 0.3)
(2.367548873 0.3890775476 0.3)
(2.463810472 0.3930104499 0.3)
(2.564808856 0.3971368803 0.3)
(2.670777111 0.4014663616 0.3)
(2.781959789 0.4060088855 0.3)
(2.89861348 0.4107749353 0.3)
(3.021007398 0.4157755101 0.3)
(3.149424004 0.4210221503 0.3)
(3.284159661 0.4265269641 0.3)
(3.425525311 0.4323026556 0.3)
(3.5738472 0.4383625539 0.3)
(3.729467626 0.4447206442 0.3)
(3.892745732 0.4513915997 0.3)
(4.064058332 0.4583908157 0.3)
(4.243800782 0.4657344451 0.3)
(4.432387895 0.4734394355 0.3)
(4.630254892 0.4815235686 0.3)
(4.837858414 0.490005501 0.3)
(5.055677569 0.4989048074 0.3)
(5.284215043 0.5082420257 0.3)
(5.523998255 0.5180387045 0.3)
(5.775580581 0.5283174525 0.3)
(6.039542623 0.5391019911 0.3)
(6.316493556 0.5504172091 0.3)
(6.60707253 0.5622892197 0.3)
(6.911950144 0.5747454213 0.3)
(7.231829999 0.5878145604 0.3)
(7.567450316 0.6015267982 0.3)
(7.919585643 0.6159137797 0.3)
(8.28904864 0.6310087075 0.3)
(8.676691957 0.6468464177 0.3)
(9.083410201 0.6634634608 0.3)
(9.510142 0.6808981856 0.3)
(9.957872169 0.6991908283 0.3)
(10.42763398 0.7183836047 0.3)
(10.92051157 0.738520808 0.3)
(11.43764238 0.7596489112 0.3)
(11.98021987 0.7818166737 0.3)
(12.54949619 0.8050752547 0.3)
(13.14678514 0.8294783303 0.3)
(13.77346513 0.8550822184 0.3)
(14.43098242 0.8819460076 0.3)
(15.12085444 0.9101316946 0.3)
(15.84467329 0.9397043265 0.3)
(16.60410939 0.9707321512 0.3)
(17.40091538 1.003286775 0.3)
(18.23693014 1.037443328 0.3)
(19.11408303 1.073280637 0.3)
(20.03439834 1.110881407 0.3)
(21 1.150332414 0.3)
(1.02896805 0.4097929801 0.3)
(1.059361542 0.4110975333 0.3)
(1.09125062 0.4124662801 0.3)
(1.124708877 0.4139023794 0.3)
(1.159813529 0.4154091454 0.3)
(1.19664559 0.4169900555 0.3)
(1.235290062 0.4186487581 0.3)
(1.275836128 0.4203890812 0.3)
(1.318377361 0.4222150411 0.3)
(1.363011939 0.4241308517 0.3)
(1.409842869 0.4261409345 0.3)
(1.458978229 0.4282499283 0.3)
(1.510531412 0.4304627001 0.3)
(1.564621395 0.4327843568 0.3)
(1.621373006 0.4352202562 0.3)
(1.680917217 0.4377760199 0.3)
(1.743391445 0.4404575462 0.3)
(1.808939869 0.4432710235 0.3)
(1.877713761 0.4462229447 0.3)
(1.949871839 0.4493201223 0.3)
(2.02558063 0.452569704 0.3)
(2.105014855 0.4559791893 0.3)
(2.188357834 0.4595564465 0.3)
(2.275801905 0.4633097313 0.3)
(2.367548873 0.4672477056 0.3)
(2.463810472 0.4713794575 0.3)
(2.564808856 0.4757145222 0.3)
(2.670777111 0.4802629042 0.3)
(2.781959789 0.4850351003 0.3)
(2.89861348 0.490042124 0.3)
(3.021007398 0.4952955303 0.3)
(3.149424004 0.5008074432 0.3)
(3.284159661 0.506590583 0.3)
(3.425525311 0.5126582963 0.3)
(3.5738472 0.5190245861 0.3)
(3.729467626 0.5257041446 0.3)
(3.892745732 0.5327123869 0.3)
(4.064058332 0.5400654867 0.3)
(4.243800782 0.5477804135 0.3)
(4.432387895 0.555874972 0.3)
(4.630254892 0.5643678429 0.3)
(4.837858414 0.573278626 0.3)
(5.055677569 0.5826278857 0.3)
(5.284215043 0.5924371983 0.3)
(5.523998255 0.6027292019 0.3)
(5.775580581 0.6135276485 0.3)
(6.039542623 0.6248574587 0.3)
(6.316493556 0.6367447796 0.3)
(6.60707253 0.6492170449 0.3)
(6.911950144 0.6623030382 0.3)
(7.231829999 0.6760329594 0.3)
(7.567450316 0.6904384947 0.3)
(7.919585643 0.7055528891 0.3)
(8.28904864 0.7214110238 0.3)
(8.676691957 0.7380494964 0.3)
(9.083410201 0.7555067053 0.3)
(9.510142 0.7738229384 0.3)
(9.957872169 0.7930404661 0.3)
(10.42763398 0.8132036387 0.3)
(10.92051157 0.8343589889 0.3)
(11.43764238 0.8565553393 0.3)
(11.98021987 0.8798439148 0.3)
(12.54949619 0.9042784611 0.3)
(13.14678514 0.9299153682 0.3)
(13.77346513 0.9568138014 0.3)
(14.43098242 0.985035837 0.3)
(15.12085444 1.014646606 0.3)
(15.84467329 1.045714445 0.3)
(16.60410939 1.078311052 0.3)
(17.40091538 1.112511653 0.3)
(18.23693014 1.148395178 0.3)
(19.11408303 1.186044439 0.3)
(20.03439834 1.225546323 0.3)
(21 1.266991992 0.3)
(1.02896805 0.5012896349 0.3)
(1.059361542 0.5026427251 0.3)
(1.09125062 0.5040623975 0.3)
(1.124708877 0.5055519282 0.3)
(1.159813529 0.5071147549 0.3)
(1.19664559 0.5087544843 0.3)
(1.235290062 0.5104749006 0.3)
(1.275836128 0.5122799741 0.3)
(1.318377361 0.5141738705 0.3)
(1.363011939 0.5161609608 0.3)
(1.409842869 0.5182458306 0.3)
(1.458978229 0.5204332915 0.3)
(1.510531412 0.5227283917 0.3)
(1.564621395 0.5251364278 0.3)
(1.621373006 0.5276629572 0.3)
(1.680917217 0.5303138106 0.3)
(1.743391445 0.5330951056 0.3)
(1.808939869 0.536013261 0.3)
(1.877713761 0.5390750113 0.3)
(1.949871839 0.5422874224 0.3)
(2.02558063 0.545657908 0.3)
(2.105014855 0.5491942464 0.3)
(2.188357834 0.552904599 0.3)
(2.275801905 0.5567975284 0.3)
(2.367548873 0.5608820188 0.3)
(2.463810472 0.5651674964 0.3)
(2.564808856 0.5696638514 0.3)
(2.670777111 0.5743814603 0.3)
(2.781959789 0.5793312106 0.3)
(2.89861348 0.5845245254 0.3)
(3.021007398 0.5899733898 0.3)
(3.149424004 0.5956903787 0.3)
(3.284159661 0.6016886859 0.3)
(3.425525311 0.6079821542 0.3)
(3.5738472 0.614585308 0.3)
(3.729467626 0.6215133858 0.3)
(3.892745732 0.6287823766 0.3)
(4.064058332 0.6364090555 0.3)
(4.243800782 0.6444110237 0.3)
(4.432387895 0.652806748 0.3)
(4.630254892 0.6616156043 0.3)
(4.837858414 0.6708579217 0.3)
(5.055677569 0.6805550296 0.3)
(5.284215043 0.6907293072 0.3)
(5.523998255 0.7014042347 0.3)
(5.775580581 0.7126044478 0.3)
(6.039542623 0.7243557946 0.3)
(6.316493556 0.7366853947 0.3)
(6.60707253 0.7496217027 0.3)
(6.911950144 0.763194573 0.3)
(7.231829999 0.7774353291 0.3)
(7.567450316 0.7923768362 0.3)
(7.919585643 0.8080535762 0.3)
(8.28904864 0.8245017281 0.3)
(8.676691957 0.8417592512 0.3)
(9.083410201 0.8598659724 0.3)
(9.510142 0.8788636786 0.3)
(9.957872169 0.8987962128 0.3)
(10.42763398 0.9197095757 0.3)
(10.92051157 0.9416520311 0.3)
(11.43764238 0.9646742181 0.3)
(11.98021987 0.9888292676 0.3)
(12.54949619 1.014172925 0.3)
(13.14678514 1.040763678 0.3)
(13.77346513 1.068662893 0.3)
(14.43098242 1.097934957 0.3)
(15.12085444 1.128647423 0.3)
(15.84467329 1.16087117 0.3)
(16.60410939 1.194680565 0.3)
(17.40091538 1.230153633 0.3)
(18.23693014 1.26737224 0.3)
(19.11408303 1.306422277 0.3)
(20.03439834 1.347393866 0.3)
(21 1.390381562 0.3)
(1.02896805 0.6018539823 0.3)
(1.059361542 0.6032526428 0.3)
(1.09125062 0.6047201279 0.3)
(1.124708877 0.6062598241 0.3)
(1.159813529 0.6078752848 0.3)
(1.19664559 0.6095702382 0.3)
(1.235290062 0.6113485958 0.3)
(1.275836128 0.6132144618 0.3)
(1.318377361 0.6151721423 0.3)
(1.363011939 0.6172261551 0.3)
(1.409842869 0.6193812407 0.3)
(1.458978229 0.6216423724 0.3)
(1.510531412 0.6240147686 0.3)
(1.564621395 0.6265039043 0.3)
(1.621373006 0.6291155239 0.3)
(1.680917217 0.6318556546 0.3)
(1.743391445 0.63473062 0.3)
(1.808939869 0.6377470551 0.3)
(1.877713761 0.6409119211 0.3)
(1.949871839 0.6442325221 0.3)
(2.02558063 0.6477165212 0.3)
(2.105014855 0.651371959 0.3)
(2.188357834 0.6552072714 0.3)
(2.275801905 0.6592313096 0.3)
(2.367548873 0.6634533603 0.3)
(2.463810472 0.6678831673 0.3)
(2.564808856 0.6725309536 0.3)
(2.670777111 0.6774074455 0.3)
(2.781959789 0.682523897 0.3)
(2.89861348 0.6878921159 0.3)
(3.021007398 0.6935244909 0.3)
(3.149424004 0.6994340206 0.3)
(3.284159661 0.705634343 0.3)
(3.425525311 0.7121397672 0.3)
(3.5738472 0.7189653066 0.3)
(3.729467626 0.7261267131 0.3)
(3.892745732 0.733640514 0.3)
(4.064058332 0.7415240497 0.3)
(4.243800782 0.7497955137 0.3)
(4.432387895 0.7584739952 0.3)
(4.630254892 0.7675795223 0.3)
(4.837858414 0.7771331089 0.3)
(5.055677569 0.7871568028 0.3)
(5.284215043 0.7976737369 0.3)
(5.523998255 0.8087081821 0.3)
(5.775580581 0.8202856039 0.3)
(6.039542623 0.8324327207 0.3)
(6.316493556 0.8451775658 0.3)
(6.60707253 0.8585495518 0.3)
(6.911950144 0.8725795388 0.3)
(7.231829999 0.8872999051 0.3)
(7.567450316 0.9027446227 0.3)
(7.919585643 0.918949335 0.3)
(8.28904864 0.9359514394 0.3)
(8.676691957 0.9537901734 0.3)
(9.083410201 0.9725067054 0.3)
(9.510142 0.9921442297 0.3)
(9.957872169 1.012748066 0.3)
(10.42763398 1.034365764 0.3)
(10.92051157 1.057047213 0.3)
(11.43764238 1.080844757 0.3)
(11.98021987 1.105813317 0.3)
(12.54949619 1.132010516 0.3)
(13.14678514 1.159496811 0.3)
(13.77346513 1.188335635 0.3)
(14.43098242 1.218593544 0.3)
(15.12085444 1.250340366 0.3)
(15.84467329 1.283649368 0.3)
(16.60410939 1.318597419 0.3)
(17.40091538 1.355265174 0.3)
(18.23693014 1.393737255 0.3)
(19.11408303 1.434102447 0.3)
(20.03439834 1.476453906 0.3)
(21 1.520889371 0.3)
(1.02896805 0.7100625724 0.3)
(1.059361542 0.7115066278 0.3)
(1.09125062 0.7130217414 0.3)
(1.124708877 0.7146114098 0.3)
(1.159813529 0.7162793017 0.3)
(1.19664559 0.7180292663 0.3)
(1.235290062 0.719865342 0.3)
(1.275836128 0.7217917664 0.3)
(1.318377361 0.7238129851 0.3)
(1.363011939 0.7259336628 0.3)
(1.409842869 0.7281586935 0.3)
(1.458978229 0.7304932123 0.3)
(1.510531412 0.7329426067 0.3)
(1.564621395 0.7355125294 0.3)
(1.621373006 0.7382089115 0.3)
(1.680917217 0.7410379755 0.3)
(1.743391445 0.7440062505 0.3)
(1.808939869 0.7471205866 0.3)
(1.877713761 0.7503881712 0.3)
(1.949871839 0.7538165452 0.3)
(2.02558063 0.7574136206 0.3)
(2.105014855 0.7611876988 0.3)
(2.188357834 0.7651474896 0.3)
(2.275801905 0.7693021315 0.3)
(2.367548873 0.7736612127 0.3)
(2.463810472 0.7782347929 0.3)
(2.564808856 0.7830334273 0.3)
(2.670777111 0.78806819 0.3)
(2.781959789 0.7933507005 0.3)
(2.89861348 0.7988931496 0.3)
(3.021007398 0.8047083283 0.3)
(3.149424004 0.810809657 0.3)
(3.284159661 0.8172112163 0.3)
(3.425525311 0.8239277799 0.3)
(3.5738472 0.8309748481 0.3)
(3.729467626 0.8383686845 0.3)
(3.892745732 0.8461263524 0.3)
(4.064058332 0.8542657551 0.3)
(4.243800782 0.8628056768 0.3)
(4.432387895 0.871765826 0.3)
(4.630254892 0.8811668811 0.3)
(4.837858414 0.8910305378 0.3)
(5.055677569 0.9013795595 0.3)
(5.284215043 0.91223783 0.3)
(5.523998255 0.9236304078 0.3)
(5.775580581 0.9355835851 0.3)
(6.039542623 0.9481249473 0.3)
(6.316493556 0.9612834376 0.3)
(6.60707253 0.9750894232 0.3)
(6.911950144 0.9895747657 0.3)
(7.231829999 1.004772895 0.3)
(7.567450316 1.020718884 0.3)
(7.919585643 1.037449535 0.3)
(8.28904864 1.055003457 0.3)
(8.676691957 1.073421163 0.3)
(9.083410201 1.092745157 0.3)
(9.510142 1.113020034 0.3)
(9.957872169 1.134292586 0.3)
(10.42763398 1.156611905 0.3)
(10.92051157 1.180029501 0.3)
(11.43764238 1.204599415 0.3)
(11.98021987 1.230378352 0.3)
(12.54949619 1.257425804 0.3)
(13.14678514 1.285804191 0.3)
(13.77346513 1.315579005 0.3)
(14.43098242 1.346818961 0.3)
(15.12085444 1.379596154 0.3)
(15.84467329 1.413986229 0.3)
(16.60410939 1.45006855 0.3)
(17.40091538 1.48792639 0.3)
(18.23693014 1.527647115 0.3)
(19.11408303 1.569322395 0.3)
(20.03439834 1.613048409 0.3)
(21 1.658926066 0.3)
(1.02896805 0.8264965343 0.3)
(1.059361542 0.8279855854 0.3)
(1.09125062 0.8295479089 0.3)
(1.124708877 0.8311871104 0.3)
(1.159813529 0.8329069727 0.3)
(1.19664559 0.8347114649 0.3)
(1.235290062 0.8366047516 0.3)
(1.275836128 0.8385912021 0.3)
(1.318377361 0.8406754006 0.3)
(1.363011939 0.8428621572 0.3)
(1.409842869 0.8451565184 0.3)
(1.458978229 0.8475637792 0.3)
(1.510531412 0.8500894951 0.3)
(1.564621395 0.8527394949 0.3)
(1.621373006 0.8555198944 0.3)
(1.680917217 0.8584371102 0.3)
(1.743391445 0.8614978746 0.3)
(1.808939869 0.8647092514 0.3)
(1.877713761 0.8680786517 0.3)
(1.949871839 0.8716138515 0.3)
(2.02558063 0.8753230094 0.3)
(2.105014855 0.8792146854 0.3)
(2.188357834 0.8832978606 0.3)
(2.275801905 0.8875819584 0.3)
(2.367548873 0.8920768656 0.3)
(2.463810472 0.8967929556 0.3)
(2.564808856 0.9017411122 0.3)
(2.670777111 0.9069327548 0.3)
(2.781959789 0.9123798647 0.3)
(2.89861348 0.9180950129 0.3)
(3.021007398 0.9240913887 0.3)
(3.149424004 0.9303828307 0.3)
(3.284159661 0.9369838583 0.3)
(3.425525311 0.9439097055 0.3)
(3.5738472 0.9511763557 0.3)
(3.729467626 0.958800579 0.3)
(3.892745732 0.9667999707 0.3)
(4.064058332 0.9751929918 0.3)
(4.243800782 0.9839990117 0.3)
(4.432387895 0.9932383532 0.3)
(4.630254892 1.002932339 0.3)
(4.837858414 1.013103341 0.3)
(5.055677569 1.023774831 0.3)
(5.284215043 1.034971438 0.3)
(5.523998255 1.046719001 0.3)
(5.775580581 1.059044631 0.3)
(6.039542623 1.071976774 0.3)
(6.316493556 1.085545274 0.3)
(6.60707253 1.099781445 0.3)
(6.911950144 1.114718141 0.3)
(7.231829999 1.130389833 0.3)
(7.567450316 1.146832689 0.3)
(7.919585643 1.164084655 0.3)
(8.28904864 1.182185547 0.3)
(8.676691957 1.201177136 0.3)
(9.083410201 1.221103252 0.3)
(9.510142 1.242009881 0.3)
(9.957872169 1.263945272 0.3)
(10.42763398 1.286960046 0.3)
(10.92051157 1.311107318 0.3)
(11.43764238 1.336442815 0.3)
(11.98021987 1.363025006 0.3)
(12.54949619 1.390915238 0.3)
(13.14678514 1.420177877 0.3)
(13.77346513 1.450880454 0.3)
(14.43098242 1.483093826 0.3)
(15.12085444 1.516892335 0.3)
(15.84467329 1.552353982 0.3)
(16.60410939 1.589560604 0.3)
(17.40091538 1.628598068 0.3)
(18.23693014 1.669556465 0.3)
(19.11408303 1.712530319 0.3)
(20.03439834 1.757618806 0.3)
(21 1.80492598 0.3)
(1.02896805 0.9517811787 0.3)
(1.059361542 0.9533145742 0.3)
(1.09125062 0.9549234241 0.3)
(1.124708877 0.9566114414 0.3)
(1.159813529 0.9583825216 0.3)
(1.19664559 0.9602407521 0.3)
(1.235290062 0.9621904214 0.3)
(1.275836128 0.9642360288 0.3)
(1.318377361 0.9663822953 0.3)
(1.363011939 0.9686341741 0.3)
(1.409842869 0.9709968619 0.3)
(1.458978229 0.9734758116 0.3)
(1.510531412 0.9760767439 0.3)
(1.564621395 0.9788056615 0.3)
(1.621373006 0.981668862 0.3)
(1.680917217 0.9846729532 0.3)
(1.743391445 0.987824868 0.3)
(1.808939869 0.9911318804 0.3)
(1.877713761 0.9946016223 0.3)
(1.949871839 0.9982421013 0.3)
(2.02558063 1.002061719 0.3)
(2.105014855 1.00606929 0.3)
(2.188357834 1.010274063 0.3)
(2.275801905 1.014685743 0.3)
(2.367548873 1.019314509 0.3)
(2.463810472 1.024171046 0.3)
(2.564808856 1.02926656 0.3)
(2.670777111 1.034612811 0.3)
(2.781959789 1.040222137 0.3)
(2.89861348 1.046107484 0.3)
(3.021007398 1.052282433 0.3)
(3.149424004 1.058761236 0.3)
(3.284159661 1.065558844 0.3)
(3.425525311 1.072690944 0.3)
(3.5738472 1.080173997 0.3)
(3.729467626 1.088025272 0.3)
(3.892745732 1.096262888 0.3)
(4.064058332 1.104905855 0.3)
(4.243800782 1.113974121 0.3)
(4.432387895 1.123488612 0.3)
(4.630254892 1.133471287 0.3)
(4.837858414 1.143945184 0.3)
(5.055677569 1.154934474 0.3)
(5.284215043 1.166464519 0.3)
(5.523998255 1.178561927 0.3)
(5.775580581 1.191254618 0.3)
(6.039542623 1.204571883 0.3)
(6.316493556 1.218544456 0.3)
(6.60707253 1.233204584 0.3)
(6.911950144 1.248586099 0.3)
(7.231829999 1.264724498 0.3)
(7.567450316 1.281657027 0.3)
(7.919585643 1.299422761 0.3)
(8.28904864 1.318062702 0.3)
(8.676691957 1.337619865 0.3)
(9.083410201 1.358139386 0.3)
(9.510142 1.37966862 0.3)
(9.957872169 1.402257252 0.3)
(10.42763398 1.425957413 0.3)
(10.92051157 1.450823796 0.3)
(11.43764238 1.476913791 0.3)
(11.98021987 1.504287607 0.3)
(12.54949619 1.533008417 0.3)
(13.14678514 1.563142505 0.3)
(13.77346513 1.594759413 0.3)
(14.43098242 1.627932107 0.3)
(15.12085444 1.662737145 0.3)
(15.84467329 1.699254848 0.3)
(16.60410939 1.737569493 0.3)
(17.40091538 1.777769503 0.3)
(18.23693014 1.819947652 0.3)
(19.11408303 1.864201278 0.3)
(20.03439834 1.910632512 0.3)
(21 1.959348506 0.3)
(1.02896805 1.086589358 0.3)
(1.059361542 1.088166162 0.3)
(1.09125062 1.089820556 0.3)
(1.124708877 1.091556359 0.3)
(1.159813529 1.093377576 0.3)
(1.19664559 1.09528841 0.3)
(1.235290062 1.097293272 0.3)
(1.275836128 1.099396788 0.3)
(1.318377361 1.101603812 0.3)
(1.363011939 1.103919439 0.3)
(1.409842869 1.106349011 0.3)
(1.458978229 1.108898136 0.3)
(1.510531412 1.111572697 0.3)
(1.564621395 1.114378867 0.3)
(1.621373006 1.117323121 0.3)
(1.680917217 1.120412254 0.3)
(1.743391445 1.123653395 0.3)
(1.808939869 1.127054024 0.3)
(1.877713761 1.13062199 0.3)
(1.949871839 1.134365526 0.3)
(2.02558063 1.138293271 0.3)
(2.105014855 1.142414291 0.3)
(2.188357834 1.146738096 0.3)
(2.275801905 1.151274664 0.3)
(2.367548873 1.156034465 0.3)
(2.463810472 1.161028483 0.3)
(2.564808856 1.166268244 0.3)
(2.670777111 1.17176584 0.3)
(2.781959789 1.177533959 0.3)
(2.89861348 1.183585911 0.3)
(3.021007398 1.189935665 0.3)
(3.149424004 1.196597874 0.3)
(3.284159661 1.203587913 0.3)
(3.425525311 1.210921914 0.3)
(3.5738472 1.218616802 0.3)
(3.729467626 1.226690335 0.3)
(3.892745732 1.235161146 0.3)
(4.064058332 1.244048784 0.3)
(4.243800782 1.25337376 0.3)
(4.432387895 1.263157594 0.3)
(4.630254892 1.273422865 0.3)
(4.837858414 1.284193263 0.3)
(5.055677569 1.295493645 0.3)
(5.284215043 1.307350089 0.3)
(5.523998255 1.319789959 0.3)
(5.775580581 1.332841962 0.3)
(6.039542623 1.346536221 0.3)
(6.316493556 1.360904339 0.3)
(6.60707253 1.375979475 0.3)
(6.911950144 1.391796419 0.3)
(7.231829999 1.408391674 0.3)
(7.567450316 1.42580354 0.3)
(7.919585643 1.444072198 0.3)
(8.28904864 1.463239809 0.3)
(8.676691957 1.483350609 0.3)
(9.083410201 1.50445101 0.3)
(9.510142 1.526589707 0.3)
(9.957872169 1.549817792 0.3)
(10.42763398 1.574188872 0.3)
(10.92051157 1.599759189 0.3)
(11.43764238 1.626587755 0.3)
(11.98021987 1.654736486 0.3)
(12.54949619 1.684270343 0.3)
(13.14678514 1.715257486 0.3)
(13.77346513 1.747769425 0.3)
(14.43098242 1.781881193 0.3)
(15.12085444 1.817671514 0.3)
(15.84467329 1.855222983 0.3)
(16.60410939 1.894622263 0.3)
(17.40091538 1.935960281 0.3)
(18.23693014 1.979332435 0.3)
(19.11408303 2.024838821 0.3)
(20.03439834 2.072584459 0.3)
(21 2.122679536 0.3)
(1.02896805 1.231645081 0.3)
(1.059361542 1.233264037 0.3)
(1.09125062 1.234962658 0.3)
(1.124708877 1.236744864 0.3)
(1.159813529 1.238614768 0.3)
(1.19664559 1.240576684 0.3)
(1.235290062 1.242635142 0.3)
(1.275836128 1.244794891 0.3)
(1.318377361 1.247060916 0.3)
(1.363011939 1.249438445 0.3)
(1.409842869 1.251932967 0.3)
(1.458978229 1.254550238 0.3)
(1.510531412 1.257296298 0.3)
(1.564621395 1.260177485 0.3)
(1.621373006 1.263200447 0.3)
(1.680917217 1.266372162 0.3)
(1.743391445 1.269699948 0.3)
(1.808939869 1.273191487 0.3)
(1.877713761 1.276854834 0.3)
(1.949871839 1.280698446 0.3)
(2.02558063 1.284731192 0.3)
(2.105014855 1.288962379 0.3)
(2.188357834 1.293401771 0.3)
(2.275801905 1.298059615 0.3)
(2.367548873 1.302946659 0.3)
(2.463810472 1.308074182 0.3)
(2.564808856 1.313454018 0.3)
(2.670777111 1.319098581 0.3)
(2.781959789 1.325020898 0.3)
(2.89861348 1.331234637 0.3)
(3.021007398 1.337754139 0.3)
(3.149424004 1.344594448 0.3)
(3.284159661 1.351771351 0.3)
(3.425525311 1.359301411 0.3)
(3.5738472 1.367202006 0.3)
(3.729467626 1.375491369 0.3)
(3.892745732 1.38418863 0.3)
(4.064058332 1.39331386 0.3)
(4.243800782 1.40288812 0.3)
(4.432387895 1.412933504 0.3)
(4.630254892 1.423473196 0.3)
(4.837858414 1.434531519 0.3)
(5.055677569 1.446133993 0.3)
(5.284215043 1.458307395 0.3)
(5.523998255 1.471079819 0.3)
(5.775580581 1.484480741 0.3)
(6.039542623 1.498541087 0.3)
(6.316493556 1.513293307 0.3)
(6.60707253 1.528771446 0.3)
(6.911950144 1.545011224 0.3)
(7.231829999 1.562050119 0.3)
(7.567450316 1.579927455 0.3)
(7.919585643 1.598684488 0.3)
(8.28904864 1.618364506 0.3)
(8.676691957 1.639012927 0.3)
(9.083410201 1.660677403 0.3)
(9.510142 1.683407933 0.3)
(9.957872169 1.707256973 0.3)
(10.42763398 1.732279563 0.3)
(10.92051157 1.75853345 0.3)
(11.43764238 1.786079222 0.3)
(11.98021987 1.814980452 0.3)
(12.54949619 1.845303836 0.3)
(13.14678514 1.877119356 0.3)
(13.77346513 1.910500435 0.3)
(14.43098242 1.945524111 0.3)
(15.12085444 1.982271211 0.3)
(15.84467329 2.020826542 0.3)
(16.60410939 2.061279081 0.3)
(17.40091538 2.103722185 0.3)
(18.23693014 2.148253804 0.3)
(19.11408303 2.19497671 0.3)
(20.03439834 2.243998729 0.3)
(21 2.295432995 0.3)
(1.02896805 1.387727401 0.3)
(1.059361542 1.389386896 0.3)
(1.09125062 1.391128051 0.3)
(1.124708877 1.392954883 0.3)
(1.159813529 1.394871608 0.3)
(1.19664559 1.396882651 0.3)
(1.235290062 1.398992652 0.3)
(1.275836128 1.401206481 0.3)
(1.318377361 1.403529247 0.3)
(1.363011939 1.40596631 0.3)
(1.409842869 1.408523294 0.3)
(1.458978229 1.411206102 0.3)
(1.510531412 1.414020923 0.3)
(1.564621395 1.416974254 0.3)
(1.621373006 1.420072911 0.3)
(1.680917217 1.423324045 0.3)
(1.743391445 1.426735159 0.3)
(1.808939869 1.430314125 0.3)
(1.877713761 1.434069202 0.3)
(1.949871839 1.438009058 0.3)
(2.02558063 1.442142783 0.3)
(2.105014855 1.446479918 0.3)
(2.188357834 1.451030473 0.3)
(2.275801905 1.455804949 0.3)
(2.367548873 1.460814364 0.3)
(2.463810472 1.46607028 0.3)
(2.564808856 1.471584825 0.3)
(2.670777111 1.477370728 0.3)
(2.781959789 1.483441339 0.3)
(2.89861348 1.48981067 0.3)
(3.021007398 1.496493419 0.3)
(3.149424004 1.503505009 0.3)
(3.284159661 1.510861621 0.3)
(3.425525311 1.518580233 0.3)
(3.5738472 1.526678658 0.3)
(3.729467626 1.535175585 0.3)
(3.892745732 1.544090625 0.3)
(4.064058332 1.55344435 0.3)
(4.243800782 1.563258348 0.3)
(4.432387895 1.573555268 0.3)
(4.630254892 1.584358873 0.3)
(4.837858414 1.595694095 0.3)
(5.055677569 1.607587094 0.3)
(5.284215043 1.620065317 0.3)
(5.523998255 1.633157561 0.3)
(5.775580581 1.64689404 0.3)
(6.039542623 1.661306456 0.3)
(6.316493556 1.67642807 0.3)
(6.60707253 1.69229378 0.3)
(6.911950144 1.7089402 0.3)
(7.231829999 1.726405747 0.3)
(7.567450316 1.744730729 0.3)
(7.919585643 1.763957437 0.3)
(8.28904864 1.78413024 0.3)
(8.676691957 1.805295696 0.3)
(9.083410201 1.827502648 0.3)
(9.510142 1.850802348 0.3)
(9.957872169 1.875248566 0.3)
(10.42763398 1.900897719 0.3)
(10.92051157 1.927809 0.3)
(11.43764238 1.956044516 0.3)
(11.98021987 1.985669429 0.3)
(12.54949619 2.016752108 0.3)
(13.14678514 2.049364285 0.3)
(13.77346513 2.083581223 0.3)
(14.43098242 2.119481888 0.3)
(15.12085444 2.157149132 0.3)
(15.84467329 2.196669884 0.3)
(16.60410939 2.238135351 0.3)
(17.40091538 2.281641225 0.3)
(18.23693014 2.327287912 0.3)
(19.11408303 2.375180754 0.3)
(20.03439834 2.42543028 0.3)
(21 2.478152454 0.3)
(1.02896805 1.555674605 0.3)
(1.059361542 1.557372623 0.3)
(1.09125062 1.559154197 0.3)
(1.124708877 1.561023437 0.3)
(1.159813529 1.562984658 0.3)
(1.19664559 1.565042385 0.3)
(1.235290062 1.567201368 0.3)
(1.275836128 1.569466589 0.3)
(1.318377361 1.571843275 0.3)
(1.363011939 1.574336912 0.3)
(1.409842869 1.576953255 0.3)
(1.458978229 1.579698341 0.3)
(1.510531412 1.582578505 0.3)
(1.564621395 1.585600395 0.3)
(1.621373006 1.588770985 0.3)
(1.680917217 1.592097591 0.3)
(1.743391445 1.59558789 0.3)
(1.808939869 1.599249938 0.3)
(1.877713761 1.603092187 0.3)
(1.949871839 1.607123502 0.3)
(2.02558063 1.611353188 0.3)
(2.105014855 1.615791006 0.3)
(2.188357834 1.620447197 0.3)
(2.275801905 1.625332508 0.3)
(2.367548873 1.630458212 0.3)
(2.463810472 1.635836139 0.3)
(2.564808856 1.641478699 0.3)
(2.670777111 1.647398916 0.3)
(2.781959789 1.653610451 0.3)
(2.89861348 1.66012764 0.3)
(3.021007398 1.666965522 0.3)
(3.149424004 1.67413988 0.3)
(3.284159661 1.681667269 0.3)
(3.425525311 1.689565061 0.3)
(3.5738472 1.697851483 0.3)
(3.729467626 1.706545659 0.3)
(3.892745732 1.715667652 0.3)
(4.064058332 1.725238516 0.3)
(4.243800782 1.735280337 0.3)
(4.432387895 1.74581629 0.3)
(4.630254892 1.75687069 0.3)
(4.837858414 1.768469048 0.3)
(5.055677569 1.780638132 0.3)
(5.284215043 1.793406025 0.3)
(5.523998255 1.806802193 0.3)
(5.775580581 1.820857552 0.3)
(6.039542623 1.835604539 0.3)
(6.316493556 1.851077187 0.3)
(6.60707253 1.867311204 0.3)
(6.911950144 1.884344055 0.3)
(7.231829999 1.902215048 0.3)
(7.567450316 1.920965428 0.3)
(7.919585643 1.940638465 0.3)
(8.28904864 1.961279561 0.3)
(8.676691957 1.982936352 0.3)
(9.083410201 2.005658818 0.3)
(9.510142 2.029499398 0.3)
(9.957872169 2.054513112 0.3)
(10.42763398 2.080757686 0.3)
(10.92051157 2.108293687 0.3)
(11.43764238 2.137184664 0.3)
(11.98021987 2.167497292 0.3)
(12.54949619 2.199301525 0.3)
(13.14678514 2.232670763 0.3)
(13.77346513 2.267682015 0.3)
(14.43098242 2.30441608 0.3)
(15.12085444 2.342957734 0.3)
(15.84467329 2.383395923 0.3)
(16.60410939 2.425823971 0.3)
(17.40091538 2.470339793 0.3)
(18.23693014 2.517046124 0.3)
(19.11408303 2.566050754 0.3)
(20.03439834 2.617466774 0.3)
(21 2.671412845 0.3)
(1.02896805 1.736388711 0.3)
(1.059361542 1.73812279 0.3)
(1.09125062 1.7399422 0.3)
(1.124708877 1.741851138 0.3)
(1.159813529 1.74385401 0.3)
(1.19664559 1.745955438 0.3)
(1.235290062 1.748160272 0.3)
(1.275836128 1.7504736 0.3)
(1.318377361 1.752900761 0.3)
(1.363011939 1.755447356 0.3)
(1.409842869 1.758119263 0.3)
(1.458978229 1.760922647 0.3)
(1.510531412 1.763863978 0.3)
(1.564621395 1.766950045 0.3)
(1.621373006 1.77018797 0.3)
(1.680917217 1.773585224 0.3)
(1.743391445 1.777149648 0.3)
(1.808939869 1.780889469 0.3)
(1.877713761 1.784813316 0.3)
(1.949871839 1.788930246 0.3)
(2.02558063 1.793249759 0.3)
(2.105014855 1.797781824 0.3)
(2.188357834 1.802536901 0.3)
(2.275801905 1.807525962 0.3)
(2.367548873 1.812760523 0.3)
(2.463810472 1.818252662 0.3)
(2.564808856 1.824015056 0.3)
(2.670777111 1.830061002 0.3)
(2.781959789 1.836404454 0.3)
(2.89861348 1.84306005 0.3)
(3.021007398 1.850043151 0.3)
(3.149424004 1.857369873 0.3)
(3.284159661 1.865057124 0.3)
(3.425525311 1.873122644 0.3)
(3.5738472 1.881585048 0.3)
(3.729467626 1.890463865 0.3)
(3.892745732 1.899779585 0.3)
(4.064058332 1.909553708 0.3)
(4.243800782 1.919808791 0.3)
(4.432387895 1.930568499 0.3)
(4.630254892 1.941857665 0.3)
(4.837858414 1.953702342 0.3)
(5.055677569 1.966129865 0.3)
(5.284215043 1.979168914 0.3)
(5.523998255 1.992849581 0.3)
(5.775580581 2.007203438 0.3)
(6.039542623 2.022263612 0.3)
(6.316493556 2.038064858 0.3)
(6.60707253 2.054643642 0.3)
(6.911950144 2.072038225 0.3)
(7.231829999 2.090288751 0.3)
(7.567450316 2.109437339 0.3)
(7.919585643 2.129528179 0.3)
(8.28904864 2.150607637 0.3)
(8.676691957 2.172724361 0.3)
(9.083410201 2.195929392 0.3)
(9.510142 2.220276283 0.3)
(9.957872169 2.245821221 0.3)
(10.42763398 2.272623159 0.3)
(10.92051157 2.300743952 0.3)
(11.43764238 2.330248497 0.3)
(11.98021987 2.361204884 0.3)
(12.54949619 2.393684555 0.3)
(13.14678514 2.427762466 0.3)
(13.77346513 2.463517264 0.3)
(14.43098242 2.501031463 0.3)
(15.12085444 2.540391639 0.3)
(15.84467329 2.581688627 0.3)
(16.60410939 2.625017734 0.3)
(17.40091538 2.670478954 0.3)
(18.23693014 2.718177204 0.3)
(19.11408303 2.768222561 0.3)
(20.03439834 2.820730521 0.3)
(21 2.875822263 0.3)
(1.02896805 1.93084032 0.3)
(1.059361542 1.9326075 0.3)
(1.09125062 1.93446164 0.3)
(1.124708877 1.936407016 0.3)
(1.159813529 1.93844812 0.3)
(1.19664559 1.940589661 0.3)
(1.235290062 1.942836581 0.3)
(1.275836128 1.945194067 0.3)
(1.318377361 1.947667559 0.3)
(1.363011939 1.950262765 0.3)
(1.409842869 1.952985674 0.3)
(1.458978229 1.955842571 0.3)
(1.510531412 1.958840048 0.3)
(1.564621395 1.961985023 0.3)
(1.621373006 1.965284754 0.3)
(1.680917217 1.968746856 0.3)
(1.743391445 1.97237932 0.3)
(1.808939869 1.976190528 0.3)
(1.877713761 1.980189275 0.3)
(1.949871839 1.984384791 0.3)
(2.02558063 1.988786757 0.3)
(2.105014855 1.993405332 0.3)
(2.188357834 1.998251176 0.3)
(2.275801905 2.003335471 0.3)
(2.367548873 2.008669951 0.3)
(2.463810472 2.014266927 0.3)
(2.564808856 2.020139316 0.3)
(2.670777111 2.02630067 0.3)
(2.781959789 2.032765208 0.3)
(2.89861348 2.039547849 0.3)
(3.021007398 2.046664247 0.3)
(3.149424004 2.054130824 0.3)
(3.284159661 2.061964813 0.3)
(3.425525311 2.070184291 0.3)
(3.5738472 2.078808229 0.3)
(3.729467626 2.087856529 0.3)
(3.892745732 2.097350072 0.3)
(4.064058332 2.107310768 0.3)
(4.243800782 2.117761604 0.3)
(4.432387895 2.128726699 0.3)
(4.630254892 2.140231357 0.3)
(4.837858414 2.15230213 0.3)
(5.055677569 2.164966875 0.3)
(5.284215043 2.178254819 0.3)
(5.523998255 2.192196629 0.3)
(5.775580581 2.206824479 0.3)
(6.039542623 2.222172128 0.3)
(6.316493556 2.238274995 0.3)
(6.60707253 2.255170243 0.3)
(6.911950144 2.272896862 0.3)
(7.231829999 2.291495762 0.3)
(7.567450316 2.311009866 0.3)
(7.919585643 2.331484209 0.3)
(8.28904864 2.352966041 0.3)
(8.676691957 2.375504939 0.3)
(9.083410201 2.399152918 0.3)
(9.510142 2.423964553 0.3)
(9.957872169 2.449997104 0.3)
(10.42763398 2.47731065 0.3)
(10.92051157 2.505968225 0.3)
(11.43764238 2.536035966 0.3)
(11.98021987 2.567583262 0.3)
(12.54949619 2.60068292 0.3)
(13.14678514 2.635411326 0.3)
(13.77346513 2.671848627 0.3)
(14.43098242 2.710078913 0.3)
(15.12085444 2.750190414 0.3)
(15.84467329 2.792275698 0.3)
(16.60410939 2.83643189 0.3)
(17.40091538 2.882760894 0.3)
(18.23693014 2.931369629 0.3)
(19.11408303 2.982370274 0.3)
(20.03439834 3.03588053 0.3)
(21 3.092023887 0.3)
(1.02896805 2.140073827 0.3)
(1.059361542 2.141870594 0.3)
(1.09125062 2.143755775 0.3)
(1.124708877 2.145733722 0.3)
(1.159813529 2.147808997 0.3)
(1.19664559 2.149986392 0.3)
(1.235290062 2.152270931 0.3)
(1.275836128 2.154667886 0.3)
(1.318377361 2.157182789 0.3)
(1.363011939 2.159821444 0.3)
(1.409842869 2.16258994 0.3)
(1.458978229 2.165494667 0.3)
(1.510531412 2.168542328 0.3)
(1.564621395 2.171739957 0.3)
(1.621373006 2.175094932 0.3)
(1.680917217 2.178614997 0.3)
(1.743391445 2.182308276 0.3)
(1.808939869 2.186183291 0.3)
(1.877713761 2.190248986 0.3)
(1.949871839 2.194514743 0.3)
(2.02558063 2.198990407 0.3)
(2.105014855 2.203686307 0.3)
(2.188357834 2.20861328 0.3)
(2.275801905 2.213782697 0.3)
(2.367548873 2.219206487 0.3)
(2.463810472 2.224897168 0.3)
(2.564808856 2.230867872 0.3)
(2.670777111 2.23713238 0.3)
(2.781959789 2.243705148 0.3)
(2.89861348 2.250601345 0.3)
(3.021007398 2.257836886 0.3)
(3.149424004 2.265428469 0.3)
(3.284159661 2.273393614 0.3)
(3.425525311 2.281750704 0.3)
(3.5738472 2.290519024 0.3)
(3.729467626 2.299718811 0.3)
(3.892745732 2.309371296 0.3)
(4.064058332 2.319498754 0.3)
(4.243800782 2.330124559 0.3)
(4.432387895 2.341273232 0.3)
(4.630254892 2.352970502 0.3)
(4.837858414 2.365243365 0.3)
(5.055677569 2.378120144 0.3)
(5.284215043 2.391630555 0.3)
(5.523998255 2.40580578 0.3)
(5.775580581 2.42067853 0.3)
(6.039542623 2.43628313 0.3)
(6.316493556 2.452655592 0.3)
(6.60707253 2.469833701 0.3)
(6.911950144 2.4878571 0.3)
(7.231829999 2.506767385 0.3)
(7.567450316 2.526608195 0.3)
(7.919585643 2.547425321 0.3)
(8.28904864 2.569266803 0.3)
(8.676691957 2.592183049 0.3)
(9.083410201 2.616226943 0.3)
(9.510142 2.641453976 0.3)
(9.957872169 2.667922366 0.3)
(10.42763398 2.695693197 0.3)
(10.92051157 2.724830559 0.3)
(11.43764238 2.755401695 0.3)
(11.98021987 2.787477158 0.3)
(12.54949619 2.821130972 0.3)
(13.14678514 2.856440803 0.3)
(13.77346513 2.89348814 0.3)
(14.43098242 2.93235848 0.3)
(15.12085444 2.97314153 0.3)
(15.84467329 3.015931408 0.3)
(16.60410939 3.060826866 0.3)
(17.40091538 3.107931513 0.3)
(18.23693014 3.157354058 0.3)
(19.11408303 3.209208559 0.3)
(20.03439834 3.263614687 0.3)
(21 3.320697999 0.3)
(1.02896805 2.365213035 0.3)
(1.059361542 2.367035258 0.3)
(1.09125062 2.368947148 0.3)
(1.124708877 2.370953118 0.3)
(1.159813529 2.373057796 0.3)
(1.19664559 2.37526604 0.3)
(1.235290062 2.377582945 0.3)
(1.275836128 2.38001386 0.3)
(1.318377361 2.382564394 0.3)
(1.363011939 2.385240433 0.3)
(1.409842869 2.388048153 0.3)
(1.458978229 2.390994034 0.3)
(1.510531412 2.394084874 0.3)
(1.564621395 2.397327806 0.3)
(1.621373006 2.400730314 0.3)
(1.680917217 2.404300251 0.3)
(1.743391445 2.408045855 0.3)
(1.808939869 2.411975771 0.3)
(1.877713761 2.416099068 0.3)
(1.949871839 2.420425262 0.3)
(2.02558063 2.424964337 0.3)
(2.105014855 2.429726767 0.3)
(2.188357834 2.434723545 0.3)
(2.275801905 2.439966201 0.3)
(2.367548873 2.445466835 0.3)
(2.463810472 2.451238141 0.3)
(2.564808856 2.457293437 0.3)
(2.670777111 2.4636467 0.3)
(2.781959789 2.47031259 0.3)
(2.89861348 2.477306491 0.3)
(3.021007398 2.484644544 0.3)
(3.149424004 2.492343684 0.3)
(3.284159661 2.500421678 0.3)
(3.425525311 2.50889717 0.3)
(3.5738472 2.517789719 0.3)
(3.729467626 2.527119847 0.3)
(3.892745732 2.536909086 0.3)
(4.064058332 2.547180029 0.3)
(4.243800782 2.557956379 0.3)
(4.432387895 2.569263005 0.3)
(4.630254892 2.581126 0.3)
(4.837858414 2.593572743 0.3)
(5.055677569 2.606631959 0.3)
(5.284215043 2.620333784 0.3)
(5.523998255 2.634709841 0.3)
(5.775580581 2.649793306 0.3)
(6.039542623 2.66561899 0.3)
(6.316493556 2.682223415 0.3)
(6.60707253 2.699644901 0.3)
(6.911950144 2.717923653 0.3)
(7.231829999 2.737101856 0.3)
(7.567450316 2.757223768 0.3)
(7.919585643 2.778335828 0.3)
(8.28904864 2.800486758 0.3)
(8.676691957 2.823727677 0.3)
(9.083410201 2.848112223 0.3)
(9.510142 2.873696668 0.3)
(9.957872169 2.900540059 0.3)
(10.42763398 2.928704343 0.3)
(10.92051157 2.958254519 0.3)
(11.43764238 2.989258783 0.3)
(11.98021987 3.021788687 0.3)
(12.54949619 3.055919303 0.3)
(13.14678514 3.091729399 0.3)
(13.77346513 3.129301617 0.3)
(14.43098242 3.168722668 0.3)
(15.12085444 3.210083526 0.3)
(15.84467329 3.253479645 0.3)
(16.60410939 3.299011175 0.3)
(17.40091538 3.346783195 0.3)
(18.23693014 3.396905952 0.3)
(19.11408303 3.449495121 0.3)
(20.03439834 3.504672066 0.3)
(21 3.562564127 0.3)
(1.02896805 2.607467187 0.3)
(1.059361542 2.609310055 0.3)
(1.09125062 2.611243606 0.3)
(1.124708877 2.613272301 0.3)
(1.159813529 2.615400823 0.3)
(1.19664559 2.617634085 0.3)
(1.235290062 2.619977239 0.3)
(1.275836128 2.622435694 0.3)
(1.318377361 2.625015124 0.3)
(1.363011939 2.62772148 0.3)
(1.409842869 2.630561009 0.3)
(1.458978229 2.633540264 0.3)
(1.510531412 2.636666121 0.3)
(1.564621395 2.639945793 0.3)
(1.621373006 2.643386849 0.3)
(1.680917217 2.646997231 0.3)
(1.743391445 2.65078527 0.3)
(1.808939869 2.654759708 0.3)
(1.877713761 2.658929719 0.3)
(1.949871839 2.663304925 0.3)
(2.02558063 2.667895424 0.3)
(2.105014855 2.672711809 0.3)
(2.188357834 2.677765196 0.3)
(2.275801905 2.683067247 0.3)
(2.367548873 2.688630199 0.3)
(2.463810472 2.694466889 0.3)
(2.564808856 2.700590787 0.3)
(2.670777111 2.707016027 0.3)
(2.781959789 2.713757436 0.3)
(2.89861348 2.720830573 0.3)
(3.021007398 2.72825176 0.3)
(3.149424004 2.736038125 0.3)
(3.284159661 2.744207636 0.3)
(3.425525311 2.752779149 0.3)
(3.5738472 2.761772443 0.3)
(3.729467626 2.771208274 0.3)
(3.892745732 2.781108418 0.3)
(4.064058332 2.791495722 0.3)
(4.243800782 2.802394159 0.3)
(4.432387895 2.81382888 0.3)
(4.630254892 2.825826274 0.3)
(4.837858414 2.838414028 0.3)
(5.055677569 2.851621194 0.3)
(5.284215043 2.86547825 0.3)
(5.523998255 2.880017176 0.3)
(5.775580581 2.895271525 0.3)
(6.039542623 2.911276502 0.3)
(6.316493556 2.928069041 0.3)
(6.60707253 2.945687899 0.3)
(6.911950144 2.964173735 0.3)
(7.231829999 2.983569211 0.3)
(7.567450316 3.003919088 0.3)
(7.919585643 3.02527033 0.3)
(8.28904864 3.047672212 0.3)
(8.676691957 3.071176433 0.3)
(9.083410201 3.095837236 0.3)
(9.510142 3.121711533 0.3)
(9.957872169 3.148859037 0.3)
(10.42763398 3.1773424 0.3)
(10.92051157 3.207227356 0.3)
(11.43764238 3.238582874 0.3)
(11.98021987 3.271481315 0.3)
(12.54949619 3.305998604 0.3)
(13.14678514 3.342214399 0.3)
(13.77346513 3.380212281 0.3)
(14.43098242 3.42007994 0.3)
(15.12085444 3.461909383 0.3)
(15.84467329 3.505797146 0.3)
(16.60410939 3.551844512 0.3)
(17.40091538 3.60015775 0.3)
(18.23693014 3.650848358 0.3)
(19.11408303 3.704033319 0.3)
(20.03439834 3.759835376 0.3)
(21 3.818383307 0.3)
(1.02896805 2.868137471 0.3)
(1.059361542 2.869995416 0.3)
(1.09125062 2.871944785 0.3)
(1.124708877 2.873990078 0.3)
(1.159813529 2.876136015 0.3)
(1.19664559 2.878387547 0.3)
(1.235290062 2.880749872 0.3)
(1.275836128 2.88322844 0.3)
(1.318377361 2.885828973 0.3)
(1.363011939 2.888557471 0.3)
(1.409842869 2.891420231 0.3)
(1.458978229 2.89442386 0.3)
(1.510531412 2.89757529 0.3)
(1.564621395 2.900881794 0.3)
(1.621373006 2.904351003 0.3)
(1.680917217 2.907990922 0.3)
(1.743391445 2.911809952 0.3)
(1.808939869 2.915816907 0.3)
(1.877713761 2.920021034 0.3)
(1.949871839 2.924432035 0.3)
(2.02558063 2.92906009 0.3)
(2.105014855 2.933915879 0.3)
(2.188357834 2.93901061 0.3)
(2.275801905 2.944356039 0.3)
(2.367548873 2.949964503 0.3)
(2.463810472 2.955848944 0.3)
(2.564808856 2.962022944 0.3)
(2.670777111 2.968500751 0.3)
(2.781959789 2.975297314 0.3)
(2.89861348 2.982428318 0.3)
(3.021007398 2.98991022 0.3)
(3.149424004 2.997760288 0.3)
(3.284159661 3.005996637 0.3)
(3.425525311 3.014638275 0.3)
(3.5738472 3.023705146 0.3)
(3.729467626 3.033218175 0.3)
(3.892745732 3.043199315 0.3)
(4.064058332 3.053671601 0.3)
(4.243800782 3.064659202 0.3)
(4.432387895 3.076187474 0.3)
(4.630254892 3.088283022 0.3)
(4.837858414 3.100973761 0.3)
(5.055677569 3.114288979 0.3)
(5.284215043 3.128259404 0.3)
(5.523998255 3.142917277 0.3)
(5.775580581 3.158296427 0.3)
(6.039542623 3.174432345 0.3)
(6.316493556 3.19136227 0.3)
(6.60707253 3.209125273 0.3)
(6.911950144 3.227762347 0.3)
(7.231829999 3.247316504 0.3)
(7.567450316 3.26783287 0.3)
(7.919585643 3.289358794 0.3)
(8.28904864 3.311943952 0.3)
(8.676691957 3.335640469 0.3)
(9.083410201 3.360503029 0.3)
(9.510142 3.386589012 0.3)
(9.957872169 3.413958619 0.3)
(10.42763398 3.442675013 0.3)
(10.92051157 3.472804468 0.3)
(11.43764238 3.504416514 0.3)
(11.98021987 3.537584108 0.3)
(12.54949619 3.572383794 0.3)
(13.14678514 3.608895882 0.3)
(13.77346513 3.647204637 0.3)
(14.43098242 3.687398465 0.3)
(15.12085444 3.729570129 0.3)
(15.84467329 3.773816951 0.3)
(16.60410939 3.820241045 0.3)
(17.40091538 3.868949549 0.3)
(18.23693014 3.920054873 0.3)
(19.11408303 3.973674958 0.3)
(20.03439834 4.029933548 0.3)
(21 4.088960479 0.3)
(1.02896805 3.148624002 0.3)
(1.059361542 3.150490621 0.3)
(1.09125062 3.152449092 0.3)
(1.124708877 3.154503935 0.3)
(1.159813529 3.156659891 0.3)
(1.19664559 3.158921936 0.3)
(1.235290062 3.16129529 0.3)
(1.275836128 3.163785431 0.3)
(1.318377361 3.166398105 0.3)
(1.363011939 3.169139342 0.3)
(1.409842869 3.172015469 0.3)
(1.458978229 3.175033122 0.3)
(1.510531412 3.178199266 0.3)
(1.564621395 3.181521208 0.3)
(1.621373006 3.185006614 0.3)
(1.680917217 3.188663528 0.3)
(1.743391445 3.192500389 0.3)
(1.808939869 3.196526053 0.3)
(1.877713761 3.200749809 0.3)
(1.949871839 3.205181404 0.3)
(2.02558063 3.209831068 0.3)
(2.105014855 3.214709529 0.3)
(2.188357834 3.219828047 0.3)
(2.275801905 3.225198434 0.3)
(2.367548873 3.230833083 0.3)
(2.463810472 3.236744999 0.3)
(2.564808856 3.242947826 0.3)
(2.670777111 3.249455877 0.3)
(2.781959789 3.256284173 0.3)
(2.89861348 3.263448472 0.3)
(3.021007398 3.270965307 0.3)
(3.149424004 3.278852026 0.3)
(3.284159661 3.287126831 0.3)
(3.425525311 3.295808817 0.3)
(3.5738472 3.304918021 0.3)
(3.729467626 3.314475466 0.3)
(3.892745732 3.324503208 0.3)
(4.064058332 3.335024389 0.3)
(4.243800782 3.34606329 0.3)
(4.432387895 3.357645388 0.3)
(4.630254892 3.36979741 0.3)
(4.837858414 3.382547402 0.3)
(5.055677569 3.395924788 0.3)
(5.284215043 3.409960441 0.3)
(5.523998255 3.424686752 0.3)
(5.775580581 3.440137707 0.3)
(6.039542623 3.456348963 0.3)
(6.316493556 3.473357934 0.3)
(6.60707253 3.491203872 0.3)
(6.911950144 3.509927963 0.3)
(7.231829999 3.529573417 0.3)
(7.567450316 3.550185574 0.3)
(7.919585643 3.571812002 0.3)
(8.28904864 3.594502611 0.3)
(8.676691957 3.618309766 0.3)
(9.083410201 3.643288409 0.3)
(9.510142 3.669496187 0.3)
(9.957872169 3.696993582 0.3)
(10.42763398 3.725844053 0.3)
(10.92051157 3.756114182 0.3)
(11.43764238 3.787873825 0.3)
(11.98021987 3.821196278 0.3)
(12.54949619 3.856158443 0.3)
(13.14678514 3.892841006 0.3)
(13.77346513 3.931328623 0.3)
(14.43098242 3.971710116 0.3)
(15.12085444 4.014078679 0.3)
(15.84467329 4.058532089 0.3)
(16.60410939 4.105172937 0.3)
(17.40091538 4.15410886 0.3)
(18.23693014 4.205452794 0.3)
(19.11408303 4.25932323 0.3)
(20.03439834 4.315844491 0.3)
(21 4.375147018 0.3)
(1.02896805 3.450433351 0.3)
(1.059361542 3.45230132 0.3)
(1.09125062 3.454261207 0.3)
(1.124708877 3.456317536 0.3)
(1.159813529 3.458475051 0.3)
(1.19664559 3.460738732 0.3)
(1.235290062 3.463113803 0.3)
(1.275836128 3.465605744 0.3)
(1.318377361 3.468220308 0.3)
(1.363011939 3.470963528 0.3)
(1.409842869 3.473841735 0.3)
(1.458978229 3.47686157 0.3)
(1.510531412 3.480030004 0.3)
(1.564621395 3.483354349 0.3)
(1.621373006 3.486842276 0.3)
(1.680917217 3.490501834 0.3)
(1.743391445 3.49434147 0.3)
(1.808939869 3.498370045 0.3)
(1.877713761 3.502596856 0.3)
(1.949871839 3.507031657 0.3)
(2.02558063 3.511684683 0.3)
(2.105014855 3.516566672 0.3)
(2.188357834 3.521688892 0.3)
(2.275801905 3.527063162 0.3)
(2.367548873 3.532701887 0.3)
(2.463810472 3.538618079 0.3)
(2.564808856 3.544825391 0.3)
(2.670777111 3.55133815 0.3)
(2.781959789 3.558171384 0.3)
(2.89861348 3.565340864 0.3)
(3.021007398 3.572863135 0.3)
(3.149424004 3.580755559 0.3)
(3.284159661 3.589036348 0.3)
(3.425525311 3.597724613 0.3)
(3.5738472 3.606840405 0.3)
(3.729467626 3.616404762 0.3)
(3.892745732 3.626439756 0.3)
(4.064058332 3.636968547 0.3)
(4.243800782 3.648015432 0.3)
(4.432387895 3.659605905 0.3)
(4.630254892 3.671766716 0.3)
(4.837858414 3.684525929 0.3)
(5.055677569 3.69791299 0.3)
(5.284215043 3.711958794 0.3)
(5.523998255 3.726695756 0.3)
(5.775580581 3.742157885 0.3)
(6.039542623 3.758380866 0.3)
(6.316493556 3.775402138 0.3)
(6.60707253 3.793260982 0.3)
(6.911950144 3.811998614 0.3)
(7.231829999 3.831658277 0.3)
(7.567450316 3.852285341 0.3)
(7.919585643 3.87392741 0.3)
(8.28904864 3.896634429 0.3)
(8.676691957 3.920458802 0.3)
(9.083410201 3.94545551 0.3)
(9.510142 3.971682242 0.3)
(9.957872169 3.999199524 0.3)
(10.42763398 4.028070861 0.3)
(10.92051157 4.058362881 0.3)
(11.43764238 4.090145493 0.3)
(11.98021987 4.123492046 0.3)
(12.54949619 4.158479496 0.3)
(13.14678514 4.195188589 0.3)
(13.77346513 4.233704041 0.3)
(14.43098242 4.27411474 0.3)
(15.12085444 4.316513944 0.3)
(15.84467329 4.360999504 0.3)
(16.60410939 4.407674083 0.3)
(17.40091538 4.456645398 0.3)
(18.23693014 4.508026465 0.3)
(19.11408303 4.561935861 0.3)
(20.03439834 4.618498 0.3)
(21 4.677843416 0.3)
(1.02896805 3.775186634 0.3)
(1.059361542 3.777047611 0.3)
(1.09125062 3.779000162 0.3)
(1.124708877 3.781048793 0.3)
(1.159813529 3.783198232 0.3)
(1.19664559 3.785453439 0.3)
(1.235290062 3.787819619 0.3)
(1.275836128 3.790302233 0.3)
(1.318377361 3.79290701 0.3)
(1.363011939 3.795639961 0.3)
(1.409842869 3.798507393 0.3)
(1.458978229 3.801515925 0.3)
(1.510531412 3.804672498 0.3)
(1.564621395 3.807984399 0.3)
(1.621373006 3.811459269 0.3)
(1.680917217 3.815105129 0.3)
(1.743391445 3.818930392 0.3)
(1.808939869 3.822943887 0.3)
(1.877713761 3.827154875 0.3)
(1.949871839 3.831573075 0.3)
(2.02558063 3.836208683 0.3)
(2.105014855 3.841072398 0.3)
(2.188357834 3.846175443 0.3)
(2.275801905 3.851529597 0.3)
(2.367548873 3.857147214 0.3)
(2.463810472 3.863041259 0.3)
(2.564808856 3.869225336 0.3)
(2.670777111 3.875713715 0.3)
(2.781959789 3.88252137 0.3)
(2.89861348 3.889664012 0.3)
(3.021007398 3.897158126 0.3)
(3.149424004 3.905021005 0.3)
(3.284159661 3.913270796 0.3)
(3.425525311 3.921926538 0.3)
(3.5738472 3.931008207 0.3)
(3.729467626 3.940536762 0.3)
(3.892745732 3.950534192 0.3)
(4.064058332 3.96102357 0.3)
(4.243800782 3.972029103 0.3)
(4.432387895 3.98357619 0.3)
(4.630254892 3.995691479 0.3)
(4.837858414 4.00840293 0.3)
(5.055677569 4.021739879 0.3)
(5.284215043 4.035733105 0.3)
(5.523998255 4.050414901 0.3)
(5.775580581 4.065819151 0.3)
(6.039542623 4.081981404 0.3)
(6.316493556 4.09893896 0.3)
(6.60707253 4.116730953 0.3)
(6.911950144 4.135398444 0.3)
(7.231829999 4.154984515 0.3)
(7.567450316 4.175534365 0.3)
(7.919585643 4.19709542 0.3)
(8.28904864 4.21971744 0.3)
(8.676691957 4.24345263 0.3)
(9.083410201 4.268355768 0.3)
(9.510142 4.294484325 0.3)
(9.957872169 4.321898601 0.3)
(10.42763398 4.350661863 0.3)
(10.92051157 4.380840491 0.3)
(11.43764238 4.41250413 0.3)
(11.98021987 4.445725856 0.3)
(12.54949619 4.480582338 0.3)
(13.14678514 4.517154016 0.3)
(13.77346513 4.555525293 0.3)
(14.43098242 4.595784721 0.3)
(15.12085444 4.638025212 0.3)
(15.84467329 4.682344248 0.3)
(16.60410939 4.72884411 0.3)
(17.40091538 4.777632109 0.3)
(18.23693014 4.82882084 0.3)
(19.11408303 4.882528437 0.3)
(20.03439834 4.938878846 0.3)
(21 4.998002112 0.3)
(1.02896805 4.124628229 0.3)
(1.059361542 4.126472749 0.3)
(1.09125062 4.128408034 0.3)
(1.124708877 4.130438549 0.3)
(1.159813529 4.132568981 0.3)
(1.19664559 4.134804245 0.3)
(1.235290062 4.137149502 0.3)
(1.275836128 4.139610162 0.3)
(1.318377361 4.142191905 0.3)
(1.363011939 4.144900689 0.3)
(1.409842869 4.147742765 0.3)
(1.458978229 4.150724692 0.3)
(1.510531412 4.153853353 0.3)
(1.564621395 4.157135966 0.3)
(1.621373006 4.160580109 0.3)
(1.680917217 4.164193729 0.3)
(1.743391445 4.167985165 0.3)
(1.808939869 4.171963169 0.3)
(1.877713761 4.17613692 0.3)
(1.949871839 4.18051605 0.3)
(2.02558063 4.185110667 0.3)
(2.105014855 4.189931372 0.3)
(2.188357834 4.194989292 0.3)
(2.275801905 4.200296099 0.3)
(2.367548873 4.20586404 0.3)
(2.463810472 4.211705965 0.3)
(2.564808856 4.217835357 0.3)
(2.670777111 4.22426636 0.3)
(2.781959789 4.231013816 0.3)
(2.89861348 4.238093296 0.3)
(3.021007398 4.24552114 0.3)
(3.149424004 4.253314489 0.3)
(3.284159661 4.261491328 0.3)
(3.425525311 4.270070529 0.3)
(3.5738472 4.27907189 0.3)
(3.729467626 4.288516184 0.3)
(3.892745732 4.298425208 0.3)
(4.064058332 4.30882183 0.3)
(4.243800782 4.319730042 0.3)
(4.432387895 4.331175019 0.3)
(4.630254892 4.343183174 0.3)
(4.837858414 4.35578222 0.3)
(5.055677569 4.369001232 0.3)
(5.284215043 4.382870717 0.3)
(5.523998255 4.397422684 0.3)
(5.775580581 4.412690716 0.3)
(6.039542623 4.428710048 0.3)
(6.316493556 4.44551765 0.3)
(6.60707253 4.463152311 0.3)
(6.911950144 4.481654727 0.3)
(7.231829999 4.501067601 0.3)
(7.567450316 4.521435731 0.3)
(7.919585643 4.542806125 0.3)
(8.28904864 4.5652281 0.3)
(8.676691957 4.588753403 0.3)
(9.083410201 4.613436326 0.3)
(9.510142 4.639333831 0.3)
(9.957872169 4.666505686 0.3)
(10.42763398 4.695014597 0.3)
(10.92051157 4.724926359 0.3)
(11.43764238 4.756310001 0.3)
(11.98021987 4.789237951 0.3)
(12.54949619 4.8237862 0.3)
(13.14678514 4.86003448 0.3)
(13.77346513 4.898066444 0.3)
(14.43098242 4.937969863 0.3)
(15.12085444 4.979836826 0.3)
(15.84467329 5.023763954 0.3)
(16.60410939 5.069852622 0.3)
(17.40091538 5.118209195 0.3)
(18.23693014 5.168945271 0.3)
(19.11408303 5.222177937 0.3)
(20.03439834 5.278030046 0.3)
(21 5.336630493 0.3)
(1.02896805 4.500635137 0.3)
(1.059361542 4.502452503 0.3)
(1.09125062 4.504359296 0.3)
(1.124708877 4.506359917 0.3)
(1.159813529 4.508458984 0.3)
(1.19664559 4.510661341 0.3)
(1.235290062 4.51297207 0.3)
(1.275836128 4.515396504 0.3)
(1.318377361 4.517940238 0.3)
(1.363011939 4.520609142 0.3)
(1.409842869 4.523409377 0.3)
(1.458978229 4.526347404 0.3)
(1.510531412 4.529430003 0.3)
(1.564621395 4.532664289 0.3)
(1.621373006 4.536057727 0.3)
(1.680917217 4.539618146 0.3)
(1.743391445 4.543353765 0.3)
(1.808939869 4.547273203 0.3)
(1.877713761 4.551385507 0.3)
(1.949871839 4.555700167 0.3)
(2.02558063 4.560227141 0.3)
(2.105014855 4.564976875 0.3)
(2.188357834 4.569960331 0.3)
(2.275801905 4.57518901 0.3)
(2.367548873 4.580674979 0.3)
(2.463810472 4.586430898 0.3)
(2.564808856 4.592470051 0.3)
(2.670777111 4.598806376 0.3)
(2.781959789 4.605454494 0.3)
(2.89861348 4.612429749 0.3)
(3.021007398 4.619748239 0.3)
(3.149424004 4.627426852 0.3)
(3.284159661 4.635483311 0.3)
(3.425525311 4.643936207 0.3)
(3.5738472 4.652805047 0.3)
(3.729467626 4.662110301 0.3)
(3.892745732 4.671873443 0.3)
(4.064058332 4.682117003 0.3)
(4.243800782 4.692864622 0.3)
(4.432387895 4.704141104 0.3)
(4.630254892 4.715972473 0.3)
(4.837858414 4.728386032 0.3)
(5.055677569 4.741410431 0.3)
(5.284215043 4.755075727 0.3)
(5.523998255 4.769413457 0.3)
(5.775580581 4.78445671 0.3)
(6.039542623 4.800240202 0.3)
(6.316493556 4.816800359 0.3)
(6.60707253 4.834175399 0.3)
(6.911950144 4.852405419 0.3)
(7.231829999 4.871532492 0.3)
(7.567450316 4.891600759 0.3)
(7.919585643 4.912656533 0.3)
(8.28904864 4.934748408 0.3)
(8.676691957 4.957927366 0.3)
(9.083410201 4.982246902 0.3)
(9.510142 5.007763139 0.3)
(9.957872169 5.034534964 0.3)
(10.42763398 5.062624162 0.3)
(10.92051157 5.092095556 0.3)
(11.43764238 5.123017162 0.3)
(11.98021987 5.15546034 0.3)
(12.54949619 5.189499963 0.3)
(13.14678514 5.225214588 0.3)
(13.77346513 5.262686638 0.3)
(14.43098242 5.30200259 0.3)
(15.12085444 5.343253179 0.3)
(15.84467329 5.386533603 0.3)
(16.60410939 5.431943745 0.3)
(17.40091538 5.479588403 0.3)
(18.23693014 5.529577531 0.3)
(19.11408303 5.582026495 0.3)
(20.03439834 5.637056338 0.3)
(21 5.694794057 0.3)
(1.02896805 4.905227079 0.3)
(1.059361542 4.907005232 0.3)
(1.09125062 4.908870882 0.3)
(1.124708877 4.910828337 0.3)
(1.159813529 4.912882112 0.3)
(1.19664559 4.915036949 0.3)
(1.235290062 4.917297819 0.3)
(1.275836128 4.919669941 0.3)
(1.318377361 4.92215879 0.3)
(1.363011939 4.924770108 0.3)
(1.409842869 4.927509922 0.3)
(1.458978229 4.930384555 0.3)
(1.510531412 4.933400642 0.3)
(1.564621395 4.936565142 0.3)
(1.621373006 4.93988536 0.3)
(1.680917217 4.943368956 0.3)
(1.743391445 4.947023972 0.3)
(1.808939869 4.950858841 0.3)
(1.877713761 4.954882415 0.3)
(1.949871839 4.959103978 0.3)
(2.02558063 4.963533273 0.3)
(2.105014855 4.968180523 0.3)
(2.188357834 4.973056451 0.3)
(2.275801905 4.978172312 0.3)
(2.367548873 4.983539911 0.3)
(2.463810472 4.989171635 0.3)
(2.564808856 4.995080482 0.3)
(2.670777111 5.001280088 0.3)
(2.781959789 5.007784761 0.3)
(2.89861348 5.014609512 0.3)
(3.021007398 5.021770092 0.3)
(3.149424004 5.029283025 0.3)
(3.284159661 5.03716565 0.3)
(3.425525311 5.045436158 0.3)
(3.5738472 5.054113637 0.3)
(3.729467626 5.063218113 0.3)
(3.892745732 5.072770596 0.3)
(4.064058332 5.082793132 0.3)
(4.243800782 5.093308851 0.3)
(4.432387895 5.104342022 0.3)
(4.630254892 5.115918107 0.3)
(4.837858414 5.12806382 0.3)
(5.055677569 5.140807193 0.3)
(5.284215043 5.154177635 0.3)
(5.523998255 5.168206001 0.3)
(5.775580581 5.182924667 0.3)
(6.039542623 5.198367601 0.3)
(6.316493556 5.214570442 0.3)
(6.60707253 5.231570582 0.3)
(6.911950144 5.249407256 0.3)
(7.231829999 5.268121626 0.3)
(7.567450316 5.287756882 0.3)
(7.919585643 5.308358338 0.3)
(8.28904864 5.329973539 0.3)
(8.676691957 5.352652368 0.3)
(9.083410201 5.376447164 0.3)
(9.510142 5.40141284 0.3)
(9.957872169 5.427607013 0.3)
(10.42763398 5.455090133 0.3)
(10.92051157 5.483925627 0.3)
(11.43764238 5.514180041 0.3)
(11.98021987 5.545923196 0.3)
(12.54949619 5.57922835 0.3)
(13.14678514 5.614172365 0.3)
(13.77346513 5.650835885 0.3)
(14.43098242 5.689303522 0.3)
(15.12085444 5.729664051 0.3)
(15.84467329 5.772010619 0.3)
(16.60410939 5.816440952 0.3)
(17.40091538 5.863057586 0.3)
(18.23693014 5.911968105 0.3)
(19.11408303 5.963285384 0.3)
(20.03439834 6.017127854 0.3)
(21 6.073619773 0.3)
(1.02896805 5.340577339 0.3)
(1.059361542 5.342302727 0.3)
(1.09125062 5.344113017 0.3)
(1.124708877 5.346012386 0.3)
(1.159813529 5.348005219 0.3)
(1.19664559 5.350096114 0.3)
(1.235290062 5.352289896 0.3)
(1.275836128 5.354591629 0.3)
(1.318377361 5.357006624 0.3)
(1.363011939 5.359540455 0.3)
(1.409842869 5.362198969 0.3)
(1.458978229 5.364988302 0.3)
(1.510531412 5.36791489 0.3)
(1.564621395 5.370985489 0.3)
(1.621373006 5.374207183 0.3)
(1.680917217 5.377587409 0.3)
(1.743391445 5.381133967 0.3)
(1.808939869 5.384855042 0.3)
(1.877713761 5.388759222 0.3)
(1.949871839 5.392855516 0.3)
(2.02558063 5.397153378 0.3)
(2.105014855 5.401662727 0.3)
(2.188357834 5.406393969 0.3)
(2.275801905 5.411358024 0.3)
(2.367548873 5.416566347 0.3)
(2.463810472 5.422030958 0.3)
(2.564808856 5.427764468 0.3)
(2.670777111 5.43378011 0.3)
(2.781959789 5.440091766 0.3)
(2.89861348 5.446714002 0.3)
(3.021007398 5.453662101 0.3)
(3.149424004 5.460952098 0.3)
(3.284159661 5.468600818 0.3)
(3.425525311 5.476625911 0.3)
(3.5738472 5.485045898 0.3)
(3.729467626 5.493880211 0.3)
(3.892745732 5.503149237 0.3)
(4.064058332 5.512874369 0.3)
(4.243800782 5.523078049 0.3)
(4.432387895 5.533783826 0.3)
(4.630254892 5.545016406 0.3)
(4.837858414 5.556801713 0.3)
(5.055677569 5.569166944 0.3)
(5.284215043 5.582140637 0.3)
(5.523998255 5.595752731 0.3)
(5.775580581 5.610034642 0.3)
(6.039542623 5.625019328 0.3)
(6.316493556 5.640741372 0.3)
(6.60707253 5.657237057 0.3)
(6.911950144 5.674544453 0.3)
(7.231829999 5.6927035 0.3)
(7.567450316 5.711756108 0.3)
(7.919585643 5.731746245 0.3)
(8.28904864 5.752720045 0.3)
(8.676691957 5.774725912 0.3)
(9.083410201 5.797814631 0.3)
(9.510142 5.822039485 0.3)
(9.957872169 5.847456383 0.3)
(10.42763398 5.87412398 0.3)
(10.92051157 5.902103821 0.3)
(11.43764238 5.931460478 0.3)
(11.98021987 5.9622617 0.3)
(12.54949619 5.994578571 0.3)
(13.14678514 6.028485671 0.3)
(13.77346513 6.064061252 0.3)
(14.43098242 6.101387416 0.3)
(15.12085444 6.140550304 0.3)
(15.84467329 6.181640297 0.3)
(16.60410939 6.224752222 0.3)
(17.40091538 6.269985574 0.3)
(18.23693014 6.317444742 0.3)
(19.11408303 6.367239253 0.3)
(20.03439834 6.419484024 0.3)
(21 6.474299624 0.3)
(1.02896805 5.809024441 0.3)
(1.059361542 5.810681873 0.3)
(1.09125062 5.812420864 0.3)
(1.124708877 5.814245426 0.3)
(1.159813529 5.816159769 0.3)
(1.19664559 5.818168313 0.3)
(1.235290062 5.820275692 0.3)
(1.275836128 5.82248677 0.3)
(1.318377361 5.824806649 0.3)
(1.363011939 5.827240683 0.3)
(1.409842869 5.82979449 0.3)
(1.458978229 5.832473963 0.3)
(1.510531412 5.835285286 0.3)
(1.564621395 5.838234947 0.3)
(1.621373006 5.841329753 0.3)
(1.680917217 5.844576846 0.3)
(1.743391445 5.847983721 0.3)
(1.808939869 5.851558239 0.3)
(1.877713761 5.85530865 0.3)
(1.949871839 5.859243609 0.3)
(2.02558063 5.863372197 0.3)
(2.105014855 5.867703943 0.3)
(2.188357834 5.872248842 0.3)
(2.275801905 5.877017384 0.3)
(2.367548873 5.882020574 0.3)
(2.463810472 5.887269958 0.3)
(2.564808856 5.89277765 0.3)
(2.670777111 5.898556362 0.3)
(2.781959789 5.904619429 0.3)
(2.89861348 5.910980844 0.3)
(3.021007398 5.917655288 0.3)
(3.149424004 5.924658164 0.3)
(3.284159661 5.932005634 0.3)
(3.425525311 5.939714654 0.3)
(3.5738472 5.947803014 0.3)
(3.729467626 5.956289382 0.3)
(3.892745732 5.965193342 0.3)
(4.064058332 5.974535443 0.3)
(4.243800782 5.984337245 0.3)
(4.432387895 5.994621368 0.3)
(4.630254892 6.005411546 0.3)
(4.837858414 6.016732681 0.3)
(5.055677569 6.0286109 0.3)
(5.284215043 6.041073616 0.3)
(5.523998255 6.054149589 0.3)
(5.775580581 6.067868997 0.3)
(6.039542623 6.082263502 0.3)
(6.316493556 6.097366324 0.3)
(6.60707253 6.113212316 0.3)
(6.911950144 6.129838049 0.3)
(7.231829999 6.147281891 0.3)
(7.567450316 6.165584099 0.3)
(7.919585643 6.184786912 0.3)
(8.28904864 6.204934646 0.3)
(8.676691957 6.226073798 0.3)
(9.083410201 6.248253152 0.3)
(9.510142 6.271523896 0.3)
(9.957872169 6.295939733 0.3)
(10.42763398 6.32155701 0.3)
(10.92051157 6.348434847 0.3)
(11.43764238 6.376635273 0.3)
(11.98021987 6.40622337 0.3)
(12.54949619 6.43726742 0.3)
(13.14678514 6.469839068 0.3)
(13.77346513 6.504013482 0.3)
(14.43098242 6.539869532 0.3)
(15.12085444 6.577489964 0.3)
(15.84467329 6.616961602 0.3)
(16.60410939 6.658375536 0.3)
(17.40091538 6.701827344 0.3)
(18.23693014 6.747417302 0.3)
(19.11408303 6.795250625 0.3)
(20.03439834 6.845437703 0.3)
(21 6.898094356 0.3)
(1.02896805 6.313084719 0.3)
(1.059361542 6.314657205 0.3)
(1.09125062 6.316307068 0.3)
(1.124708877 6.318038117 0.3)
(1.159813529 6.319854347 0.3)
(1.19664559 6.321759948 0.3)
(1.235290062 6.323759319 0.3)
(1.275836128 6.325857074 0.3)
(1.318377361 6.328058054 0.3)
(1.363011939 6.330367339 0.3)
(1.409842869 6.332790258 0.3)
(1.458978229 6.335332402 0.3)
(1.510531412 6.337999639 0.3)
(1.564621395 6.340798123 0.3)
(1.621373006 6.343734314 0.3)
(1.680917217 6.346814987 0.3)
(1.743391445 6.350047252 0.3)
(1.808939869 6.353438568 0.3)
(1.877713761 6.356996762 0.3)
(1.949871839 6.360730046 0.3)
(2.02558063 6.364647035 0.3)
(2.105014855 6.368756769 0.3)
(2.188357834 6.373068733 0.3)
(2.275801905 6.377592877 0.3)
(2.367548873 6.382339642 0.3)
(2.463810472 6.387319984 0.3)
(2.564808856 6.392545395 0.3)
(2.670777111 6.398027935 0.3)
(2.781959789 6.403780257 0.3)
(2.89861348 6.409815636 0.3)
(3.021007398 6.416148001 0.3)
(3.149424004 6.422791964 0.3)
(3.284159661 6.42976286 0.3)
(3.425525311 6.437076776 0.3)
(3.5738472 6.44475059 0.3)
(3.729467626 6.452802014 0.3)
(3.892745732 6.461249626 0.3)
(4.064058332 6.470112925 0.3)
(4.243800782 6.479412363 0.3)
(4.432387895 6.489169402 0.3)
(4.630254892 6.499406561 0.3)
(4.837858414 6.510147463 0.3)
(5.055677569 6.521416898 0.3)
(5.284215043 6.533240872 0.3)
(5.523998255 6.545646673 0.3)
(5.775580581 6.558662932 0.3)
(6.039542623 6.572319688 0.3)
(6.316493556 6.586648457 0.3)
(6.60707253 6.601682308 0.3)
(6.911950144 6.617455936 0.3)
(7.231829999 6.634005743 0.3)
(7.567450316 6.651369924 0.3)
(7.919585643 6.669588551 0.3)
(8.28904864 6.68870367 0.3)
(8.676691957 6.708759395 0.3)
(9.083410201 6.72980201 0.3)
(9.510142 6.751880077 0.3)
(9.957872169 6.77504455 0.3)
(10.42763398 6.799348886 0.3)
(10.92051157 6.824849176 0.3)
(11.43764238 6.851604269 0.3)
(11.98021987 6.879675912 0.3)
(12.54949619 6.909128887 0.3)
(13.14678514 6.940031168 0.3)
(13.77346513 6.97245407 0.3)
(14.43098242 7.006472419 0.3)
(15.12085444 7.042164723 0.3)
(15.84467329 7.079613354 0.3)
(16.60410939 7.118904735 0.3)
(17.40091538 7.160129543 0.3)
(18.23693014 7.203382918 0.3)
(19.11408303 7.248764679 0.3)
(20.03439834 7.29637956 0.3)
(21 7.346337447 0.3)
(1.02896805 6.855465832 0.3)
(1.059361542 6.856934405 0.3)
(1.09125062 6.858475242 0.3)
(1.124708877 6.8600919 0.3)
(1.159813529 6.86178811 0.3)
(1.19664559 6.863567786 0.3)
(1.235290062 6.865435035 0.3)
(1.275836128 6.867394166 0.3)
(1.318377361 6.869449702 0.3)
(1.363011939 6.871606385 0.3)
(1.409842869 6.873869192 0.3)
(1.458978229 6.876243347 0.3)
(1.510531412 6.878734328 0.3)
(1.564621395 6.881347883 0.3)
(1.621373006 6.884090045 0.3)
(1.680917217 6.886967141 0.3)
(1.743391445 6.889985812 0.3)
(1.808939869 6.893153024 0.3)
(1.877713761 6.896476086 0.3)
(1.949871839 6.899962668 0.3)
(2.02558063 6.903620815 0.3)
(2.105014855 6.90745897 0.3)
(2.188357834 6.911485991 0.3)
(2.275801905 6.915711171 0.3)
(2.367548873 6.920144261 0.3)
(2.463810472 6.924795493 0.3)
(2.564808856 6.929675599 0.3)
(2.670777111 6.934795843 0.3)
(2.781959789 6.940168041 0.3)
(2.89861348 6.945804591 0.3)
(3.021007398 6.951718501 0.3)
(3.149424004 6.957923419 0.3)
(3.284159661 6.964433665 0.3)
(3.425525311 6.971264263 0.3)
(3.5738472 6.978430978 0.3)
(3.729467626 6.985950348 0.3)
(3.892745732 6.993839727 0.3)
(4.064058332 7.002117322 0.3)
(4.243800782 7.010802236 0.3)
(4.432387895 7.019914513 0.3)
(4.630254892 7.02947518 0.3)
(4.837858414 7.039506304 0.3)
(5.055677569 7.050031033 0.3)
(5.284215043 7.061073658 0.3)
(5.523998255 7.072659661 0.3)
(5.775580581 7.084815781 0.3)
(6.039542623 7.097570073 0.3)
(6.316493556 7.11095197 0.3)
(6.60707253 7.124992356 0.3)
(6.911950144 7.139723634 0.3)
(7.231829999 7.155179799 0.3)
(7.567450316 7.171396523 0.3)
(7.919585643 7.188411229 0.3)
(8.28904864 7.206263185 0.3)
(8.676691957 7.22499359 0.3)
(9.083410201 7.24464567 0.3)
(9.510142 7.265264778 0.3)
(9.957872169 7.286898499 0.3)
(10.42763398 7.30959676 0.3)
(10.92051157 7.333411943 0.3)
(11.43764238 7.358399011 0.3)
(11.98021987 7.384615627 0.3)
(12.54949619 7.412122295 0.3)
(13.14678514 7.440982495 0.3)
(13.77346513 7.471262832 0.3)
(14.43098242 7.503033185 0.3)
(15.12085444 7.536366876 0.3)
(15.84467329 7.571340831 0.3)
(16.60410939 7.608035765 0.3)
(17.40091538 7.646536361 0.3)
(18.23693014 7.686931473 0.3)
(19.11408303 7.729314323 0.3)
(20.03439834 7.773782725 0.3)
(21 7.820439301 0.3)
(1.02896805 7.439081313 0.3)
(1.059361542 7.440424844 0.3)
(1.09125062 7.441834486 0.3)
(1.124708877 7.443313493 0.3)
(1.159813529 7.444865278 0.3)
(1.19664559 7.446493423 0.3)
(1.235290062 7.448201684 0.3)
(1.275836128 7.449994004 0.3)
(1.318377361 7.45187452 0.3)
(1.363011939 7.453847572 0.3)
(1.409842869 7.455917711 0.3)
(1.458978229 7.458089718 0.3)
(1.510531412 7.460368603 0.3)
(1.564621395 7.462759626 0.3)
(1.621373006 7.465268305 0.3)
(1.680917217 7.46790043 0.3)
(1.743391445 7.470662074 0.3)
(1.808939869 7.473559613 0.3)
(1.877713761 7.476599731 0.3)
(1.949871839 7.479789446 0.3)
(2.02558063 7.483136119 0.3)
(2.105014855 7.486647473 0.3)
(2.188357834 7.490331611 0.3)
(2.275801905 7.494197036 0.3)
(2.367548873 7.498252669 0.3)
(2.463810472 7.50250787 0.3)
(2.564808856 7.506972457 0.3)
(2.670777111 7.511656736 0.3)
(2.781959789 7.516571515 0.3)
(2.89861348 7.521728139 0.3)
(3.021007398 7.527138506 0.3)
(3.149424004 7.532815104 0.3)
(3.284159661 7.538771032 0.3)
(3.425525311 7.545020036 0.3)
(3.5738472 7.551576538 0.3)
(3.729467626 7.558455668 0.3)
(3.892745732 7.565673302 0.3)
(4.064058332 7.573246098 0.3)
(4.243800782 7.581191531 0.3)
(4.432387895 7.589527938 0.3)
(4.630254892 7.598274559 0.3)
(4.837858414 7.607451578 0.3)
(5.055677569 7.617080175 0.3)
(5.284215043 7.62718257 0.3)
(5.523998255 7.637782077 0.3)
(5.775580581 7.64890316 0.3)
(6.039542623 7.660571482 0.3)
(6.316493556 7.672813971 0.3)
(6.60707253 7.685658883 0.3)
(6.911950144 7.699135859 0.3)
(7.231829999 7.713276002 0.3)
(7.567450316 7.728111946 0.3)
(7.919585643 7.743677927 0.3)
(8.28904864 7.760009871 0.3)
(8.676691957 7.777145467 0.3)
(9.083410201 7.795124262 0.3)
(9.510142 7.813987747 0.3)
(9.957872169 7.833779455 0.3)
(10.42763398 7.854545063 0.3)
(10.92051157 7.876332492 0.3)
(11.43764238 7.899192024 0.3)
(11.98021987 7.923176415 0.3)
(12.54949619 7.948341016 0.3)
(13.14678514 7.974743901 0.3)
(13.77346513 8.002446005 0.3)
(14.43098242 8.031511258 0.3)
(15.12085444 8.062006737 0.3)
(15.84467329 8.094002819 0.3)
(16.60410939 8.127573346 0.3)
(17.40091538 8.162795792 0.3)
(18.23693014 8.199751444 0.3)
(19.11408303 8.238525588 0.3)
(20.03439834 8.279207708 0.3)
(21 8.32189169 0.3)
(1.02896805 8.067066226 0.3)
(1.059361542 8.068261214 0.3)
(1.09125062 8.069515006 0.3)
(1.124708877 8.070830492 0.3)
(1.159813529 8.072210711 0.3)
(1.19664559 8.073658847 0.3)
(1.235290062 8.075178241 0.3)
(1.275836128 8.076772402 0.3)
(1.318377361 8.078445006 0.3)
(1.363011939 8.080199915 0.3)
(1.409842869 8.082041179 0.3)
(1.458978229 8.083973047 0.3)
(1.510531412 8.085999977 0.3)
(1.564621395 8.088126646 0.3)
(1.621373006 8.090357964 0.3)
(1.680917217 8.092699079 0.3)
(1.743391445 8.095155395 0.3)
(1.808939869 8.097732579 0.3)
(1.877713761 8.10043658 0.3)
(1.949871839 8.103273638 0.3)
(2.02558063 8.1062503 0.3)
(2.105014855 8.109373435 0.3)
(2.188357834 8.112650253 0.3)
(2.275801905 8.116088314 0.3)
(2.367548873 8.119695553 0.3)
(2.463810472 8.123480295 0.3)
(2.564808856 8.127451275 0.3)
(2.670777111 8.131617656 0.3)
(2.781959789 8.135989054 0.3)
(2.89861348 8.140575557 0.3)
(3.021007398 8.145387751 0.3)
(3.149424004 8.150436739 0.3)
(3.284159661 8.155734176 0.3)
(3.425525311 8.161292286 0.3)
(3.5738472 8.167123896 0.3)
(3.729467626 8.173242464 0.3)
(3.892745732 8.179662112 0.3)
(4.064058332 8.186397653 0.3)
(4.243800782 8.193464634 0.3)
(4.432387895 8.200879362 0.3)
(4.630254892 8.208658949 0.3)
(4.837858414 8.216821351 0.3)
(5.055677569 8.225385403 0.3)
(5.284215043 8.234370869 0.3)
(5.523998255 8.243798488 0.3)
(5.775580581 8.253690015 0.3)
(6.039542623 8.264068279 0.3)
(6.316493556 8.27495723 0.3)
(6.60707253 8.286381999 0.3)
(6.911950144 8.29836895 0.3)
(7.231829999 8.310945749 0.3)
(7.567450316 8.32414142 0.3)
(7.919585643 8.337986415 0.3)
(8.28904864 8.352512687 0.3)
(8.676691957 8.367753759 0.3)
(9.083410201 8.383744806 0.3)
(9.510142 8.40052273 0.3)
(9.957872169 8.418126252 0.3)
(10.42763398 8.436595999 0.3)
(10.92051157 8.455974594 0.3)
(11.43764238 8.47630676 0.3)
(11.98021987 8.497639419 0.3)
(12.54949619 8.520021803 0.3)
(13.14678514 8.543505566 0.3)
(13.77346513 8.568144905 0.3)
(14.43098242 8.593996682 0.3)
(15.12085444 8.621120558 0.3)
(15.84467329 8.649579131 0.3)
(16.60410939 8.679438076 0.3)
(17.40091538 8.710766303 0.3)
(18.23693014 8.743636111 0.3)
(19.11408303 8.778123357 0.3)
(20.03439834 8.814307632 0.3)
(21 8.852272441 0.3)
(1.02896805 8.742794004 0.3)
(1.059361542 8.743814357 0.3)
(1.09125062 8.74488492 0.3)
(1.124708877 8.746008162 0.3)
(1.159813529 8.747186676 0.3)
(1.19664559 8.748423181 0.3)
(1.235290062 8.749720532 0.3)
(1.275836128 8.751081722 0.3)
(1.318377361 8.752509893 0.3)
(1.363011939 8.75400834 0.3)
(1.409842869 8.755580522 0.3)
(1.458978229 8.757230067 0.3)
(1.510531412 8.758960782 0.3)
(1.564621395 8.760776661 0.3)
(1.621373006 8.762681894 0.3)
(1.680917217 8.76468088 0.3)
(1.743391445 8.76677823 0.3)
(1.808939869 8.768978785 0.3)
(1.877713761 8.771287624 0.3)
(1.949871839 8.773710075 0.3)
(2.02558063 8.776251728 0.3)
(2.105014855 8.77891845 0.3)
(2.188357834 8.781716394 0.3)
(2.275801905 8.784652018 0.3)
(2.367548873 8.787732097 0.3)
(2.463810472 8.790963738 0.3)
(2.564808856 8.794354399 0.3)
(2.670777111 8.797911907 0.3)
(2.781959789 8.80164447 0.3)
(2.89861348 8.805560703 0.3)
(3.021007398 8.809669644 0.3)
(3.149424004 8.813980775 0.3)
(3.284159661 8.818504045 0.3)
(3.425525311 8.823249895 0.3)
(3.5738472 8.828229275 0.3)
(3.729467626 8.833453677 0.3)
(3.892745732 8.838935159 0.3)
(4.064058332 8.844686371 0.3)
(4.243800782 8.850720585 0.3)
(4.432387895 8.857051727 0.3)
(4.630254892 8.863694408 0.3)
(4.837858414 8.870663958 0.3)
(5.055677569 8.877976462 0.3)
(5.284215043 8.885648795 0.3)
(5.523998255 8.893698664 0.3)
(5.775580581 8.902144646 0.3)
(6.039542623 8.911006233 0.3)
(6.316493556 8.920303877 0.3)
(6.60707253 8.930059033 0.3)
(6.911950144 8.940294215 0.3)
(7.231829999 8.951033044 0.3)
(7.567450316 8.962300303 0.3)
(7.919585643 8.974121995 0.3)
(8.28904864 8.986525401 0.3)
(8.676691957 8.999539148 0.3)
(9.083410201 9.013193267 0.3)
(9.510142 9.02751927 0.3)
(9.957872169 9.042550219 0.3)
(10.42763398 9.058320802 0.3)
(10.92051157 9.074867415 0.3)
(11.43764238 9.092228244 0.3)
(11.98021987 9.110443354 0.3)
(12.54949619 9.129554783 0.3)
(13.14678514 9.149606636 0.3)
(13.77346513 9.170645189 0.3)
(14.43098242 9.192718995 0.3)
(15.12085444 9.215878995 0.3)
(15.84467329 9.24017864 0.3)
(16.60410939 9.265674008 0.3)
(17.40091538 9.292423936 0.3)
(18.23693014 9.32049016 0.3)
(19.11408303 9.34993745 0.3)
(20.03439834 9.380833765 0.3)
(21 9.413250408 0.3)
(1.02896805 9.469894582 0.3)
(1.059361542 9.470711368 0.3)
(1.09125062 9.471568347 0.3)
(1.124708877 9.472467495 0.3)
(1.159813529 9.473410888 0.3)
(1.19664559 9.474400703 0.3)
(1.235290062 9.475439224 0.3)
(1.275836128 9.476528848 0.3)
(1.318377361 9.47767209 0.3)
(1.363011939 9.478871587 0.3)
(1.409842869 9.480130109 0.3)
(1.458978229 9.48145056 0.3)
(1.510531412 9.482835986 0.3)
(1.564621395 9.484289586 0.3)
(1.621373006 9.485814713 0.3)
(1.680917217 9.487414888 0.3)
(1.743391445 9.489093804 0.3)
(1.808939869 9.490855335 0.3)
(1.877713761 9.492703546 0.3)
(1.949871839 9.494642702 0.3)
(2.02558063 9.49667728 0.3)
(2.105014855 9.498811974 0.3)
(2.188357834 9.501051711 0.3)
(2.275801905 9.503401659 0.3)
(2.367548873 9.505867243 0.3)
(2.463810472 9.508454151 0.3)
(2.564808856 9.511168354 0.3)
(2.670777111 9.514016117 0.3)
(2.781959789 9.51700401 0.3)
(2.89861348 9.52013893 0.3)
(3.021007398 9.523428111 0.3)
(3.149424004 9.526879144 0.3)
(3.284159661 9.530499994 0.3)
(3.425525311 9.534299017 0.3)
(3.5738472 9.538284979 0.3)
(3.729467626 9.542467081 0.3)
(3.892745732 9.546854972 0.3)
(4.064058332 9.551458781 0.3)
(4.243800782 9.556289131 0.3)
(4.432387895 9.561357171 0.3)
(4.630254892 9.566674595 0.3)
(4.837858414 9.572253676 0.3)
(5.055677569 9.57810729 0.3)
(5.284215043 9.584248944 0.3)
(5.523998255 9.590692814 0.3)
(5.775580581 9.597453769 0.3)
(6.039542623 9.604547414 0.3)
(6.316493556 9.611990119 0.3)
(6.60707253 9.61979906 0.3)
(6.911950144 9.627992259 0.3)
(7.231829999 9.636588624 0.3)
(7.567450316 9.645607994 0.3)
(7.919585643 9.655071184 0.3)
(8.28904864 9.665000033 0.3)
(8.676691957 9.675417455 0.3)
(9.083410201 9.686347492 0.3)
(9.510142 9.697815368 0.3)
(9.957872169 9.709847548 0.3)
(10.42763398 9.7224718 0.3)
(10.92051157 9.73571726 0.3)
(11.43764238 9.749614494 0.3)
(11.98021987 9.764195575 0.3)
(12.54949619 9.779494154 0.3)
(13.14678514 9.795545536 0.3)
(13.77346513 9.812386766 0.3)
(14.43098242 9.830056709 0.3)
(15.12085444 9.848596144 0.3)
(15.84467329 9.868047856 0.3)
(16.60410939 9.888456738 0.3)
(17.40091538 9.909869888 0.3)
(18.23693014 9.932336723 0.3)
(19.11408303 9.955909094 0.3)
(20.03439834 9.9806414 0.3)
(21 10.00659072 0.3)
(1.02896805 10.2522739 0.3)
(1.059361542 10.25285508 0.3)
(1.09125062 10.25346486 0.3)
(1.124708877 10.25410465 0.3)
(1.159813529 10.25477593 0.3)
(1.19664559 10.25548023 0.3)
(1.235290062 10.25621919 0.3)
(1.275836128 10.25699451 0.3)
(1.318377361 10.25780799 0.3)
(1.363011939 10.25866149 0.3)
(1.409842869 10.25955699 0.3)
(1.458978229 10.26049656 0.3)
(1.510531412 10.26148236 0.3)
(1.564621395 10.26251667 0.3)
(1.621373006 10.26360187 0.3)
(1.680917217 10.26474048 0.3)
(1.743391445 10.26593511 0.3)
(1.808939869 10.26718853 0.3)
(1.877713761 10.26850363 0.3)
(1.949871839 10.26988343 0.3)
(2.02558063 10.27133114 0.3)
(2.105014855 10.27285008 0.3)
(2.188357834 10.27444377 0.3)
(2.275801905 10.27611587 0.3)
(2.367548873 10.27787026 0.3)
(2.463810472 10.27971098 0.3)
(2.564808856 10.28164227 0.3)
(2.670777111 10.2836686 0.3)
(2.781959789 10.28579464 0.3)
(2.89861348 10.28802529 0.3)
(3.021007398 10.29036571 0.3)
(3.149424004 10.29282129 0.3)
(3.284159661 10.29539771 0.3)
(3.425525311 10.29810091 0.3)
(3.5738472 10.30093712 0.3)
(3.729467626 10.3039129 0.3)
(3.892745732 10.3070351 0.3)
(4.064058332 10.31031095 0.3)
(4.243800782 10.31374798 0.3)
(4.432387895 10.31735415 0.3)
(4.630254892 10.32113777 0.3)
(4.837858414 10.32510757 0.3)
(5.055677569 10.32927271 0.3)
(5.284215043 10.33364281 0.3)
(5.523998255 10.33822794 0.3)
(5.775580581 10.34303871 0.3)
(6.039542623 10.34808619 0.3)
(6.316493556 10.35338205 0.3)
(6.60707253 10.35893851 0.3)
(6.911950144 10.36476839 0.3)
(7.231829999 10.37088513 0.3)
(7.567450316 10.37730287 0.3)
(7.919585643 10.38403641 0.3)
(8.28904864 10.39110129 0.3)
(8.676691957 10.39851381 0.3)
(9.083410201 10.40629108 0.3)
(9.510142 10.41445106 0.3)
(9.957872169 10.42301256 0.3)
(10.42763398 10.43199535 0.3)
(10.92051157 10.44142017 0.3)
(11.43764238 10.45130875 0.3)
(11.98021987 10.46168393 0.3)
(12.54949619 10.47256964 0.3)
(13.14678514 10.48399101 0.3)
(13.77346513 10.4959744 0.3)
(14.43098242 10.50854746 0.3)
(15.12085444 10.5217392 0.3)
(15.84467329 10.53558008 0.3)
(16.60410939 10.55010203 0.3)
(17.40091538 10.56533857 0.3)
(18.23693014 10.58132486 0.3)
(19.11408303 10.59809779 0.3)
(20.03439834 10.61569608 0.3)
(21 10.63416033 0.3)
(1.02896805 11.09413487 0.3)
(1.059361542 11.09444503 0.3)
(1.09125062 11.09477045 0.3)
(1.124708877 11.09511188 0.3)
(1.159813529 11.09547011 0.3)
(1.19664559 11.09584597 0.3)
(1.235290062 11.09624033 0.3)
(1.275836128 11.09665409 0.3)
(1.318377361 11.09708821 0.3)
(1.363011939 11.0975437 0.3)
(1.409842869 11.09802159 0.3)
(1.458978229 11.09852301 0.3)
(1.510531412 11.09904909 0.3)
(1.564621395 11.09960107 0.3)
(1.621373006 11.1001802 0.3)
(1.680917217 11.10078784 0.3)
(1.743391445 11.10142537 0.3)
(1.808939869 11.10209427 0.3)
(1.877713761 11.10279609 0.3)
(1.949871839 11.10353245 0.3)
(2.02558063 11.10430503 0.3)
(2.105014855 11.10511564 0.3)
(2.188357834 11.10596613 0.3)
(2.275801905 11.10685847 0.3)
(2.367548873 11.10779473 0.3)
(2.463810472 11.10877705 0.3)
(2.564808856 11.10980771 0.3)
(2.670777111 11.11088909 0.3)
(2.781959789 11.11202368 0.3)
(2.89861348 11.1132141 0.3)
(3.021007398 11.1144631 0.3)
(3.149424004 11.11577355 0.3)
(3.284159661 11.1171485 0.3)
(3.425525311 11.11859109 0.3)
(3.5738472 11.12010468 0.3)
(3.729467626 11.12169274 0.3)
(3.892745732 11.12335895 0.3)
(4.064058332 11.12510715 0.3)
(4.243800782 11.12694138 0.3)
(4.432387895 11.12886586 0.3)
(4.630254892 11.13088504 0.3)
(4.837858414 11.13300357 0.3)
(5.055677569 11.13522636 0.3)
(5.284215043 11.13755852 0.3)
(5.523998255 11.14000545 0.3)
(5.775580581 11.14257278 0.3)
(6.039542623 11.14526644 0.3)
(6.316493556 11.14809265 0.3)
(6.60707253 11.15105793 0.3)
(6.911950144 11.15416912 0.3)
(7.231829999 11.15743341 0.3)
(7.567450316 11.16085833 0.3)
(7.919585643 11.16445177 0.3)
(8.28904864 11.16822205 0.3)
(8.676691957 11.17217784 0.3)
(9.083410201 11.17632829 0.3)
(9.510142 11.18068298 0.3)
(9.957872169 11.18525194 0.3)
(10.42763398 11.19004574 0.3)
(10.92051157 11.19507542 0.3)
(11.43764238 11.2003526 0.3)
(11.98021987 11.20588946 0.3)
(12.54949619 11.21169877 0.3)
(13.14678514 11.21779394 0.3)
(13.77346513 11.22418905 0.3)
(14.43098242 11.23089883 0.3)
(15.12085444 11.23793879 0.3)
(15.84467329 11.24532517 0.3)
(16.60410939 11.25307501 0.3)
(17.40091538 11.2612062 0.3)
(18.23693014 11.26973751 0.3)
(19.11408303 11.27868862 0.3)
(20.03439834 11.28808019 0.3)
(21 11.2979339 0.3)
(1.02896805 12 0.3)
(1.059361542 12 0.3)
(1.09125062 12 0.3)
(1.124708877 12 0.3)
(1.159813529 12 0.3)
(1.19664559 12 0.3)
(1.235290062 12 0.3)
(1.275836128 12 0.3)
(1.318377361 12 0.3)
(1.363011939 12 0.3)
(1.409842869 12 0.3)
(1.458978229 12 0.3)
(1.510531412 12 0.3)
(1.564621395 12 0.3)
(1.621373006 12 0.3)
(1.680917217 12 0.3)
(1.743391445 12 0.3)
(1.808939869 12 0.3)
(1.877713761 12 0.3)
(1.949871839 12 0.3)
(2.02558063 12 0.3)
(2.105014855 12 0.3)
(2.188357834 12 0.3)
(2.275801905 12 0.3)
(2.367548873 12 0.3)
(2.463810472 12 0.3)
(2.564808856 12 0.3)
(2.670777111 12 0.3)
(2.781959789 12 0.3)
(2.89861348 12 0.3)
(3.021007398 12 0.3)
(3.149424004 12 0.3)
(3.284159661 12 0.3)
(3.425525311 12 0.3)
(3.5738472 12 0.3)
(3.729467626 12 0.3)
(3.892745732 12 0.3)
(4.064058332 12 0.3)
(4.243800782 12 0.3)
(4.432387895 12 0.3)
(4.630254892 12 0.3)
(4.837858414 12 0.3)
(5.055677569 12 0.3)
(5.284215043 12 0.3)
(5.523998255 12 0.3)
(5.775580581 12 0.3)
(6.039542623 12 0.3)
(6.316493556 12 0.3)
(6.60707253 12 0.3)
(6.911950144 12 0.3)
(7.231829999 12 0.3)
(7.567450316 12 0.3)
(7.919585643 12 0.3)
(8.28904864 12 0.3)
(8.676691957 12 0.3)
(9.083410201 12 0.3)
(9.510142 12 0.3)
(9.957872169 12 0.3)
(10.42763398 12 0.3)
(10.92051157 12 0.3)
(11.43764238 12 0.3)
(11.98021987 12 0.3)
(12.54949619 12 0.3)
(13.14678514 12 0.3)
(13.77346513 12 0.3)
(14.43098242 12 0.3)
(15.12085444 12 0.3)
(15.84467329 12 0.3)
(16.60410939 12 0.3)
(17.40091538 12 0.3)
(18.23693014 12 0.3)
(19.11408303 12 0.3)
(20.03439834 12 0.3)
(21 12 0.3)
(-10.88990218 -1.621797223 0)
(-10.59744718 -3.08208028 0)
(-10.17260842 -4.378677994 0)
(-9.656493123 -5.517169049 0)
(-9.082053315 -6.507856862 0)
(-8.475100056 -7.363591442 0)
(-7.855404459 -8.098259805 0)
(-7.237760862 -8.725783402 0)
(-6.632947723 -9.259487516 0)
(-6.048559746 -9.711735453 0)
(-5.489707132 -10.09374565 0)
(-4.959590133 -10.41553097 0)
(-4.459962892 -10.68591621 0)
(-3.991502557 -10.91260291 0)
(-3.554099396 -11.10226007 0)
(-3.147082318 -11.26062646 0)
(-2.76939235 -11.39261521 0)
(-2.419714701 -11.50241502 0)
(-2.096578201 -11.59358458 0)
(-1.798429254 -11.66913852 0)
(-1.523686056 -11.7316243 0)
(-1.270777622 -11.7831901 0)
(-1.038171234 -11.82564408 0)
(-0.8243911026 -11.86050577 0)
(-0.6280304358 -11.88905029 0)
(-0.4477585992 -11.91234633 0)
(-0.2823246648 -11.93128842 0)
(-0.1305583414 -11.94662454 0)
(0.008630961176 -11.95897936 0)
(0.1362563628 -11.96887409 0)
(0.2532566115 -11.97674306 0)
(0.3604997309 -11.98294786 0)
(0.4587869795 -11.98778914 0)
(0.5488569532 -11.99151658 0)
(0.6313897034 -11.99433727 0)
(0.7070107868 -11.99642269 0)
(0.7762951852 -11.99791466 0)
(0.8397710565 -11.99893023 0)
(0.897923293 -11.99956584 0)
(0.9511968727 -11.99990076 0)
(1 -12 0)
(-10.08699139 -1.478617868 0)
(-9.833938151 -2.810027211 0)
(-9.456360997 -3.992054588 0)
(-8.99253303 -5.029765926 0)
(-8.4730732 -5.932498716 0)
(-7.921951251 -6.71205168 0)
(-7.357582928 -7.381154026 0)
(-6.793639372 -7.952618373 0)
(-6.240276041 -8.438656301 0)
(-5.704510066 -8.850632757 0)
(-5.191118719 -9.198866409 0)
(-4.703162327 -9.492546513 0)
(-4.242277307 -9.739789494 0)
(-3.809123704 -9.94767457 0)
(-3.403626904 -10.12233348 0)
(-3.025186879 -10.26904526 0)
(-2.672833456 -10.39233239 0)
(-2.345514514 -10.49605459 0)
(-2.041567452 -10.58351967 0)
(-1.759587444 -10.65748492 0)
(-1.498353848 -10.72027551 0)
(-1.257265799 -10.77306607 0)
(-1.034734801 -10.81765726 0)
(-0.8294218829 -10.85542986 0)
(-0.6400571917 -10.8875443 0)
(-0.4654335039 -10.91496777 0)
(-0.3044005023 -10.93850822 0)
(-0.1558976161 -10.95884077 0)
(-0.01893197826 -10.97652699 0)
(0.1074185639 -10.99203396 0)
(0.2240099801 -11.00575015 0)
(0.3316325796 -11.01799794 0)
(0.4310168268 -11.02904425 0)
(0.5228362137 -11.03910946 0)
(0.6077098055 -11.04837565 0)
(0.6862089039 -11.05699218 0)
(0.7588569745 -11.06508213 0)
(0.8261360767 -11.072747 0)
(0.8884885486 -11.08006844 0)
(0.9463183605 -11.08710307 0)
(1 -11.09391477 0)
(-9.337945247 -1.348698813 0)
(-9.118923838 -2.563162433 0)
(-8.782956112 -3.641238559 0)
(-8.365662047 -4.587537648 0)
(-7.89547495 -5.410518556 0)
(-7.394637657 -6.121020171 0)
(-6.880292191 -6.730711147 0)
(-6.365053207 -7.251387458 0)
(-5.858485885 -7.69423802 0)
(-5.367060568 -8.069710926 0)
(-4.895236276 -8.387298315 0)
(-4.44593556 -8.655432502 0)
(-4.02067872 -8.881578912 0)
(-3.620104182 -9.072244669 0)
(-3.244165155 -9.233067464 0)
(-2.892323716 -9.368903394 0)
(-2.563689107 -9.483915289 0)
(-2.257450994 -9.581659673 0)
(-1.971767316 -9.665212882 0)
(-1.70537068 -9.737093968 0)
(-1.457375964 -9.799421658 0)
(-1.227972995 -9.852586752 0)
(-1.015538686 -9.898364145 0)
(-0.81885768 -9.938009535 0)
(-0.6367841501 -9.972580268 0)
(-0.4682226055 -10.00295245 0)
(-0.3121135259 -10.02985651 0)
(-0.1674958372 -10.05390257 0)
(-0.03346523214 -10.07559599 0)
(0.09081796556 -10.09535583 0)
(0.2061346801 -10.11352998 0)
(0.3132047183 -10.13040624 0)
(0.4126943225 -10.14622193 0)
(0.5052179142 -10.16117172 0)
(0.5913391887 -10.17541592 0)
(0.6715802179 -10.18908459 0)
(0.7464176781 -10.2022846 0)
(0.816291777 -10.21510407 0)
(0.8816062067 -10.22761189 0)
(0.9427276479 -10.23984454 0)
(1 -10.25186566 0)
(-8.639349605 -1.230674579 0)
(-8.44972213 -2.338892958 0)
(-8.150426366 -3.322542551 0)
(-7.774600012 -4.185828714 0)
(-7.348630134 -4.936410197 0)
(-6.893141125 -5.584248706 0)
(-6.424079088 -6.140040615 0)
(-5.953065918 -6.614649039 0)
(-5.489108467 -7.018323159 0)
(-5.038160267 -7.360668463 0)
(-4.604376935 -7.650417315 0)
(-4.190546293 -7.895305877 0)
(-3.798074942 -8.1022009 0)
(-3.427576266 -8.277083246 0)
(-3.079025177 -8.425136004 0)
(-2.751938067 -8.550825935 0)
(-2.445495297 -8.657984558 0)
(-2.159109231 -8.749888812 0)
(-1.890769683 -8.8294014 0)
(-1.639336267 -8.898820744 0)
(-1.404235569 -8.960073819 0)
(-1.186296479 -9.012927445 0)
(-0.9838786587 -9.059116317 0)
(-0.7958785732 -9.099783229 0)
(-0.6212628631 -9.135892777 0)
(-0.4590373202 -9.168239209 0)
(-0.3082244706 -9.19748345 0)
(-0.1679535715 -9.224177543 0)
(-0.03740066764 -9.248776741 0)
(0.0841990502 -9.271657421 0)
(0.1975583906 -9.293131528 0)
(0.3033331255 -9.313456359 0)
(0.402131169 -9.332843177 0)
(0.4945132838 -9.351464152 0)
(0.5809928363 -9.369460544 0)
(0.6620471767 -9.386945643 0)
(0.7381104362 -9.404012243 0)
(0.8095847831 -9.420736998 0)
(0.8768387726 -9.437177754 0)
(0.9402051393 -9.453353047 0)
(1 -9.469327007 0)
(-7.987978084 -1.123334597 0)
(-7.823738859 -2.134919886 0)
(-7.556798805 -3.032697527 0)
(-7.21797438 -3.820512106 0)
(-6.831738012 -4.505293001 0)
(-6.417198303 -5.096199527 0)
(-5.989179408 -5.603036001 0)
(-5.558371169 -6.035808914 0)
(-5.133253141 -6.403903326 0)
(-4.719291081 -6.716149835 0)
(-4.320352045 -6.980581924 0)
(-3.939092873 -7.204295106 0)
(-3.576809499 -7.393605224 0)
(-3.234087761 -7.55400873 0)
(-2.910919155 -7.690270155 0)
(-2.60686761 -7.806497642 0)
(-2.321177261 -7.906217345 0)
(-2.053465702 -7.99244826 0)
(-1.801565346 -8.067855826 0)
(-1.564453217 -8.134534098 0)
(-1.341845494 -8.194231945 0)
(-1.135082275 -8.24622651 0)
(-0.9425200492 -8.292201098 0)
(-0.763156565 -8.333196453 0)
(-0.5960605696 -8.370093609 0)
(-0.4403297738 -8.403613146 0)
(-0.2950609357 -8.434353598 0)
(-0.1594654174 -8.462815043 0)
(-0.03279225366 -8.489408007 0)
(0.08565532655 -8.51447087 0)
(0.1965282347 -8.538283711 0)
(0.3004240154 -8.561076876 0)
(0.3978975476 -8.583038695 0)
(0.4894607951 -8.60432158 0)
(0.575581327 -8.625050168 0)
(0.6566958209 -8.645323112 0)
(0.7331996792 -8.66522103 0)
(0.805460457 -8.684810702 0)
(0.873814728 -8.704140465 0)
(0.9385642909 -8.723212841 0)
(1 -8.742093017 0)
(-7.380786079 -1.02560429 0)
(-7.238475445 -1.949202511 0)
(-7.000115036 -2.768801703 0)
(-6.694351685 -3.487924739 0)
(-6.343867265 -4.11283543 0)
(-5.966351575 -4.65195846 0)
(-5.57557701 -5.114279069 0)
(-5.181359065 -5.509016568 0)
(-4.79167998 -5.844760912 0)
(-4.411545749 -6.129629625 0)
(-4.044549556 -6.371012922 0)
(-3.693221528 -6.575416381 0)
(-3.358750435 -6.748648585 0)
(-3.041692822 -6.895759841 0)
(-2.7420525 -7.021129078 0)
(-2.45943504 -7.128533934 0)
(-2.19314184 -7.221218964 0)
(-1.942979727 -7.301965081 0)
(-1.706633831 -7.373255493 0)
(-1.483189761 -7.436994914 0)
(-1.272632745 -7.494766775 0)
(-1.07670654 -7.545471052 0)
(-0.8937758012 -7.590731176 0)
(-0.7229301212 -7.631495536 0)
(-0.5633310546 -7.668569784 0)
(-0.4141598302 -7.702608116 0)
(-0.274580451 -7.734152981 0)
(-0.1438789904 -7.763657905 0)
(-0.02137086072 -7.791493427 0)
(0.09357880741 -7.81796407 0)
(0.2015646157 -7.84332162 0)
(0.3031311041 -7.867772585 0)
(0.3987848753 -7.891485084 0)
(0.4889934658 -7.914594175 0)
(0.5741827251 -7.937209965 0)
(0.6547523 -7.959418343 0)
(0.7310623008 -7.98128937 0)
(0.8034487526 -8.002881346 0)
(0.8722190882 -8.024234407 0)
(0.9376468848 -8.045336766 0)
(1 -8.066255118 0)
(-6.814904224 -0.9365285886 0)
(-6.691534107 -1.779927016 0)
(-6.478447223 -2.528276013 0)
(-6.202263382 -3.184811187 0)
(-5.883990739 -3.755188403 0)
(-5.539991817 -4.247159178 0)
(-5.183053709 -4.668956144 0)
(-4.822172309 -5.029074758 0)
(-4.464861401 -5.33537292 0)
(-4.115694121 -5.595311566 0)
(-3.778004217 -5.815688475 0)
(-3.454199748 -6.002465686 0)
(-3.145366162 -6.16098444 0)
(-2.852029598 -6.295883904 0)
(-2.574202629 -6.411187579 0)
(-2.31152734 -6.510368344 0)
(-2.063356612 -6.596410945 0)
(-1.829671844 -6.671876442 0)
(-1.608020425 -6.739079637 0)
(-1.397588412 -6.799749788 0)
(-1.198611007 -6.855316648 0)
(-1.013145417 -6.904396965 0)
(-0.8395734805 -6.948548059 0)
(-0.6770681752 -6.98863464 0)
(-0.5248755052 -7.025394267 0)
(-0.3822526701 -7.059421237 0)
(-0.2484246613 -7.09120752 0)
(-0.1227456093 -7.121164875 0)
(-0.004591357619 -7.149628056 0)
(0.1066165836 -7.176871369 0)
(0.2114215331 -7.203121449 0)
(0.3103197291 -7.228563694 0)
(0.4037737827 -7.253348395 0)
(0.4922107394 -7.277595349 0)
(0.5760184045 -7.301401953 0)
(0.6555626736 -7.324842957 0)
(0.7311714633 -7.347979271 0)
(0.8031520474 -7.370861915 0)
(0.871785278 -7.393523949 0)
(0.9373189619 -7.415940786 0)
(1 -7.438180974 0)
(-6.287631449 -0.8552575438 0)
(-6.180621068 -1.625479173 0)
(-5.989910634 -2.308825268 0)
(-5.740226919 -2.908274585 0)
(-5.451014267 -3.428927153 0)
(-5.137394169 -3.87791714 0)
(-4.811231258 -4.262785171 0)
(-4.480753664 -4.591360646 0)
(-4.153034385 -4.870827072 0)
(-3.832239474 -5.108040463 0)
(-3.521457323 -5.30925267 0)
(-3.222978829 -5.479924663 0)
(-2.9377902 -5.624966885 0)
(-2.66638656 -5.748639423 0)
(-2.408786321 -5.854637992 0)
(-2.164663602 -5.946154312 0)
(-1.933417641 -6.025933311 0)
(-1.715190953 -6.096332951 0)
(-1.507402176 -6.159512345 0)
(-1.309330318 -6.217038125 0)
(-1.121442829 -6.270197293 0)
(-0.9460349492 -6.31740149 0)
(-0.7815127691 -6.360137558 0)
(-0.62712506 -6.399194297 0)
(-0.4821947531 -6.43524768 0)
(-0.3460482288 -6.468837888 0)
(-0.2179658584 -6.500411396 0)
(-0.09736383291 -6.530342444 0)
(0.01632692872 -6.558933709 0)
(0.1236335114 -6.5864325 0)
(0.2250524805 -6.613043062 0)
(0.3210360116 -6.638932079 0)
(0.4120065876 -6.664234095 0)
(0.4983543126 -6.689055475 0)
(0.5804322641 -6.71348249 0)
(0.6585755441 -6.737580161 0)
(0.7330826723 -6.761401465 0)
(0.8042346785 -6.784991172 0)
(0.8722881455 -6.808376239 0)
(0.9374673249 -6.831520614 0)
(1 -6.854494959 0)
(-5.796427792 -0.7810337677 0)
(-5.703548132 -1.484420498 0)
(-5.532673295 -2.108404235 0)
(-5.306762791 -2.655733771 0)
(-5.043800436 -3.131000479 0)
(-4.75774787 -3.540771925 0)
(-4.459606592 -3.891952036 0)
(-4.156885967 -4.191756963 0)
(-3.856244672 -4.446748602 0)
(-3.561466281 -4.663225335 0)
(-3.275407494 -4.846935675 0)
(-3.000247118 -5.002878443 0)
(-2.736876348 -5.135566763 0)
(-2.485759109 -5.24891103 0)
(-2.246917244 -5.346304511 0)
(-2.020053007 -5.430679422 0)
(-1.804607425 -5.504559231 0)
(-1.600871786 -5.570114199 0)
(-1.406144422 -5.629359465 0)
(-1.219790386 -5.683710899 0)
(-1.042492913 -5.734322894 0)
(-0.8767224456 -5.779466663 0)
(-0.7209147705 -5.820555747 0)
(-0.5743876283 -5.858309998 0)
(-0.4365340981 -5.893349621 0)
(-0.3067436251 -5.926165846 0)
(-0.1843469249 -5.957164089 0)
(-0.06881683801 -5.986684841 0)
(0.04036546983 -6.015001993 0)
(0.1436801673 -6.042338695 0)
(0.2415811519 -6.068879239 0)
(0.3344803639 -6.094773694 0)
(0.4227636453 -6.120142683 0)
(0.5067873639 -6.145080733 0)
(0.5868728656 -6.169664368 0)
(0.6633271296 -6.193950108 0)
(0.7364218065 -6.217984045 0)
(0.8064139474 -6.241805594 0)
(0.873537955 -6.265436446 0)
(0.9379965303 -6.288830264 0)
(1 -6.312060013 0)
(-5.33890707 -0.7131814616 0)
(-5.258232932 -1.355467422 0)
(-5.104963229 -1.925188007 0)
(-4.900408194 -2.424885841 0)
(-4.661188084 -2.858686405 0)
(-4.400181024 -3.232636861 0)
(-4.127581307 -3.553054959 0)
(-3.850225794 -3.826591898 0)
(-3.574384068 -4.059236312 0)
(-3.303480657 -4.256772284 0)
(-3.040153776 -4.424484025 0)
(-2.786475284 -4.566943892 0)
(-2.543245678 -4.688298394 0)
(-2.310897835 -4.792135186 0)
(-2.089455059 -4.881568343 0)
(-1.878644344 -4.959290459 0)
(-1.677944436 -5.027620403 0)
(-1.48778405 -5.088554914 0)
(-1.305349161 -5.143975934 0)
(-1.130084485 -5.195159555 0)
(-0.9628737522 -5.243136973 0)
(-0.8063104909 -5.286092242 0)
(-0.6588642676 -5.325364039 0)
(-0.5199156496 -5.361609526 0)
(-0.3889217474 -5.395398344 0)
(-0.2653295541 -5.427177385 0)
(-0.1485156033 -5.457314969 0)
(-0.03800449592 -5.486121186 0)
(0.06667671532 -5.513844058 0)
(0.1659653376 -5.540685089 0)
(0.2602762904 -5.566810766 0)
(0.349984739 -5.592356388 0)
(0.4354430362 -5.617430252 0)
(0.5169767108 -5.642116448 0)
(0.594878088 -5.66648295 0)
(0.6694284383 -5.690578844 0)
(0.7408748318 -5.71444425 0)
(0.8094523895 -5.738113989 0)
(0.8753752246 -5.76160521 0)
(0.9388263045 -5.784862345 0)
(1 -5.807960784 0)
(-4.912829525 -0.6510968238 0)
(-4.842698103 -1.237473085 0)
(-4.705073689 -1.757546102 0)
(-4.519727826 -2.213673415 0)
(-4.302008181 -2.609553432 0)
(-4.063781069 -2.950754995 0)
(-3.814486251 -3.243055883 0)
(-3.560331688 -3.492586545 0)
(-3.307221869 -3.704806686 0)
(-3.058244546 -3.885025828 0)
(-2.815832149 -4.038099678 0)
(-2.581954752 -4.168206885 0)
(-2.357326485 -4.279155518 0)
(-2.142349601 -4.374235233 0)
(-1.937047272 -4.456302272 0)
(-1.741168265 -4.527827867 0)
(-1.554225418 -4.590941803 0)
(-1.376774442 -4.647480337 0)
(-1.205896411 -4.699202158 0)
(-1.041109822 -4.747253732 0)
(-0.8834846943 -4.792551811 0)
(-0.7356946267 -4.833236878 0)
(-0.5962459161 -4.870572213 0)
(-0.4645764215 -4.905157915 0)
(-0.3402017587 -4.937517725 0)
(-0.2226214866 -4.968058332 0)
(-0.1112538817 -4.997114488 0)
(-0.005670883156 -5.024968871 0)
(0.09455851109 -5.051846219 0)
(0.1898324138 -5.07792862 0)
(0.2805301044 -5.103366647 0)
(0.3669931039 -5.128282455 0)
(0.4495431284 -5.152773417 0)
(0.5284774906 -5.176914404 0)
(0.6040619502 -5.200765888 0)
(0.6765542548 -5.224370446 0)
(0.7461789668 -5.247763016 0)
(0.8131511337 -5.270974484 0)
(0.8776662915 -5.294018085 0)
(0.9398893224 -5.316829941 0)
(1 -5.339487956 0)
(-4.516094499 -0.5942396562 0)
(-4.455069614 -1.129411402 0)
(-4.33136673 -1.604019794 0)
(-4.163322289 -2.020256003 0)
(-3.965096642 -2.381426626 0)
(-3.747611599 -2.692660578 0)
(-3.519601933 -2.959237955 0)
(-3.286687765 -3.186808951 0)
(-3.05443127 -3.380345021 0)
(-2.825604543 -3.544717589 0)
(-2.602446406 -3.684386725 0)
(-2.386830269 -3.803167452 0)
(-2.179388212 -3.904555273 0)
(-1.980492491 -3.991564577 0)
(-1.790164873 -4.066813395 0)
(-1.608173306 -4.132568395 0)
(-1.434061477 -4.190784541 0)
(-1.2685025 -4.243149631 0)
(-1.108479549 -4.291308262 0)
(-0.9535794614 -4.336286681 0)
(-0.8050453496 -4.378895312 0)
(-0.6655955897 -4.417266478 0)
(-0.5337752222 -4.452588363 0)
(-0.4090744039 -4.485409062 0)
(-0.291062256 -4.516210608 0)
(-0.1792863978 -4.545363187 0)
(-0.07320317652 -4.573171147 0)
(0.02757213659 -4.599892407 0)
(0.123432166 -4.62573073 0)
(0.2147391512 -4.650850756 0)
(0.3018397535 -4.675388822 0)
(0.3850446871 -4.699455367 0)
(0.4646476161 -4.72313807 0)
(0.5409200141 -4.746503653 0)
(0.6141033018 -4.769605996 0)
(0.6844336849 -4.792481974 0)
(0.7521150988 -4.815162027 0)
(0.8173442007 -4.837673672 0)
(0.8802995032 -4.860026767 0)
(0.9411293005 -4.882149956 0)
(1 -4.90412369 0)
(-4.146733226 -0.5421260159 0)
(-4.093574428 -1.030363107 0)
(-3.982275413 -1.463302272 0)
(-3.829834487 -1.842984923 0)
(-3.649304573 -2.172357936 0)
(-3.450726094 -2.456145349 0)
(-3.242175396 -2.699168305 0)
(-3.028723379 -2.90663388 0)
(-2.815611484 -3.083062632 0)
(-2.605316142 -3.232921376 0)
(-2.399894206 -3.360304734 0)
(-2.201127469 -3.468691752 0)
(-2.009570208 -3.561289144 0)
(-1.825565481 -3.640856933 0)
(-1.649132638 -3.709792985 0)
(-1.480056542 -3.770174848 0)
(-1.317908835 -3.823795808 0)
(-1.163471199 -3.872206277 0)
(-1.013635466 -3.916945219 0)
(-0.8680517957 -3.958927363 0)
(-0.7281241328 -3.99886435 0)
(-0.5965868706 -4.03490884 0)
(-0.4720250366 -4.068174884 0)
(-0.3539765726 -4.099163141 0)
(-0.2420595775 -4.128317697 0)
(-0.1358656518 -4.155975558 0)
(-0.03488589857 -4.1824135 0)
(0.06122471132 -4.207867053 0)
(0.152823658 -4.232521056 0)
(0.2402403191 -4.256524455 0)
(0.3237914777 -4.280000828 0)
(0.4037596153 -4.303050162 0)
(0.4804126889 -4.32575152 0)
(0.5539984896 -4.348164413 0)
(0.6247361209 -4.370336923 0)
(0.6928420436 -4.392300929 0)
(0.7585012753 -4.41408296 0)
(0.8218936104 -4.435707653 0)
(0.8831819493 -4.457181956 0)
(0.9424993598 -4.478427766 0)
(1 -4.499528093 0)
(-3.802901763 -0.4943217738 0)
(-3.756537653 -0.9395035322 0)
(-3.656304885 -1.33422124 0)
(-3.517954355 -1.680381334 0)
(-3.353506342 -1.980600182 0)
(-3.172179039 -2.239228982 0)
(-2.981434077 -2.460665436 0)
(-2.785829424 -2.649707575 0)
(-2.590306203 -2.810459381 0)
(-2.397064073 -2.947013842 0)
(-2.207989014 -3.063127882 0)
(-2.024776134 -3.161970001 0)
(-1.847906066 -3.246479994 0)
(-1.677693593 -3.319182736 0)
(-1.514154861 -3.382272536 0)
(-1.357089665 -3.437652045 0)
(-1.206095006 -3.486964975 0)
(-1.062053002 -3.531634563 0)
(-0.9217702854 -3.573101944 0)
(-0.7849556992 -3.61217839 0)
(-0.6531626305 -3.649483769 0)
(-0.5291182524 -3.68321375 0)
(-0.4114481921 -3.71440974 0)
(-0.2997340939 -3.743529087 0)
(-0.1936389282 -3.77098131 0)
(-0.09279457872 -3.797073227 0)
(0.003276090643 -3.822056577 0)
(0.09488170765 -3.846146621 0)
(0.1823475419 -3.869511101 0)
(0.2659728426 -3.892284828 0)
(0.3460470016 -3.914579933 0)
(0.422826606 -3.93648706 0)
(0.4965560351 -3.95807761 0)
(0.5674613569 -3.979404703 0)
(0.6357411953 -4.000511316 0)
(0.7015938996 -4.021424943 0)
(0.7651871223 -4.042168718 0)
(0.8266851845 -4.062764814 0)
(0.886236657 -4.083217671 0)
(0.9439606213 -4.103443097 0)
(1 -4.123526639 0)
(-3.482874126 -0.4504369661 0)
(-3.44237931 -0.8560918795 0)
(-3.35203256 -1.215723669 0)
(-3.226422197 -1.531116958 0)
(-3.076605833 -1.804584244 0)
(-2.911034833 -2.040133185 0)
(-2.736597121 -2.241770628 0)
(-2.557371802 -2.413916844 0)
(-2.378018958 -2.560290809 0)
(-2.200479309 -2.684639983 0)
(-2.026478516 -2.790409126 0)
(-1.85762979 -2.88047959 0)
(-1.694344174 -2.957544374 0)
(-1.536909187 -3.023910904 0)
(-1.385337166 -3.081585219 0)
(-1.239441108 -3.132308176 0)
(-1.098841047 -3.177585062 0)
(-0.9645120349 -3.218721367 0)
(-0.83318126 -3.257067602 0)
(-0.7046119593 -3.293339051 0)
(-0.5804963805 -3.328070314 0)
(-0.4635358949 -3.359517856 0)
(-0.3523968305 -3.388652334 0)
(-0.2467008362 -3.415891507 0)
(-0.1461520256 -3.441613384 0)
(-0.05041920972 -3.466097281 0)
(0.04094569686 -3.489572176 0)
(0.1282179184 -3.512234959 0)
(0.2116931792 -3.534237906 0)
(0.2916430841 -3.555703079 0)
(0.3683318941 -3.576732325 0)
(0.4419924275 -3.597407931 0)
(0.512847423 -3.617794468 0)
(0.5811030069 -3.637939388 0)
(0.6469389962 -3.657881169 0)
(0.7105371133 -3.677643453 0)
(0.7720490602 -3.697246423 0)
(0.8316249484 -3.71671015 0)
(0.8894001873 -3.736036909 0)
(0.9454810011 -3.755137004 0)
(1 -3.774098482 0)
(-3.185035637 -0.4101208338 0)
(-3.149610824 -0.7794618044 0)
(-3.068107561 -1.106862396 0)
(-2.954030886 -1.393997162 0)
(-2.817541186 -1.642899029 0)
(-2.666374851 -1.857258952 0)
(-2.506884545 -2.040722836 0)
(-2.342702464 -2.197361947 0)
(-2.178225831 -2.330539297 0)
(-2.015153236 -2.443682868 0)
(-1.855060032 -2.53994875 0)
(-1.699482173 -2.621952702 0)
(-1.548765031 -2.692159453 0)
(-1.403169934 -2.752675278 0)
(-1.262704967 -2.805332033 0)
(-1.127194811 -2.851720851 0)
(-0.996280437 -2.893218887 0)
(-0.8710229242 -2.931022578 0)
(-0.7480753976 -2.96639847 0)
(-0.6272515206 -2.999972775 0)
(-0.5103725706 -3.03220087 0)
(-0.4000994531 -3.061413706 0)
(-0.2951388845 -3.088513394 0)
(-0.1951491655 -3.113881475 0)
(-0.09987216413 -3.137867196 0)
(-0.009010569098 -3.160724797 0)
(0.07785710933 -3.182662541 0)
(0.1609754201 -3.203860648 0)
(0.2406129656 -3.224457386 0)
(0.3170159671 -3.244563304 0)
(0.3904256104 -3.264270997 0)
(0.461052881 -3.283655263 0)
(0.5291006393 -3.302774584 0)
(0.5947566926 -3.321671373 0)
(0.6581835741 -3.34038014 0)
(0.7195477318 -3.358921142 0)
(0.7789862059 -3.377311993 0)
(0.8366360495 -3.395570973 0)
(0.8926205746 -3.413698492 0)
(0.947034179 -3.431599869 0)
(1 -3.449365597 0)
(-2.907876511 -0.3730574647 0)
(-2.876831325 -0.7090131407 0)
(-2.803249583 -1.006784361 0)
(-2.699627118 -1.267946089 0)
(-2.575288264 -1.494273886 0)
(-2.437302947 -1.689166587 0)
(-2.291524578 -1.855936645 0)
(-2.141168406 -1.998332765 0)
(-1.99038592 -2.119388734 0)
(-1.840649399 -2.222237041 0)
(-1.693393378 -2.309766748 0)
(-1.550081017 -2.384347873 0)
(-1.410995798 -2.448233953 0)
(-1.276373973 -2.503345126 0)
(-1.146219058 -2.551352051 0)
(-1.020366083 -2.593707271 0)
(-0.898475083 -2.631669298 0)
(-0.7816867829 -2.66633355 0)
(-0.6665852796 -2.698888757 0)
(-0.5530309932 -2.729878473 0)
(-0.4429650967 -2.759684466 0)
(-0.3389966495 -2.786722444 0)
(-0.2398721176 -2.811828395 0)
(-0.1452834085 -2.835350702 0)
(-0.05500706128 -2.857612335 0)
(0.03122313189 -2.878844643 0)
(0.1138042917 -2.899237019 0)
(0.192952777 -2.918954534 0)
(0.2689122751 -2.938122758 0)
(0.3419056821 -2.956841826 0)
(0.4121529815 -2.975195999 0)
(0.4798450897 -2.993253359 0)
(0.5451665953 -3.011066946 0)
(0.6082884652 -3.028674692 0)
(0.669357338 -3.046107604 0)
(0.7285256198 -3.063382959 0)
(0.7859168645 -3.080516136 0)
(0.8416561171 -3.097523885 0)
(0.8958555627 -3.114405015 0)
(0.9485987138 -3.131060326 0)
(1 -3.147582686 0)
(-2.649985702 -0.3389619587 0)
(-2.622723837 -0.644204622 0)
(-2.556247298 -0.9147202476 0)
(-2.462111902 -1.151993582 0)
(-2.348863079 -1.357563121 0)
(-2.222949647 -1.534558126 0)
(-2.089759482 -1.68598288 0)
(-1.952118945 -1.815287852 0)
(-1.813949902 -1.925202242 0)
(-1.676513208 -2.018585143 0)
(-1.541111544 -2.098078532 0)
(-1.409139565 -2.165824991 0)
(-1.280822492 -2.2238826 0)
(-1.156372638 -2.273999211 0)
(-1.035788739 -2.317696258 0)
(-0.9189150076 -2.356297966 0)
(-0.8054288472 -2.390952966 0)
(-0.6965447447 -2.422663073 0)
(-0.5887824743 -2.452544896 0)
(-0.4820458164 -2.481065266 0)
(-0.3783873535 -2.508537563 0)
(-0.2803556647 -2.533469673 0)
(-0.1867360692 -2.556634052 0)
(-0.09725131406 -2.578348692 0)
(-0.01170980014 -2.598912537 0)
(0.07012610287 -2.61853602 0)
(0.1486311688 -2.637391324 0)
(0.2239958326 -2.655629741 0)
(0.2964408777 -2.673365312 0)
(0.3661677523 -2.690688746 0)
(0.4333769449 -2.707676788 0)
(0.4982409117 -2.724391482 0)
(0.5609274351 -2.740881003 0)
(0.6215919904 -2.757179293 0)
(0.6803665901 -2.77331426 0)
(0.7373907227 -2.789300554 0)
(0.7927755296 -2.805151612 0)
(0.8466350057 -2.820882884 0)
(0.8990710958 -2.836491792 0)
(0.9501572872 -2.851875041 0)
(1 -2.867127796 0)
(-2.410045014 -0.3075770526 0)
(-2.386051407 -0.5845474706 0)
(-2.325956419 -0.8299753677 0)
(-2.240440431 -1.045263667 0)
(-2.137323349 -1.231732374 0)
(-2.02247527 -1.392261875 0)
(-1.900850081 -1.529571537 0)
(-1.774911526 -1.646835995 0)
(-1.648366995 -1.746502571 0)
(-1.522279895 -1.831177332 0)
(-1.397829529 -1.903273558 0)
(-1.276346142 -1.964723277 0)
(-1.158000171 -2.017403625 0)
(-1.042981134 -2.062902947 0)
(-0.9312828618 -2.102604497 0)
(-0.8227577242 -2.137713665 0)
(-0.7170989686 -2.169277288 0)
(-0.615589408 -2.19821044 0)
(-0.5146888906 -2.225562864 0)
(-0.4143414137 -2.251730181 0)
(-0.3167030842 -2.276962225 0)
(-0.2242556542 -2.299864133 0)
(-0.1358222023 -2.321147517 0)
(-0.0511537967 -2.341102495 0)
(0.02991186157 -2.36000602 0)
(0.1075861283 -2.378049399 0)
(0.1822232687 -2.395389101 0)
(0.2539898625 -2.412163873 0)
(0.3230856241 -2.428477276 0)
(0.3896922674 -2.444411476 0)
(0.4539923438 -2.460036427 0)
(0.5161413187 -2.475408745 0)
(0.5762915066 -2.490572246 0)
(0.634584123 -2.505557314 0)
(0.691137713 -2.520389113 0)
(0.7460798749 -2.535079979 0)
(0.7995103187 -2.549641654 0)
(0.8515328648 -2.564088482 0)
(0.9022400277 -2.578416696 0)
(0.9516960568 -2.592519277 0)
(1 -2.606493604 0)
(-2.186823468 -0.2786701432 0)
(-2.165653232 -0.5295997471 0)
(-2.111297487 -0.7519216263 0)
(-2.033621453 -0.9469644041 0)
(-1.939769342 -1.115846613 0)
(-1.835072131 -1.261218771 0)
(-1.72407922 -1.385536742 0)
(-1.608916314 -1.491719966 0)
(-1.493090548 -1.581954826 0)
(-1.377481005 -1.658613153 0)
(-1.263151598 -1.72389649 0)
(-1.151372076 -1.779541892 0)
(-1.042261405 -1.827258946 0)
(-0.9359874458 -1.868488274 0)
(-0.8325390734 -1.904485157 0)
(-0.7317759128 -1.936344898 0)
(-0.6334056778 -1.965020018 0)
(-0.5387744869 -1.991345189 0)
(-0.4442863689 -2.016308153 0)
(-0.3499226272 -2.040238429 0)
(-0.2579355672 -2.063326808 0)
(-0.1707356633 -2.084278809 0)
(-0.0871825123 -2.103747942 0)
(-0.007053209206 -2.121998745 0)
(0.06978758317 -2.139288024 0)
(0.1435270476 -2.155789576 0)
(0.2145006137 -2.171645514 0)
(0.2828528964 -2.186983146 0)
(0.3487642168 -2.201896502 0)
(0.4123981195 -2.21645999 0)
(0.4739206426 -2.230737427 0)
(0.5334716037 -2.244780537 0)
(0.5911890721 -2.258629228 0)
(0.6472011301 -2.272310707 0)
(0.7016139153 -2.285847705 0)
(0.7545440745 -2.299250514 0)
(0.8060807838 -2.3125294 0)
(0.8563184906 -2.32569777 0)
(0.9053410197 -2.338750831 0)
(0.9532041033 -2.351578178 0)
(1 -2.364279314 0)
(-1.979171956 -0.2520306615 0)
(-1.960440813 -0.4789613641 0)
(-1.91125348 -0.6799904282 0)
(-1.840716252 -0.8563789332 0)
(-1.755344153 -1.009059536 0)
(-1.659966017 -1.140470359 0)
(-1.558754331 -1.252823486 0)
(-1.453519749 -1.348802188 0)
(-1.347582493 -1.43035123 0)
(-1.241649636 -1.499625544 0)
(-1.13667722 -1.558630591 0)
(-1.033878219 -1.608922834 0)
(-0.9333232895 -1.652056675 0)
(-0.8351597551 -1.689335902 0)
(-0.7393715419 -1.721897238 0)
(-0.6458247349 -1.750733991 0)
(-0.5542402705 -1.776711272 0)
(-0.4660229332 -1.800589213 0)
(-0.3775247656 -1.82329806 0)
(-0.2887616817 -1.845105966 0)
(-0.2020753786 -1.866148857 0)
(-0.119802168 -1.885234187 0)
(-0.04083681631 -1.902960124 0)
(0.03501964674 -1.919567708 0)
(0.1078777331 -1.935295274 0)
(0.1779023723 -1.95030058 0)
(0.2454116826 -1.964712604 0)
(0.3105300429 -1.978648221 0)
(0.3734199131 -1.992192774 0)
(0.4342280996 -2.005413627 0)
(0.493105429 -2.018369036 0)
(0.5501772998 -2.031106317 0)
(0.605568655 -2.043661866 0)
(0.6593954742 -2.056060048 0)
(0.7117524576 -2.068321437 0)
(0.7627461596 -2.080454518 0)
(0.8124560448 -2.09246827 0)
(0.8609679202 -2.104375306 0)
(0.9083575998 -2.116169948 0)
(0.9546729589 -2.12773871 0)
(1 -2.139183128 0)
(-1.786018151 -0.2274677528 0)
(-1.769394168 -0.4322696801 0)
(-1.72486729 -0.6136664132 0)
(-1.660837326 -0.77285756 0)
(-1.583233504 -0.9106042126 0)
(-1.496417033 -1.029148167 0)
(-1.404209253 -1.13047591 0)
(-1.308127247 -1.217052083 0)
(-1.211316841 -1.290597674 0)
(-1.114324632 -1.353066718 0)
(-1.018005868 -1.406283049 0)
(-0.9235202852 -1.451635822 0)
(-0.8308932296 -1.490535674 0)
(-0.7402525846 -1.524159613 0)
(-0.6515773809 -1.55353451 0)
(-0.5647394642 -1.579559148 0)
(-0.479471867 -1.603017617 0)
(-0.3972337505 -1.624600932 0)
(-0.3143287491 -1.645186012 0)
(-0.2308048905 -1.664984033 0)
(-0.1490869384 -1.684079949 0)
(-0.07143544121 -1.701383401 0)
(0.003221086299 -1.71743997 0)
(0.07505958954 -1.732469092 0)
(0.1441677093 -1.746692161 0)
(0.210689877 -1.760252221 0)
(0.2749282899 -1.773266231 0)
(0.3369886735 -1.785841534 0)
(0.3970170277 -1.798055552 0)
(0.4551447315 -1.809969242 0)
(0.5115085908 -1.821635819 0)
(0.5662207102 -1.833098617 0)
(0.619393931 -1.844390876 0)
(0.6711330739 -1.855534415 0)
(0.7215222906 -1.866547891 0)
(0.7706588298 -1.877438191 0)
(0.8186131979 -1.88821317 0)
(0.8654632332 -1.89888477 0)
(0.9112773609 -1.909446553 0)
(0.9560962049 -1.919782222 0)
(1 -1.929995254 0)
(-1.606361685 -0.2048082238 0)
(-1.591558146 -0.3891956027 0)
(-1.551239118 -0.552481914 0)
(-1.493146828 -0.69581076 0)
(-1.422665178 -0.8197848077 0)
(-1.343719963 -0.9264643158 0)
(-1.259805437 -1.01762694 0)
(-1.172165187 -1.09553488 0)
(-1.083782363 -1.16170182 0)
(-0.995053893 -1.21789568 0)
(-0.906740884 -1.265772014 0)
(-0.8199531827 -1.306564949 0)
(-0.7346736699 -1.341551902 0)
(-0.6510118579 -1.3717924 0)
(-0.5689419713 -1.398211499 0)
(-0.4883409993 -1.42162037 0)
(-0.4089530499 -1.442727988 0)
(-0.3322876946 -1.46216127 0)
(-0.2546034978 -1.480747667 0)
(-0.1759782871 -1.498645457 0)
(-0.09891401608 -1.515892224 0)
(-0.0255949152 -1.531499026 0)
(0.04501821845 -1.545961567 0)
(0.1130820505 -1.559479417 0)
(0.1786631393 -1.572258405 0)
(0.2418870244 -1.584428081 0)
(0.3030412513 -1.596094389 0)
(0.362214342 -1.607355955 0)
(0.4195371204 -1.618282975 0)
(0.4751267377 -1.628930568 0)
(0.5291070706 -1.639347377 0)
(0.5815779611 -1.649573133 0)
(0.6326410875 -1.659638234 0)
(0.6823909766 -1.669562219 0)
(0.7309020467 -1.679362037 0)
(0.7782629621 -1.68904316 0)
(0.8245359618 -1.698612461 0)
(0.8697915317 -1.708081316 0)
(0.9140912776 -1.717442633 0)
(0.9574691291 -1.726577552 0)
(1 -1.735591395 0)
(-1.439269584 -0.1838947261 0)
(-1.426038824 -0.3494401381 0)
(-1.389523832 -0.4960120487 0)
(-1.33685484 -0.6247029824 0)
(-1.272908159 -0.7359692527 0)
(-1.201204217 -0.831703201 0)
(-1.124932651 -0.9134891196 0)
(-1.045082296 -0.9834017134 0)
(-0.9644846015 -1.042762577 0)
(-0.8833969431 -1.093167175 0)
(-0.8024925326 -1.13611512 0)
(-0.7228344963 -1.172696853 0)
(-0.6443659424 -1.204066326 0)
(-0.5671790465 -1.231174171 0)
(-0.4912433455 -1.254851072 0)
(-0.4164404273 -1.275826974 0)
(-0.3425245496 -1.294741202 0)
(-0.271052025 -1.312161222 0)
(-0.198239461 -1.328868592 0)
(-0.1241923414 -1.34497247 0)
(-0.051484349 -1.360466426 0)
(0.01777631373 -1.374461332 0)
(0.08459805485 -1.387405676 0)
(0.1491188562 -1.399480739 0)
(0.2113858327 -1.410878056 0)
(0.2715071033 -1.42171478 0)
(0.3297567216 -1.432086752 0)
(0.3862073356 -1.442084626 0)
(0.4409757693 -1.451771992 0)
(0.4941660471 -1.461198649 0)
(0.5458901167 -1.470409086 0)
(0.5962365032 -1.479439771 0)
(0.6452965832 -1.488318541 0)
(0.6931553828 -1.497062885 0)
(0.7398783352 -1.505688235 0)
(0.7855461816 -1.514198803 0)
(0.8302135281 -1.522600607 0)
(0.8739440729 -1.530904546 0)
(0.9167931265 -1.539102965 0)
(0.9587884342 -1.547074664 0)
(1 -1.554926716 0)
(-1.283871957 -0.1645841445 0)
(-1.272000041 -0.3127313306 0)
(-1.238928324 -0.4438703704 0)
(-1.191217523 -0.5590471569 0)
(-1.133271541 -0.6585827502 0)
(-1.068233463 -0.7442141234 0)
(-0.9990092723 -0.8173464851 0)
(-0.9263505528 -0.8798808442 0)
(-0.8529473281 -0.9329607738 0)
(-0.7789268825 -0.9780219035 0)
(-0.7048803932 -1.016419313 0)
(-0.6318272602 -1.049110244 0)
(-0.5596733634 -1.077134202 0)
(-0.4884945391 -1.10134087 0)
(-0.4182557765 -1.122473435 0)
(-0.3488427809 -1.141186528 0)
(-0.2800191184 -1.158054882 0)
(-0.2133844473 -1.173590815 0)
(-0.145116322 -1.188533303 0)
(-0.07534589445 -1.202945888 0)
(-0.006713502937 -1.216781244 0)
(0.05874771244 -1.229247812 0)
(0.1220168557 -1.240749451 0)
(0.183214686 -1.251450602 0)
(0.2423703774 -1.261529651 0)
(0.299575977 -1.271092361 0)
(0.3550931074 -1.280225305 0)
(0.408979763 -1.289011829 0)
(0.4613398469 -1.297509487 0)
(0.5122652662 -1.305763222 0)
(0.5618569576 -1.313813741 0)
(0.6101929974 -1.321694558 0)
(0.6573552512 -1.329431196 0)
(0.7034199726 -1.337039303 0)
(0.7484442965 -1.344532955 0)
(0.7925016486 -1.351915247 0)
(0.8356395844 -1.359191449 0)
(0.8779155337 -1.36637206 0)
(0.9193789921 -1.37344894 0)
(0.9600519908 -1.380298749 0)
(1 -1.387030222 0)
(-1.139357929 -0.1467461667 0)
(-1.128660056 -0.2788215467 0)
(-1.09870888 -0.3957050039 0)
(-1.055535191 -0.4983998181 0)
(-1.003103272 -0.5871020082 0)
(-0.9442049915 -0.6634047483 0)
(-0.8814822417 -0.7285473495 0)
(-0.8154656878 -0.7842698749 0)
(-0.7487135326 -0.8315508807 0)
(-0.6812318201 -0.8716778347 0)
(-0.6135351863 -0.905871827 0)
(-0.5466021293 -0.9349666073 0)
(-0.4803037014 -0.9598955722 0)
(-0.4147003575 -0.9814148032 0)
(-0.3497526955 -1.000186356 0)
(-0.2853501119 -1.01679502 0)
(-0.2212647169 -1.031755614 0)
(-0.1591363711 -1.045529293 0)
(-0.09510628223 -1.058815517 0)
(-0.02932942845 -1.071635473 0)
(0.03549191153 -1.083903828 0)
(0.09739816164 -1.09492385 0)
(0.1573406007 -1.105057277 0)
(0.2154241038 -1.114453034 0)
(0.2716612832 -1.123277407 0)
(0.3261293516 -1.131625687 0)
(0.3790784719 -1.13957593 0)
(0.4305531049 -1.147204789 0)
(0.480645224 -1.15456429 0)
(0.529435546 -1.16169494 0)
(0.5770148393 -1.168634005 0)
(0.6234515292 -1.175412315 0)
(0.6688186958 -1.182053302 0)
(0.7131844898 -1.188570958 0)
(0.7565983791 -1.194978145 0)
(0.7991270316 -1.201276969 0)
(0.8408114879 -1.207472041 0)
(0.8817033864 -1.213573526 0)
(0.9218468497 -1.21957287 0)
(0.9612586267 -1.225344774 0)
(1 -1.230999543 0)
(-1.004971799 -0.1302620119 0)
(-0.9952883333 -0.2474850603 0)
(-0.9681685975 -0.3511952128 0)
(-0.9291503373 -0.4423567717 0)
(-0.8817887647 -0.521050116 0)
(-0.8285488901 -0.5887352925 0)
(-0.7718267575 -0.6464978965 0)
(-0.711947351 -0.6959288298 0)
(-0.6513460339 -0.73785366 0)
(-0.5899158807 -0.7734224885 0)
(-0.5281001332 -0.8037321718 0)
(-0.4668390485 -0.8295019452 0)
(-0.4059711138 -0.8515668128 0)
(-0.3455423201 -0.8705960557 0)
(-0.2855090415 -0.8871764876 0)
(-0.2257639879 -0.9018281168 0)
(-0.1660871176 -0.9150101864 0)
(-0.1081555839 -0.9271363779 0)
(-0.04807677013 -0.938869479 0)
(0.01397222774 -0.9501913387 0)
(0.07523157147 -0.9609813117 0)
(0.1338133376 -0.9706343737 0)
(0.1906424349 -0.9794725637 0)
(0.2458090818 -0.987630498 0)
(0.2993105953 -0.9952633267 0)
(0.3512104893 -1.0024567 0)
(0.4017483576 -1.00928085 0)
(0.450956157 -1.015806289 0)
(0.498914841 -1.022079975 0)
(0.545694788 -1.028138364 0)
(0.5913773732 -1.034015582 0)
(0.6360221031 -1.039740022 0)
(0.6796939405 -1.045333223 0)
(0.7224535479 -1.050807683 0)
(0.7643433069 -1.056175181 0)
(0.8054236404 -1.061436938 0)
(0.8457295669 -1.066596993 0)
(0.8853073718 -1.07166523 0)
(0.9241962113 -1.076632738 0)
(0.9624079497 -1.081372425 0)
(1 -1.085996081 0)
(-0.88000944 -0.1150232993 0)
(-0.8712024794 -0.2185159038 0)
(-0.8466548642 -0.3100483437 0)
(-0.8114456448 -0.3905492379 0)
(-0.7687494278 -0.4599919851 0)
(-0.7207270609 -0.5197133528 0)
(-0.669545754 -0.5706564795 0)
(-0.6153390214 -0.6142740011 0)
(-0.5604277788 -0.6512496247 0)
(-0.5045998584 -0.6826060739 0)
(-0.4482319262 -0.7093249989 0)
(-0.3922285031 -0.73201943 0)
(-0.3363976408 -0.7514331196 0)
(-0.2807717418 -0.7681548434 0)
(-0.2253031319 -0.7827016243 0)
(-0.1698874993 -0.7955333791 0)
(-0.1143120161 -0.8070577888 0)
(-0.06028843324 -0.8176444813 0)
(-0.003892660452 -0.8279222076 0)
(0.05467767289 -0.8378362825 0)
(0.1126092399 -0.8472332455 0)
(0.1680835452 -0.855596398 0)
(0.2220005493 -0.863210402 0)
(0.2744369407 -0.8701966767 0)
(0.3253759044 -0.8767001119 0)
(0.3748683001 -0.8827974825 0)
(0.423143968 -0.8885518258 0)
(0.4702233083 -0.8940280126 0)
(0.5161770909 -0.8992683595 0)
(0.5610661397 -0.9043056116 0)
(0.604963148 -0.9091710303 0)
(0.6479193787 -0.9138907912 0)
(0.6899922906 -0.9184847201 0)
(0.7312356241 -0.9229639646 0)
(0.7716852087 -0.9273393345 0)
(0.8113956942 -0.9316112628 0)
(0.8503965305 -0.9357832844 0)
(0.8887290536 -0.9398650517 0)
(0.9264278273 -0.943847347 0)
(0.9635001974 -0.9476014343 0)
(1 -0.9512405047 0)
(-0.7638148977 -0.1009310396 0)
(-0.7557653146 -0.1917259524 0)
(-0.7335569009 -0.2719971031 0)
(-0.7018420023 -0.3426404143 0)
(-0.6634411328 -0.4035302863 0)
(-0.6202321258 -0.4558892992 0)
(-0.5741692169 -0.5005285435 0)
(-0.5252077022 -0.5387724671 0)
(-0.4755618882 -0.5711732147 0)
(-0.42492158 -0.5986353768 0)
(-0.3736013782 -0.6220337526 0)
(-0.322472421 -0.6418828603 0)
(-0.2713143278 -0.6588418114 0)
(-0.2201467459 -0.6734247039 0)
(-0.1689181324 -0.6860838185 0)
(-0.1175268565 -0.6972233224 0)
(-0.06576672557 -0.7072030532 0)
(-0.01538159157 -0.7163517549 0)
(0.0375819194 -0.725266585 0)
(0.09290711401 -0.7338589255 0)
(0.1477309596 -0.7419448232 0)
(0.2003019341 -0.7490923373 0)
(0.2514964316 -0.7555509787 0)
(0.3013786451 -0.7614299873 0)
(0.3499186981 -0.7668647959 0)
(0.3971557555 -0.7719240028 0)
(0.4433106532 -0.7766640232 0)
(0.4883931059 -0.7811445464 0)
(0.53246447 -0.7854036286 0)
(0.5755767352 -0.7894706165 0)
(0.6177945687 -0.793374155 0)
(0.65916161 -0.797138401 0)
(0.6997283791 -0.8007816243 0)
(0.7395422152 -0.8043137539 0)
(0.7786328875 -0.8077447294 0)
(0.8170497073 -0.81107428 0)
(0.8548169732 -0.8143054992 0)
(0.8919714436 -0.8174478477 0)
(0.9285434343 -0.8204918443 0)
(0.9645361103 -0.8233072456 0)
(1 -0.8260085619 0)
(-0.6557772061 -0.08789473521 0)
(-0.648382089 -0.1669432154 0)
(-0.6283033915 -0.2367971273 0)
(-0.5997965429 -0.2983224102 0)
(-0.5653526564 -0.3513018256 0)
(-0.5265862522 -0.3968521642 0)
(-0.4852533731 -0.4356620955 0)
(-0.4411434501 -0.4689372027 0)
(-0.3963714987 -0.497107602 0)
(-0.3505360339 -0.5209683083 0)
(-0.3038938074 -0.5412950062 0)
(-0.2572847866 -0.558510825 0)
(-0.2104620394 -0.5731963571 0)
(-0.1634332504 -0.5857964199 0)
(-0.1161431893 -0.5967032275 0)
(-0.06849264175 -0.6062692197 0)
(-0.02028152173 -0.6148098368 0)
(0.02671653042 -0.6226158765 0)
(0.07648213256 -0.630255168 0)
(0.1287808904 -0.6376075761 0)
(0.1807035807 -0.6444608121 0)
(0.2305630392 -0.6504640133 0)
(0.27921343 -0.655833664 0)
(0.3267074006 -0.6606677596 0)
(0.3730029984 -0.6650930115 0)
(0.4181285763 -0.6691704809 0)
(0.4622966538 -0.6729504851 0)
(0.5055070628 -0.67648795 0)
(0.5478124542 -0.679817019 0)
(0.5892566477 -0.6829639237 0)
(0.629896887 -0.6859549168 0)
(0.6697697602 -0.6888123148 0)
(0.7089193687 -0.6915529744 0)
(0.7473871305 -0.6941857216 0)
(0.7851972075 -0.6967197149 0)
(0.8223939727 -0.6991540541 0)
(0.858996958 -0.7014914451 0)
(0.8950386868 -0.703741191 0)
(0.9305455445 -0.7058935846 0)
(0.9655168259 -0.7078169986 0)
(1 -0.7096271851 0)
(-0.5553273939 -0.07583157595 0)
(-0.548497838 -0.1440103088 0)
(-0.5303601987 -0.2042248113 0)
(-0.5048007219 -0.257313506 0)
(-0.4740041119 -0.302974306 0)
(-0.4393399259 -0.3422259719 0)
(-0.402379787 -0.3756436588 0)
(-0.3627587746 -0.4043227138 0)
(-0.3224994442 -0.4285800519 0)
(-0.2811153064 -0.4491090375 0)
(-0.2388092067 -0.4665934042 0)
(-0.1963920167 -0.481371491 0)
(-0.1535920189 -0.4939510408 0)
(-0.1104056857 -0.5047125898 0)
(-0.06677428113 -0.5139926175 0)
(-0.02260077108 -0.5220955624 0)
(0.02230930637 -0.5292956616 0)
(0.06615466611 -0.5358484897 0)
(0.1129412702 -0.5422946485 0)
(0.1624182882 -0.5484847279 0)
(0.2116335722 -0.5541801084 0)
(0.258961597 -0.5591072703 0)
(0.3052355826 -0.5634516952 0)
(0.350497506 -0.5673009923 0)
(0.3946942448 -0.5707738263 0)
(0.437844153 -0.573924307 0)
(0.4801520662 -0.5767971335 0)
(0.5216086723 -0.5794428491 0)
(0.5622585696 -0.581892002 0)
(0.6021380187 -0.5841679658 0)
(0.6412973961 -0.5862948039 0)
(0.6797667649 -0.5882931533 0)
(0.7175842875 -0.5901785857 0)
(0.7547859024 -0.5919589283 0)
(0.7913905828 -0.5936426366 0)
(0.8274381314 -0.5952282472 0)
(0.8629436685 -0.5967181252 0)
(0.897935798 -0.5981214453 0)
(0.9324372674 -0.5994283064 0)
(0.9664437888 -0.6005058096 0)
(1 -0.6014708747 0)
(-0.461935678 -0.0646657199 0)
(-0.4555948774 -0.1227830884 0)
(-0.4392281723 -0.1740753659 0)
(-0.4163784418 -0.2193557026 0)
(-0.3889453879 -0.258243431 0)
(-0.3580706924 -0.2916664541 0)
(-0.3251543917 -0.3200946547 0)
(-0.289687941 -0.3445211317 0)
(-0.2536078092 -0.3651577749 0)
(-0.2163483673 -0.382603638 0)
(-0.178062238 -0.39745714 0)
(-0.1395331433 -0.409977942 0)
(-0.1004662362 -0.4206061903 0)
(-0.0608474878 -0.429662772 0)
(-0.0206148356 -0.4374324453 0)
(0.02032678435 -0.4441751017 0)
(0.06216665172 -0.4501267348 0)
(0.1030778234 -0.4555102217 0)
(0.1470898367 -0.4608408853 0)
(0.1939365982 -0.4659421223 0)
(0.2406260711 -0.4705508451 0)
(0.2855915921 -0.4744671342 0)
(0.3296466719 -0.4778473913 0)
(0.3728234215 -0.4807696285 0)
(0.415058384 -0.4833450826 0)
(0.4563606635 -0.4856214494 0)
(0.496927993 -0.4876382488 0)
(0.5367425982 -0.4894419899 0)
(0.5758416256 -0.4910599145 0)
(0.6142543408 -0.4925127721 0)
(0.6520247649 -0.4938226212 0)
(0.6891769217 -0.4950085645 0)
(0.7257434767 -0.4960850042 0)
(0.7617552969 -0.497058861 0)
(0.7972265514 -0.4979379578 0)
(0.8321928132 -0.4987203261 0)
(0.866665118 -0.4994080314 0)
(0.9006684414 -0.5000101443 0)
(0.9342221629 -0.5005165973 0)
(0.9673186766 -0.5007933229 0)
(1 -0.5009583373 0)
(-0.3769368381 -0.05454487511 0)
(-0.3710098622 -0.1035423954 0)
(-0.3562267211 -0.1467476199 0)
(-0.3358176807 -0.1849509577 0)
(-0.31142295 -0.217700478 0)
(-0.2839767105 -0.24584163 0)
(-0.2547227258 -0.2697487069 0)
(-0.2230216363 -0.2903219506 0)
(-0.1907314575 -0.3076778501 0)
(-0.157214442 -0.3223297889 0)
(-0.1225774163 -0.3347986847 0)
(-0.08757931007 -0.3452727209 0)
(-0.05190415416 -0.3541306344 0)
(-0.01552829755 -0.3616391199 0)
(0.02161340603 -0.3680359443 0)
(0.05961427505 -0.3735405224 0)
(0.09865891164 -0.3783540961 0)
(0.1368970575 -0.3826698256 0)
(0.1783797166 -0.386980056 0)
(0.2228269196 -0.3910834554 0)
(0.2672103414 -0.3946946777 0)
(0.3100181915 -0.3976822039 0)
(0.352045844 -0.400175756 0)
(0.393316476 -0.4022446607 0)
(0.4337572678 -0.4039934393 0)
(0.473368943 -0.4054639909 0)
(0.5123428055 -0.4066911585 0)
(0.5506534116 -0.4077178133 0)
(0.5883311556 -0.4085682183 0)
(0.6253989635 -0.4092607629 0)
(0.6618950972 -0.4098157055 0)
(0.6978381065 -0.4102507759 0)
(0.7332556751 -0.4105793322 0)
(0.7681740726 -0.4108074893 0)
(0.8026031135 -0.4109425116 0)
(0.8365745368 -0.4109819865 0)
(0.8700956753 -0.4109277211 0)
(0.9031882153 -0.410788704 0)
(0.9358684829 -0.4105547283 0)
(0.9681258637 -0.4100906739 0)
(1 -0.4095155642 0)
(-0.30688245 -0.04623321341 0)
(-0.3012743528 -0.08774104206 0)
(-0.2877761607 -0.1243049417 0)
(-0.2693604157 -0.1566967649 0)
(-0.2474533836 -0.1844060307 0)
(-0.2228181542 -0.2082104008 0)
(-0.1965696185 -0.2284055454 0)
(-0.1679605317 -0.2458153201 0)
(-0.1387841753 -0.2604777191 0)
(-0.1083432991 -0.2728356364 0)
(-0.07670692236 -0.2833462196 0)
(-0.04461348297 -0.2921388347 0)
(-0.0117295519 -0.2995416857 0)
(0.02197649827 -0.3057768723 0)
(0.05657239559 -0.3110434904 0)
(0.09215005403 -0.3155276432 0)
(0.1288902485 -0.3194019699 0)
(0.1649235313 -0.3228351686 0)
(0.2043186058 -0.3263006679 0)
(0.2467840776 -0.3295767699 0)
(0.2892617249 -0.3323597908 0)
(0.3302859127 -0.3345755988 0)
(0.3706369254 -0.3363317737 0)
(0.4103306099 -0.3376905197 0)
(0.4492864598 -0.3387508552 0)
(0.4874983196 -0.339549931 0)
(0.5251522193 -0.3401187622 0)
(0.5622164175 -0.3404972454 0)
(0.5987157646 -0.3407072107 0)
(0.6346679814 -0.340765122 0)
(0.6701066006 -0.3406897724 0)
(0.7050456769 -0.3404977763 0)
(0.7395088024 -0.3402016464 0)
(0.7735184719 -0.3398068471 0)
(0.8070809231 -0.3393201946 0)
(0.8402247462 -0.3387389217 0)
(0.8729542325 -0.3380646325 0)
(0.9052883668 -0.3373062574 0)
(0.9372409674 -0.336453483 0)
(0.9687989478 -0.3353703296 0)
(1 -0.3341766574 0)
(-0.2491485618 -0.03940350906 0)
(-0.2437882063 -0.07475698576 0)
(-0.2313352761 -0.1058637686 0)
(-0.2145498647 -0.1334805437 0)
(-0.194681871 -0.1570487009 0)
(-0.1723533326 -0.1772901524 0)
(-0.1485728818 -0.1944358804 0)
(-0.1225043142 -0.2092468869 0)
(-0.09588751256 -0.2216965663 0)
(-0.06797614415 -0.2321698004 0)
(-0.03880802853 -0.2410712532 0)
(-0.009104675191 -0.24848188 0)
(0.02148176857 -0.254688294 0)
(0.05298953511 -0.2598758898 0)
(0.08548850742 -0.2642119327 0)
(0.1190694652 -0.2678551058 0)
(0.153910048 -0.2709545022 0)
(0.1881250118 -0.2736586809 0)
(0.2257976512 -0.276425495 0)
(0.2666271636 -0.2790164724 0)
(0.3075306964 -0.2811128219 0)
(0.3470812838 -0.2826883931 0)
(0.3860466783 -0.2838324143 0)
(0.4244367078 -0.2846012434 0)
(0.4621645517 -0.285089386 0)
(0.4992184042 -0.2853300992 0)
(0.5357799655 -0.2853512613 0)
(0.5718123201 -0.285190334 0)
(0.6073357638 -0.2848671572 0)
(0.6423637408 -0.2843966213 0)
(0.6769258985 -0.2837963241 0)
(0.711032598 -0.283081972 0)
(0.7447040698 -0.2822653909 0)
(0.7779597064 -0.2813515184 0)
(0.8108028064 -0.2803468098 0)
(0.8432593726 -0.2792482132 0)
(0.8753311969 -0.2780571724 0)
(0.907035044 -0.2767825759 0)
(0.9383826711 -0.2754140284 0)
(0.96935896 -0.2738148471 0)
(1 -0.2721055862 0)
(-0.201570786 -0.03378893011 0)
(-0.1964043747 -0.06408298122 0)
(-0.1848035333 -0.09070361221 0)
(-0.1693532448 -0.1143950966 0)
(-0.1511580325 -0.1345592457 0)
(-0.1307236605 -0.1518721076 0)
(-0.1089711595 -0.1665114296 0)
(-0.08499098278 -0.1791864832 0)
(-0.06047897347 -0.1898174882 0)
(-0.03464832093 -0.1987415738 0)
(-0.007511104508 -0.2063202009 0)
(0.02022514373 -0.2125944733 0)
(0.04892018648 -0.2178167665 0)
(0.07861772036 -0.2221422584 0)
(0.1093894227 -0.2257120103 0)
(0.1413251541 -0.2286621309 0)
(0.1745999835 -0.2311223273 0)
(0.2073156611 -0.2332245758 0)
(0.2435675094 -0.2354139038 0)
(0.2830469778 -0.2374380227 0)
(0.3226509208 -0.2389656948 0)
(0.3609846683 -0.2400107769 0)
(0.3988055795 -0.2406473036 0)
(0.4361185376 -0.2409268315 0)
(0.4728315325 -0.2409401615 0)
(0.5089281144 -0.2407173558 0)
(0.5445864274 -0.24028372 0)
(0.5797653024 -0.23967472 0)
(0.6144812919 -0.2389085658 0)
(0.6487443244 -0.2379988603 0)
(0.6825808539 -0.2369622246 0)
(0.7159982051 -0.2358136241 0)
(0.7490138449 -0.2345643261 0)
(0.7816446157 -0.23321884 0)
(0.8138913996 -0.2317833292 0)
(0.8457780726 -0.2302545126 0)
(0.8773043713 -0.2286337064 0)
(0.9084852353 -0.226929769 0)
(0.9393307272 -0.2251322416 0)
(0.9698240582 -0.2231038653 0)
(1 -0.2209657696 0)
(-0.1623641813 -0.02917151391 0)
(-0.1573506569 -0.05530467711 0)
(-0.1464456713 -0.07823593977 0)
(-0.1320898843 -0.09869940486 0)
(-0.1152679988 -0.1160643263 0)
(-0.09638993997 -0.1309690108 0)
(-0.07630452699 -0.1435473871 0)
(-0.05404175278 -0.1544661432 0)
(-0.03126114665 -0.1636017219 0)
(-0.00714252171 -0.1712519384 0)
(0.01832327343 -0.1777426851 0)
(0.04444024329 -0.1830822547 0)
(0.07157798099 -0.1874948343 0)
(0.09978470041 -0.1911107232 0)
(0.1291335701 -0.1940494073 0)
(0.159713704 -0.196428408 0)
(0.191698061 -0.1983614696 0)
(0.2231776826 -0.1999669128 0)
(0.2582578052 -0.2016792024 0)
(0.2966234966 -0.2032346689 0)
(0.3351548926 -0.2042918205 0)
(0.3724842272 -0.2048977985 0)
(0.4093602507 -0.2051140691 0)
(0.4457837817 -0.2049882436 0)
(0.4816585432 -0.2046080802 0)
(0.5169642672 -0.2040010171 0)
(0.551876175 -0.2031902483 0)
(0.5863495999 -0.2022096028 0)
(0.6203980161 -0.201075954 0)
(0.6540284613 -0.1998018502 0)
(0.6872647632 -0.1984031132 0)
(0.7201117495 -0.1968941031 0)
(0.7525846145 -0.1952856313 0)
(0.7846981034 -0.1935818585 0)
(0.8164511109 -0.1917887119 0)
(0.8478657638 -0.1899027245 0)
(0.8789401082 -0.1879251108 0)
(0.9096875828 -0.1858647074 0)
(0.9401168566 -0.1837110053 0)
(0.9702097662 -0.181326274 0)
(1 -0.1788321188 0)
(-0.1300569812 -0.02537295762 0)
(-0.1251647338 -0.048083112 0)
(-0.1148288679 -0.06797930662 0)
(-0.1013711014 -0.08578730316 0)
(-0.08567738672 -0.1008495662 0)
(-0.06807865968 -0.1137733389 0)
(-0.0493642193 -0.124656476 0)
(-0.02851422288 -0.1341306067 0)
(-0.00715826055 -0.1420361283 0)
(0.01555137116 -0.1486384858 0)
(0.03964133151 -0.1542342841 0)
(0.06442514395 -0.1588047987 0)
(0.09028051293 -0.1625510055 0)
(0.1172593845 -0.1655827181 0)
(0.1454361644 -0.1680016561 0)
(0.1748993586 -0.1699100347 0)
(0.2058201934 -0.1714084527 0)
(0.2362808915 -0.1726039847 0)
(0.2703948599 -0.1739223962 0)
(0.3078419103 -0.1750906427 0)
(0.3454884046 -0.1757587844 0)
(0.3819889433 -0.1760016043 0)
(0.4180851531 -0.1758701799 0)
(0.4537745098 -0.1754088787 0)
(0.4889572271 -0.1747029585 0)
(0.5236098966 -0.1737777017 0)
(0.5579053363 -0.1726545677 0)
(0.5917960021 -0.1713660415 0)
(0.6252928365 -0.1699279002 0)
(0.658400499 -0.1683518272 0)
(0.6911406571 -0.1666529892 0)
(0.7235160843 -0.1648452513 0)
(0.7555401053 -0.1629390522 0)
(0.78722574 -0.1609382684 0)
(0.8185702481 -0.1588486347 0)
(0.8495943174 -0.1566665337 0)
(0.8802946035 -0.1543930981 0)
(0.9106833098 -0.1520371483 0)
(0.9407679589 -0.149588136 0)
(0.9705292566 -0.1469079434 0)
(1 -0.1441185697 0)
(-0.103435817 -0.02224722435 0)
(-0.09864030854 -0.04214066054 0)
(-0.08877049122 -0.05953939138 0)
(-0.07605006426 -0.07516233214 0)
(-0.06128359881 -0.08832989935 0)
(-0.04473693285 -0.09962376409 0)
(-0.02715030977 -0.1091120793 0)
(-0.007462812162 -0.1173976063 0)
(0.01272065039 -0.1242910602 0)
(0.03427046437 -0.1300312295 0)
(0.05722772449 -0.1348906018 0)
(0.08091380629 -0.1388282035 0)
(0.1057131053 -0.1420258962 0)
(0.1316806496 -0.1445766229 0)
(0.1588918701 -0.1465674722 0)
(0.1874347768 -0.1480880542 0)
(0.2174791722 -0.1492281411 0)
(0.2471000161 -0.1500855451 0)
(0.2804174494 -0.1510788667 0)
(0.3171069542 -0.1519273385 0)
(0.3540235441 -0.1522740603 0)
(0.3898403839 -0.1522167381 0)
(0.4252932097 -0.1517978666 0)
(0.460376748 -0.151059146 0)
(0.4949883248 -0.1500837781 0)
(0.529101948 -0.1488952731 0)
(0.5628884589 -0.1475136648 0)
(0.5962979461 -0.1459703348 0)
(0.6293392686 -0.1442801593 0)
(0.6620151293 -0.142454112 0)
(0.6943454181 -0.1405068229 0)
(0.7263312183 -0.1384517511 0)
(0.7579843161 -0.1362990304 0)
(0.7893163118 -0.1340523052 0)
(0.8203231196 -0.1317171536 0)
(0.8510242432 -0.1292898356 0)
(0.8814151936 -0.1267714181 0)
(0.9115071583 -0.1241707095 0)
(0.9413067161 -0.1214771304 0)
(0.9707936421 -0.1185522451 0)
(1 -0.115518378 0)
(-0.08150046626 -0.01967458291 0)
(-0.07678250143 -0.03724970423 0)
(-0.06729472694 -0.05259290226 0)
(-0.05518006905 -0.06641746916 0)
(-0.04117603513 -0.07802567212 0)
(-0.02549481641 -0.08797812803 0)
(-0.008836227983 -0.09631853151 0)
(0.009894499221 -0.1036258715 0)
(0.02911279915 -0.1096864185 0)
(0.049707755 -0.1147170084 0)
(0.07173236214 -0.1189702663 0)
(0.09451447183 -0.122386895 0)
(0.118443998 -0.125133014 0)
(0.1435785125 -0.1272876723 0)
(0.1699942953 -0.1289259084 0)
(0.1977789507 -0.1301269506 0)
(0.2271011109 -0.1309716542 0)
(0.2560297539 -0.1315502022 0)
(0.2886905696 -0.1322752933 0)
(0.3247554739 -0.1328597979 0)
(0.3610701307 -0.1329410816 0)
(0.3963230924 -0.1326358372 0)
(0.4312452274 -0.1319794727 0)
(0.4658289999 -0.1310114935 0)
(0.4999693596 -0.1298134107 0)
(0.5336381882 -0.1284072771 0)
(0.5670047007 -0.1268119545 0)
(0.6000170373 -0.1250579173 0)
(0.6326823423 -0.123159302 0)
(0.6650017082 -0.1211264993 0)
(0.6969935622 -0.1189736984 0)
(0.7286575961 -0.1167140258 0)
(0.7600043303 -0.1143573655 0)
(0.7910441964 -0.1119071719 0)
(0.8217720012 -0.1093688951 0)
(0.8522062737 -0.1067386955 0)
(0.8823415832 -0.1040175864 0)
(0.9121882806 -0.1012143676 0)
(0.9417521679 -0.09831843457 0)
(0.9710122544 -0.09519109046 0)
(1 -0.09195492836 0)
(-0.06342648899 -0.01755678649 0)
(-0.05877094632 -0.03322346673 0)
(-0.04959662311 -0.04687455863 0)
(-0.03797988656 -0.05921873341 0)
(-0.02460298085 -0.06954331599 0)
(-0.009633889212 -0.0783915866 0)
(0.006260889793 -0.08578709762 0)
(0.02420402251 -0.09228925999 0)
(0.04262771016 -0.09766421144 0)
(0.06243644567 -0.1021107074 0)
(0.08369303429 -0.1058650141 0)
(0.105730667 -0.1088527425 0)
(0.1289438079 -0.1112270464 0)
(0.1533921282 -0.1130555311 0)
(0.1791526099 -0.1144033101 0)
(0.2063125252 -0.1153410608 0)
(0.2350395441 -0.1159422937 0)
(0.2633977174 -0.1162909078 0)
(0.2955173078 -0.1167947401 0)
(0.3310672934 -0.11716142 0)
(0.3668856351 -0.1170235887 0)
(0.4016736257 -0.1165136505 0)
(0.4361581134 -0.1156611641 0)
(0.4703297007 -0.1145038289 0)
(0.5040813812 -0.1131217651 0)
(0.5373832865 -0.1115358264 0)
(0.5704032933 -0.1097639108 0)
(0.6030879377 -0.1078357468 0)
(0.6354429528 -0.1057648627 0)
(0.6674681056 -0.1035611702 0)
(0.6991806188 -0.1012384968 0)
(0.7305790394 -0.09880969564 0)
(0.761672845 -0.09628444618 0)
(0.7924715057 -0.09366604696 0)
(0.8229689165 -0.09095984352 0)
(0.8531828042 -0.08816191474 0)
(0.8831069625 -0.08527323087 0)
(0.9127510537 -0.08230258473 0)
(0.9421202406 -0.07923935196 0)
(0.9711929017 -0.07594462101 0)
(1 -0.07254120681 0)
(-0.04853438806 -0.01581316102 0)
(-0.04392927979 -0.02990857823 0)
(-0.03501231682 -0.04216652891 0)
(-0.02380502149 -0.05329188525 0)
(-0.0109441004 -0.06255966865 0)
(0.003438891839 -0.07049888244 0)
(0.01870491132 -0.07711648992 0)
(0.03599961359 -0.08295577719 0)
(0.05376901862 -0.08776629951 0)
(0.07293031917 -0.09173192021 0)
(0.09355440612 -0.09507543133 0)
(0.1149788727 -0.09771001293 0)
(0.1376019348 -0.09977813945 0)
(0.1614849951 -0.10133799 0)
(0.1867056158 -0.1024465033 0)
(0.2133507974 -0.1031673131 0)
(0.2415874181 -0.1035678801 0)
(0.2694754701 -0.1037269268 0)
(0.3011489841 -0.1040482854 0)
(0.3362745183 -0.1042352676 0)
(0.3716836871 -0.1039166222 0)
(0.4060883226 -0.1032377447 0)
(0.4402119545 -0.1022233674 0)
(0.4740436524 -0.1009097032 0)
(0.5074747996 -0.09937572764 0)
(0.5404740871 -0.09764130781 0)
(0.5732082899 -0.09572354878 0)
(0.6056226237 -0.09365156541 0)
(0.6377216595 -0.09143838603 0)
(0.6695040731 -0.08909352861 0)
(0.7009860957 -0.08663052311 0)
(0.7321653313 -0.08406199855 0)
(0.7630503996 -0.08139746625 0)
(0.7936499787 -0.07864009708 0)
(0.823957213 -0.07579515099 0)
(0.8539891686 -0.07285864021 0)
(0.8837390009 -0.06983149983 0)
(0.9132158052 -0.06672251751 0)
(0.942424218 -0.06352105283 0)
(0.9713420982 -0.06008801772 0)
(1 -0.05654641019 0)
(-0.0362641633 -0.01437742354 0)
(-0.03169993233 -0.02717902728 0)
(-0.02299440241 -0.03828983966 0)
(-0.01212390464 -0.04841160839 0)
(0.0003123769466 -0.05680922307 0)
(0.01421290508 -0.0639999289 0)
(0.02896125918 -0.06997702561 0)
(0.04572203871 -0.07527051778 0)
(0.06295265175 -0.07961630177 0)
(0.08158075695 -0.08318597427 0)
(0.1016839092 -0.08619122856 0)
(0.1226033308 -0.08853500524 0)
(0.1447403302 -0.09035098194 0)
(0.1681577384 -0.09168957342 0)
(0.1929335968 -0.09260098447 0)
(0.2191546831 -0.09314304676 0)
(0.2469872237 -0.09337823766 0)
(0.2744878679 -0.09338101525 0)
(0.3057937512 -0.09355191284 0)
(0.340569438 -0.09359068489 0)
(0.3756413141 -0.0931228735 0)
(0.409729924 -0.09230460899 0)
(0.4435560582 -0.09115664226 0)
(0.4771075249 -0.08971396258 0)
(0.5102743813 -0.08805460323 0)
(0.5430241323 -0.08619761944 0)
(0.5755226459 -0.08415946363 0)
(0.6077140505 -0.08196874594 0)
(0.6396019604 -0.07963808331 0)
(0.6711841527 -0.07717666987 0)
(0.7024760423 -0.0745977911 0)
(0.733474457 -0.07191389173 0)
(0.7641873098 -0.0691343451 0)
(0.7946226266 -0.06626221727 0)
(0.8247729337 -0.06330269802 0)
(0.8546547535 -0.06025174503 0)
(0.8842607156 -0.05711026472 0)
(0.9135994484 -0.05388704078 0)
(0.9426751548 -0.05057141984 0)
(0.9714652662 -0.0470241686 0)
(1 -0.04336843613 0)
(-0.02615432115 -0.01319508878 0)
(-0.02162331031 -0.02493123077 0)
(-0.01309156836 -0.03509737296 0)
(-0.002498190319 -0.04439269256 0)
(0.009588557393 -0.05207373506 0)
(0.02309187133 -0.05864806126 0)
(0.03741397259 -0.06409771631 0)
(0.0537350706 -0.06894176475 0)
(0.07052195801 -0.07290485166 0)
(0.08871091799 -0.0761484693 0)
(0.1083849975 -0.07887516847 0)
(0.12888841 -0.08097945507 0)
(0.1506250132 -0.08258776044 0)
(0.1736588159 -0.08374410344 0)
(0.1980682551 -0.08449314175 0)
(0.2239399256 -0.0848879276 0)
(0.2514395176 -0.08498683309 0)
(0.2786209262 -0.08486080349 0)
(0.3096238454 -0.08490765436 0)
(0.3441111973 -0.08482420965 0)
(0.3789050597 -0.08423336939 0)
(0.4127331746 -0.08330012975 0)
(0.4463140732 -0.08204195803 0)
(0.4796345244 -0.08049283602 0)
(0.512583494 -0.0787300214 0)
(0.5451275099 -0.07677190097 0)
(0.5774316933 -0.07463439003 0)
(0.6094392774 -0.07234568333 0)
(0.6411530885 -0.06991805931 0)
(0.6725701637 -0.0673604457 0)
(0.7037052459 -0.06468592692 0)
(0.7345545233 -0.06190679622 0)
(0.7651253271 -0.05903231351 0)
(0.7954251462 -0.0560654588 0)
(0.825445998 -0.05301136431 0)
(0.8552039569 -0.04986594301 0)
(0.8846912195 -0.04663007792 0)
(0.9139160297 -0.04331254964 0)
(0.9428822337 -0.03990269429 0)
(0.9715669105 -0.03626115909 0)
(1 -0.03251121773 0)
(-0.01782456343 -0.01222135145 0)
(-0.01332061127 -0.02308000811 0)
(-0.004931773519 -0.03246814823 0)
(0.005433535652 -0.04108283372 0)
(0.01723252465 -0.04817373773 0)
(0.0304087699 -0.05424044423 0)
(0.04437985292 -0.0592557277 0)
(0.06033884558 -0.06372964091 0)
(0.07676027376 -0.0673775606 0)
(0.09458752751 -0.0703526554 0)
(0.1139081796 -0.07284994486 0)
(0.1340689091 -0.07475698662 0)
(0.1554756747 -0.07619424274 0)
(0.178193456 -0.0772004633 0)
(0.202301017 -0.07781573641 0)
(0.2278848018 -0.07808917709 0)
(0.2551100595 -0.07807577552 0)
(0.2820284163 -0.07784358311 0)
(0.3127816744 -0.07778817651 0)
(0.3470314026 -0.07760396533 0)
(0.3815961295 -0.07691167286 0)
(0.4152095406 -0.07588361431 0)
(0.4485883034 -0.07453454938 0)
(0.4817183313 -0.07289763031 0)
(0.5144876907 -0.07104947614 0)
(0.5468621053 -0.06900792337 0)
(0.5790060815 -0.06678844513 0)
(0.6108621148 -0.06441889424 0)
(0.6424323829 -0.06191127057 0)
(0.6737133135 -0.05927428262 0)
(0.7047190957 -0.05652084942 0)
(0.7354453912 -0.05366313962 0)
(0.7658990521 -0.0507103199 0)
(0.796087125 -0.04766529957 0)
(0.826001208 -0.04453316359 0)
(0.8556570067 -0.04130978825 0)
(0.8850463611 -0.03799603741 0)
(0.9141771986 -0.03460068929 0)
(0.9430530711 -0.03111307145 0)
(0.9716507678 -0.0273937328 0)
(1 -0.02356604976 0)
(-0.01096151315 -0.01141935431 0)
(-0.006479643226 -0.02155528877 0)
(0.001791645864 -0.03030264575 0)
(0.01196921918 -0.03835674609 0)
(0.02353127507 -0.04496160243 0)
(0.03643818204 -0.05061022811 0)
(0.05012017807 -0.05526776084 0)
(0.06578093332 -0.0594368298 0)
(0.08190134593 -0.06282517663 0)
(0.09943066208 -0.06557911308 0)
(0.1184601841 -0.06788745458 0)
(0.1383386229 -0.06963203483 0)
(0.1594736688 -0.07092839846 0)
(0.1819311019 -0.07181095517 0)
(0.2057899556 -0.07231602863 0)
(0.2311365507 -0.0724894904 0)
(0.2581357725 -0.07238354461 0)
(0.2848373786 -0.07206385865 0)
(0.3153849079 -0.07192416469 0)
(0.3494388144 -0.07165688326 0)
(0.3838147028 -0.07088094425 0)
(0.4172511641 -0.06977470283 0)
(0.4504633291 -0.06835068644 0)
(0.4834364065 -0.06664136413 0)
(0.5160577222 -0.06472282909 0)
(0.5482923374 -0.06261246469 0)
(0.5803042521 -0.06032537998 0)
(0.6120353544 -0.05788914632 0)
(0.6434872877 -0.05531553424 0)
(0.6746559778 -0.05261307182 0)
(0.7055551577 -0.049794542 0)
(0.7361800557 -0.0468720109 0)
(0.7665371288 -0.04385456856 0)
(0.7966330597 -0.04074506614 0)
(0.8264591011 -0.03754854979 0)
(0.8560306547 -0.03426086568 0)
(0.8853392669 -0.03088286201 0)
(0.9143926043 -0.02742331509 0)
(0.9431939766 -0.02387154553 0)
(0.9717199341 -0.02008802129 0)
(1 -0.01619620353 0)
(-0.00530694593 -0.01075877001 0)
(-0.0008431260327 -0.02029941629 0)
(0.007331443928 -0.02851897743 0)
(0.01735445742 -0.03611134101 0)
(0.02872140718 -0.04231585708 0)
(0.04140649744 -0.04762012643 0)
(0.05485039451 -0.05198299575 0)
(0.07026550111 -0.05590097877 0)
(0.08613796603 -0.05907552733 0)
(0.1034218608 -0.06164730445 0)
(0.1222115611 -0.06380001457 0)
(0.1418574522 -0.06541077597 0)
(0.1627686514 -0.06659108223 0)
(0.1850115988 -0.06737176742 0)
(0.2086655499 -0.06778605402 0)
(0.2338167241 -0.06787714155 0)
(0.2606297074 -0.06769493893 0)
(0.2871527177 -0.06730314951 0)
(0.3175307249 -0.0670939859 0)
(0.3514232648 -0.0667582299 0)
(0.3856435328 -0.06591333386 0)
(0.418934168 -0.06474263593 0)
(0.4520090337 -0.06325682332 0)
(0.4848527586 -0.06148780246 0)
(0.5173520587 -0.05951123348 0)
(0.5494714493 -0.05734412659 0)
(0.5813745134 -0.05500129105 0)
(0.6130026389 -0.05251006647 0)
(0.6443570291 -0.0498820346 0)
(0.6754331962 -0.04712557495 0)
(0.7062444979 -0.04425335846 0)
(0.736785805 -0.04127736691 0)
(0.7670632497 -0.03820662727 0)
(0.7970832145 -0.03504394287 0)
(0.8268366677 -0.03179432798 0)
(0.8563387608 -0.02845360403 0)
(0.8855807983 -0.02502260636 0)
(0.9145702319 -0.02151010978 0)
(0.9433101719 -0.01790542924 0)
(0.9717769719 -0.01406896605 0)
(1 -0.01012425122 0)
(-0.0006480887116 -0.01021463857 0)
(0.00380095723 -0.01926493823 0)
(0.01189592816 -0.02704974788 0)
(0.02179167862 -0.03426177505 0)
(0.03299795069 -0.04013652902 0)
(0.04550034833 -0.0451571519 0)
(0.05874813022 -0.04927730785 0)
(0.0739608942 -0.05298847263 0)
(0.08962911548 -0.05598691642 0)
(0.1067108416 -0.05840864875 0)
(0.1253029804 -0.0604331635 0)
(0.1447572972 -0.06193369427 0)
(0.1654840853 -0.06301839732 0)
(0.1875503285 -0.06371516098 0)
(0.2110354657 -0.06405465291 0)
(0.2360256327 -0.06407787134 0)
(0.2626851693 -0.06383283427 0)
(0.2890610246 -0.06338162703 0)
(0.3192993479 -0.06311521033 0)
(0.3530589183 -0.06272301586 0)
(0.3871509462 -0.06182127863 0)
(0.4203214101 -0.06059744679 0)
(0.4532831287 -0.05906069071 0)
(0.4860202525 -0.0572424534 0)
(0.5184189951 -0.05521803833 0)
(0.5504434226 -0.05300414842 0)
(0.5822567742 -0.05061534602 0)
(0.613800026 -0.04807877991 0)
(0.6450740185 -0.04540587637 0)
(0.6760739236 -0.04260489265 0)
(0.7068127895 -0.03968840745 0)
(0.7372851928 -0.03666833314 0)
(0.7674969979 -0.03355364477 0)
(0.7974543402 -0.03034710637 0)
(0.8271479536 -0.02705370597 0)
(0.8565927838 -0.02366924467 0)
(0.8857799357 -0.02019454725 0)
(0.9147166842 -0.01663838734 0)
(0.9434059753 -0.01299007525 0)
(0.9718240004 -0.009109957412 0)
(1 -0.005121622425 0)
(0.003190376872 -0.009766413657 0)
(0.007627316727 -0.01841279303 0)
(0.01565676577 -0.02583947914 0)
(0.0254477179 -0.0327382078 0)
(0.03652165556 -0.03834132441 0)
(0.04887357524 -0.04312829804 0)
(0.06195981515 -0.0470485234 0)
(0.07700590147 -0.05058932587 0)
(0.09250587418 -0.05344270684 0)
(0.1094210568 -0.05574084211 0)
(0.1278504439 -0.0576597568 0)
(0.1471469378 -0.05906948416 0)
(0.1677218007 -0.06007543102 0)
(0.1896424647 -0.06070305895 0)
(0.2129885201 -0.06098093082 0)
(0.2378460336 -0.06094823132 0)
(0.2643791423 -0.06065142069 0)
(0.2906337503 -0.06015125119 0)
(0.3207569782 -0.05983765217 0)
(0.3544069819 -0.05939894301 0)
(0.3883933365 -0.05845035577 0)
(0.4214647744 -0.05718272785 0)
(0.4543332533 -0.05560397944 0)
(0.4869825298 -0.05374517186 0)
(0.519298404 -0.05168131482 0)
(0.5512445713 -0.04942885811 0)
(0.5829839883 -0.04700216078 0)
(0.6144572915 -0.04442821442 0)
(0.645665023 -0.04171831731 0)
(0.6766020739 -0.03888062599 0)
(0.7072812377 -0.03592764324 0)
(0.7376968486 -0.03287122429 0)
(0.7678545505 -0.02972030149 0)
(0.797760275 -0.02647760647 0)
(0.8274045634 -0.02314810571 0)
(0.8568021913 -0.01972758359 0)
(0.8859440994 -0.01621685623 0)
(0.9148374171 -0.01262469631 0)
(0.943484955 -0.008940410319 0)
(0.9718627708 -0.005024299534 0)
(1 -0.001 0)
(-10.88990218 -1.621797223 0.3)
(-10.59744718 -3.08208028 0.3)
(-10.17260842 -4.378677994 0.3)
(-9.656493123 -5.517169049 0.3)
(-9.082053315 -6.507856862 0.3)
(-8.475100056 -7.363591442 0.3)
(-7.855404459 -8.098259805 0.3)
(-7.237760862 -8.725783402 0.3)
(-6.632947723 -9.259487516 0.3)
(-6.048559746 -9.711735453 0.3)
(-5.489707132 -10.09374565 0.3)
(-4.959590133 -10.41553097 0.3)
(-4.459962892 -10.68591621 0.3)
(-3.991502557 -10.91260291 0.3)
(-3.554099396 -11.10226007 0.3)
(-3.147082318 -11.26062646 0.3)
(-2.76939235 -11.39261521 0.3)
(-2.419714701 -11.50241502 0.3)
(-2.096578201 -11.59358458 0.3)
(-1.798429254 -11.66913852 0.3)
(-1.523686056 -11.7316243 0.3)
(-1.270777622 -11.7831901 0.3)
(-1.038171234 -11.82564408 0.3)
(-0.8243911026 -11.86050577 0.3)
(-0.6280304358 -11.88905029 0.3)
(-0.4477585992 -11.91234633 0.3)
(-0.2823246648 -11.93128842 0.3)
(-0.1305583414 -11.94662454 0.3)
(0.008630961176 -11.95897936 0.3)
(0.1362563628 -11.96887409 0.3)
(0.2532566115 -11.97674306 0.3)
(0.3604997309 -11.98294786 0.3)
(0.4587869795 -11.98778914 0.3)
(0.5488569532 -11.99151658 0.3)
(0.6313897034 -11.99433727 0.3)
(0.7070107868 -11.99642269 0.3)
(0.7762951852 -11.99791466 0.3)
(0.8397710565 -11.99893023 0.3)
(0.897923293 -11.99956584 0.3)
(0.9511968727 -11.99990076 0.3)
(1 -12 0.3)
(-10.08699139 -1.478617868 0.3)
(-9.833938151 -2.810027211 0.3)
(-9.456360997 -3.992054588 0.3)
(-8.99253303 -5.029765926 0.3)
(-8.4730732 -5.932498716 0.3)
(-7.921951251 -6.71205168 0.3)
(-7.357582928 -7.381154026 0.3)
(-6.793639372 -7.952618373 0.3)
(-6.240276041 -8.438656301 0.3)
(-5.704510066 -8.850632757 0.3)
(-5.191118719 -9.198866409 0.3)
(-4.703162327 -9.492546513 0.3)
(-4.242277307 -9.739789494 0.3)
(-3.809123704 -9.94767457 0.3)
(-3.403626904 -10.12233348 0.3)
(-3.025186879 -10.26904526 0.3)
(-2.672833456 -10.39233239 0.3)
(-2.345514514 -10.49605459 0.3)
(-2.041567452 -10.58351967 0.3)
(-1.759587444 -10.65748492 0.3)
(-1.498353848 -10.72027551 0.3)
(-1.257265799 -10.77306607 0.3)
(-1.034734801 -10.81765726 0.3)
(-0.8294218829 -10.85542986 0.3)
(-0.6400571917 -10.8875443 0.3)
(-0.4654335039 -10.91496777 0.3)
(-0.3044005023 -10.93850822 0.3)
(-0.1558976161 -10.95884077 0.3)
(-0.01893197826 -10.97652699 0.3)
(0.1074185639 -10.99203396 0.3)
(0.2240099801 -11.00575015 0.3)
(0.3316325796 -11.01799794 0.3)
(0.4310168268 -11.02904425 0.3)
(0.5228362137 -11.03910946 0.3)
(0.6077098055 -11.04837565 0.3)
(0.6862089039 -11.05699218 0.3)
(0.7588569745 -11.06508213 0.3)
(0.8261360767 -11.072747 0.3)
(0.8884885486 -11.08006844 0.3)
(0.9463183605 -11.08710307 0.3)
(1 -11.09391477 0.3)
(-9.337945247 -1.348698813 0.3)
(-9.118923838 -2.563162433 0.3)
(-8.782956112 -3.641238559 0.3)
(-8.365662047 -4.587537648 0.3)
(-7.89547495 -5.410518556 0.3)
(-7.394637657 -6.121020171 0.3)
(-6.880292191 -6.730711147 0.3)
(-6.365053207 -7.251387458 0.3)
(-5.858485885 -7.69423802 0.3)
(-5.367060568 -8.069710926 0.3)
(-4.895236276 -8.387298315 0.3)
(-4.44593556 -8.655432502 0.3)
(-4.02067872 -8.881578912 0.3)
(-3.620104182 -9.072244669 0.3)
(-3.244165155 -9.233067464 0.3)
(-2.892323716 -9.368903394 0.3)
(-2.563689107 -9.483915289 0.3)
(-2.257450994 -9.581659673 0.3)
(-1.971767316 -9.665212882 0.3)
(-1.70537068 -9.737093968 0.3)
(-1.457375964 -9.799421658 0.3)
(-1.227972995 -9.852586752 0.3)
(-1.015538686 -9.898364145 0.3)
(-0.81885768 -9.938009535 0.3)
(-0.6367841501 -9.972580268 0.3)
(-0.4682226055 -10.00295245 0.3)
(-0.3121135259 -10.02985651 0.3)
(-0.1674958372 -10.05390257 0.3)
(-0.03346523214 -10.07559599 0.3)
(0.09081796556 -10.09535583 0.3)
(0.2061346801 -10.11352998 0.3)
(0.3132047183 -10.13040624 0.3)
(0.4126943225 -10.14622193 0.3)
(0.5052179142 -10.16117172 0.3)
(0.5913391887 -10.17541592 0.3)
(0.6715802179 -10.18908459 0.3)
(0.7464176781 -10.2022846 0.3)
(0.816291777 -10.21510407 0.3)
(0.8816062067 -10.22761189 0.3)
(0.9427276479 -10.23984454 0.3)
(1 -10.25186566 0.3)
(-8.639349605 -1.230674579 0.3)
(-8.44972213 -2.338892958 0.3)
(-8.150426366 -3.322542551 0.3)
(-7.774600012 -4.185828714 0.3)
(-7.348630134 -4.936410197 0.3)
(-6.893141125 -5.584248706 0.3)
(-6.424079088 -6.140040615 0.3)
(-5.953065918 -6.614649039 0.3)
(-5.489108467 -7.018323159 0.3)
(-5.038160267 -7.360668463 0.3)
(-4.604376935 -7.650417315 0.3)
(-4.190546293 -7.895305877 0.3)
(-3.798074942 -8.1022009 0.3)
(-3.427576266 -8.277083246 0.3)
(-3.079025177 -8.425136004 0.3)
(-2.751938067 -8.550825935 0.3)
(-2.445495297 -8.657984558 0.3)
(-2.159109231 -8.749888812 0.3)
(-1.890769683 -8.8294014 0.3)
(-1.639336267 -8.898820744 0.3)
(-1.404235569 -8.960073819 0.3)
(-1.186296479 -9.012927445 0.3)
(-0.9838786587 -9.059116317 0.3)
(-0.7958785732 -9.099783229 0.3)
(-0.6212628631 -9.135892777 0.3)
(-0.4590373202 -9.168239209 0.3)
(-0.3082244706 -9.19748345 0.3)
(-0.1679535715 -9.224177543 0.3)
(-0.03740066764 -9.248776741 0.3)
(0.0841990502 -9.271657421 0.3)
(0.1975583906 -9.293131528 0.3)
(0.3033331255 -9.313456359 0.3)
(0.402131169 -9.332843177 0.3)
(0.4945132838 -9.351464152 0.3)
(0.5809928363 -9.369460544 0.3)
(0.6620471767 -9.386945643 0.3)
(0.7381104362 -9.404012243 0.3)
(0.8095847831 -9.420736998 0.3)
(0.8768387726 -9.437177754 0.3)
(0.9402051393 -9.453353047 0.3)
(1 -9.469327007 0.3)
(-7.987978084 -1.123334597 0.3)
(-7.823738859 -2.134919886 0.3)
(-7.556798805 -3.032697527 0.3)
(-7.21797438 -3.820512106 0.3)
(-6.831738012 -4.505293001 0.3)
(-6.417198303 -5.096199527 0.3)
(-5.989179408 -5.603036001 0.3)
(-5.558371169 -6.035808914 0.3)
(-5.133253141 -6.403903326 0.3)
(-4.719291081 -6.716149835 0.3)
(-4.320352045 -6.980581924 0.3)
(-3.939092873 -7.204295106 0.3)
(-3.576809499 -7.393605224 0.3)
(-3.234087761 -7.55400873 0.3)
(-2.910919155 -7.690270155 0.3)
(-2.60686761 -7.806497642 0.3)
(-2.321177261 -7.906217345 0.3)
(-2.053465702 -7.99244826 0.3)
(-1.801565346 -8.067855826 0.3)
(-1.564453217 -8.134534098 0.3)
(-1.341845494 -8.194231945 0.3)
(-1.135082275 -8.24622651 0.3)
(-0.9425200492 -8.292201098 0.3)
(-0.763156565 -8.333196453 0.3)
(-0.5960605696 -8.370093609 0.3)
(-0.4403297738 -8.403613146 0.3)
(-0.2950609357 -8.434353598 0.3)
(-0.1594654174 -8.462815043 0.3)
(-0.03279225366 -8.489408007 0.3)
(0.08565532655 -8.51447087 0.3)
(0.1965282347 -8.538283711 0.3)
(0.3004240154 -8.561076876 0.3)
(0.3978975476 -8.583038695 0.3)
(0.4894607951 -8.60432158 0.3)
(0.575581327 -8.625050168 0.3)
(0.6566958209 -8.645323112 0.3)
(0.7331996792 -8.66522103 0.3)
(0.805460457 -8.684810702 0.3)
(0.873814728 -8.704140465 0.3)
(0.9385642909 -8.723212841 0.3)
(1 -8.742093017 0.3)
(-7.380786079 -1.02560429 0.3)
(-7.238475445 -1.949202511 0.3)
(-7.000115036 -2.768801703 0.3)
(-6.694351685 -3.487924739 0.3)
(-6.343867265 -4.11283543 0.3)
(-5.966351575 -4.65195846 0.3)
(-5.57557701 -5.114279069 0.3)
(-5.181359065 -5.509016568 0.3)
(-4.79167998 -5.844760912 0.3)
(-4.411545749 -6.129629625 0.3)
(-4.044549556 -6.371012922 0.3)
(-3.693221528 -6.575416381 0.3)
(-3.358750435 -6.748648585 0.3)
(-3.041692822 -6.895759841 0.3)
(-2.7420525 -7.021129078 0.3)
(-2.45943504 -7.128533934 0.3)
(-2.19314184 -7.221218964 0.3)
(-1.942979727 -7.301965081 0.3)
(-1.706633831 -7.373255493 0.3)
(-1.483189761 -7.436994914 0.3)
(-1.272632745 -7.494766775 0.3)
(-1.07670654 -7.545471052 0.3)
(-0.8937758012 -7.590731176 0.3)
(-0.7229301212 -7.631495536 0.3)
(-0.5633310546 -7.668569784 0.3)
(-0.4141598302 -7.702608116 0.3)
(-0.274580451 -7.734152981 0.3)
(-0.1438789904 -7.763657905 0.3)
(-0.02137086072 -7.791493427 0.3)
(0.09357880741 -7.81796407 0.3)
(0.2015646157 -7.84332162 0.3)
(0.3031311041 -7.867772585 0.3)
(0.3987848753 -7.891485084 0.3)
(0.4889934658 -7.914594175 0.3)
(0.5741827251 -7.937209965 0.3)
(0.6547523 -7.959418343 0.3)
(0.7310623008 -7.98128937 0.3)
(0.8034487526 -8.002881346 0.3)
(0.8722190882 -8.024234407 0.3)
(0.9376468848 -8.045336766 0.3)
(1 -8.066255118 0.3)
(-6.814904224 -0.9365285886 0.3)
(-6.691534107 -1.779927016 0.3)
(-6.478447223 -2.528276013 0.3)
(-6.202263382 -3.184811187 0.3)
(-5.883990739 -3.755188403 0.3)
(-5.539991817 -4.247159178 0.3)
(-5.183053709 -4.668956144 0.3)
(-4.822172309 -5.029074758 0.3)
(-4.464861401 -5.33537292 0.3)
(-4.115694121 -5.595311566 0.3)
(-3.778004217 -5.815688475 0.3)
(-3.454199748 -6.002465686 0.3)
(-3.145366162 -6.16098444 0.3)
(-2.852029598 -6.295883904 0.3)
(-2.574202629 -6.411187579 0.3)
(-2.31152734 -6.510368344 0.3)
(-2.063356612 -6.596410945 0.3)
(-1.829671844 -6.671876442 0.3)
(-1.608020425 -6.739079637 0.3)
(-1.397588412 -6.799749788 0.3)
(-1.198611007 -6.855316648 0.3)
(-1.013145417 -6.904396965 0.3)
(-0.8395734805 -6.948548059 0.3)
(-0.6770681752 -6.98863464 0.3)
(-0.5248755052 -7.025394267 0.3)
(-0.3822526701 -7.059421237 0.3)
(-0.2484246613 -7.09120752 0.3)
(-0.1227456093 -7.121164875 0.3)
(-0.004591357619 -7.149628056 0.3)
(0.1066165836 -7.176871369 0.3)
(0.2114215331 -7.203121449 0.3)
(0.3103197291 -7.228563694 0.3)
(0.4037737827 -7.253348395 0.3)
(0.4922107394 -7.277595349 0.3)
(0.5760184045 -7.301401953 0.3)
(0.6555626736 -7.324842957 0.3)
(0.7311714633 -7.347979271 0.3)
(0.8031520474 -7.370861915 0.3)
(0.871785278 -7.393523949 0.3)
(0.9373189619 -7.415940786 0.3)
(1 -7.438180974 0.3)
(-6.287631449 -0.8552575438 0.3)
(-6.180621068 -1.625479173 0.3)
(-5.989910634 -2.308825268 0.3)
(-5.740226919 -2.908274585 0.3)
(-5.451014267 -3.428927153 0.3)
(-5.137394169 -3.87791714 0.3)
(-4.811231258 -4.262785171 0.3)
(-4.480753664 -4.591360646 0.3)
(-4.153034385 -4.870827072 0.3)
(-3.832239474 -5.108040463 0.3)
(-3.521457323 -5.30925267 0.3)
(-3.222978829 -5.479924663 0.3)
(-2.9377902 -5.624966885 0.3)
(-2.66638656 -5.748639423 0.3)
(-2.408786321 -5.854637992 0.3)
(-2.164663602 -5.946154312 0.3)
(-1.933417641 -6.025933311 0.3)
(-1.715190953 -6.096332951 0.3)
(-1.507402176 -6.159512345 0.3)
(-1.309330318 -6.217038125 0.3)
(-1.121442829 -6.270197293 0.3)
(-0.9460349492 -6.31740149 0.3)
(-0.7815127691 -6.360137558 0.3)
(-0.62712506 -6.399194297 0.3)
(-0.4821947531 -6.43524768 0.3)
(-0.3460482288 -6.468837888 0.3)
(-0.2179658584 -6.500411396 0.3)
(-0.09736383291 -6.530342444 0.3)
(0.01632692872 -6.558933709 0.3)
(0.1236335114 -6.5864325 0.3)
(0.2250524805 -6.613043062 0.3)
(0.3210360116 -6.638932079 0.3)
(0.4120065876 -6.664234095 0.3)
(0.4983543126 -6.689055475 0.3)
(0.5804322641 -6.71348249 0.3)
(0.6585755441 -6.737580161 0.3)
(0.7330826723 -6.761401465 0.3)
(0.8042346785 -6.784991172 0.3)
(0.8722881455 -6.808376239 0.3)
(0.9374673249 -6.831520614 0.3)
(1 -6.854494959 0.3)
(-5.796427792 -0.7810337677 0.3)
(-5.703548132 -1.484420498 0.3)
(-5.532673295 -2.108404235 0.3)
(-5.306762791 -2.655733771 0.3)
(-5.043800436 -3.131000479 0.3)
(-4.75774787 -3.540771925 0.3)
(-4.459606592 -3.891952036 0.3)
(-4.156885967 -4.191756963 0.3)
(-3.856244672 -4.446748602 0.3)
(-3.561466281 -4.663225335 0.3)
(-3.275407494 -4.846935675 0.3)
(-3.000247118 -5.002878443 0.3)
(-2.736876348 -5.135566763 0.3)
(-2.485759109 -5.24891103 0.3)
(-2.246917244 -5.346304511 0.3)
(-2.020053007 -5.430679422 0.3)
(-1.804607425 -5.504559231 0.3)
(-1.600871786 -5.570114199 0.3)
(-1.406144422 -5.629359465 0.3)
(-1.219790386 -5.683710899 0.3)
(-1.042492913 -5.734322894 0.3)
(-0.8767224456 -5.779466663 0.3)
(-0.7209147705 -5.820555747 0.3)
(-0.5743876283 -5.858309998 0.3)
(-0.4365340981 -5.893349621 0.3)
(-0.3067436251 -5.926165846 0.3)
(-0.1843469249 -5.957164089 0.3)
(-0.06881683801 -5.986684841 0.3)
(0.04036546983 -6.015001993 0.3)
(0.1436801673 -6.042338695 0.3)
(0.2415811519 -6.068879239 0.3)
(0.3344803639 -6.094773694 0.3)
(0.4227636453 -6.120142683 0.3)
(0.5067873639 -6.145080733 0.3)
(0.5868728656 -6.169664368 0.3)
(0.6633271296 -6.193950108 0.3)
(0.7364218065 -6.217984045 0.3)
(0.8064139474 -6.241805594 0.3)
(0.873537955 -6.265436446 0.3)
(0.9379965303 -6.288830264 0.3)
(1 -6.312060013 0.3)
(-5.33890707 -0.7131814616 0.3)
(-5.258232932 -1.355467422 0.3)
(-5.104963229 -1.925188007 0.3)
(-4.900408194 -2.424885841 0.3)
(-4.661188084 -2.858686405 0.3)
(-4.400181024 -3.232636861 0.3)
(-4.127581307 -3.553054959 0.3)
(-3.850225794 -3.826591898 0.3)
(-3.574384068 -4.059236312 0.3)
(-3.303480657 -4.256772284 0.3)
(-3.040153776 -4.424484025 0.3)
(-2.786475284 -4.566943892 0.3)
(-2.543245678 -4.688298394 0.3)
(-2.310897835 -4.792135186 0.3)
(-2.089455059 -4.881568343 0.3)
(-1.878644344 -4.959290459 0.3)
(-1.677944436 -5.027620403 0.3)
(-1.48778405 -5.088554914 0.3)
(-1.305349161 -5.143975934 0.3)
(-1.130084485 -5.195159555 0.3)
(-0.9628737522 -5.243136973 0.3)
(-0.8063104909 -5.286092242 0.3)
(-0.6588642676 -5.325364039 0.3)
(-0.5199156496 -5.361609526 0.3)
(-0.3889217474 -5.395398344 0.3)
(-0.2653295541 -5.427177385 0.3)
(-0.1485156033 -5.457314969 0.3)
(-0.03800449592 -5.486121186 0.3)
(0.06667671532 -5.513844058 0.3)
(0.1659653376 -5.540685089 0.3)
(0.2602762904 -5.566810766 0.3)
(0.349984739 -5.592356388 0.3)
(0.4354430362 -5.617430252 0.3)
(0.5169767108 -5.642116448 0.3)
(0.594878088 -5.66648295 0.3)
(0.6694284383 -5.690578844 0.3)
(0.7408748318 -5.71444425 0.3)
(0.8094523895 -5.738113989 0.3)
(0.8753752246 -5.76160521 0.3)
(0.9388263045 -5.784862345 0.3)
(1 -5.807960784 0.3)
(-4.912829525 -0.6510968238 0.3)
(-4.842698103 -1.237473085 0.3)
(-4.705073689 -1.757546102 0.3)
(-4.519727826 -2.213673415 0.3)
(-4.302008181 -2.609553432 0.3)
(-4.063781069 -2.950754995 0.3)
(-3.814486251 -3.243055883 0.3)
(-3.560331688 -3.492586545 0.3)
(-3.307221869 -3.704806686 0.3)
(-3.058244546 -3.885025828 0.3)
(-2.815832149 -4.038099678 0.3)
(-2.581954752 -4.168206885 0.3)
(-2.357326485 -4.279155518 0.3)
(-2.142349601 -4.374235233 0.3)
(-1.937047272 -4.456302272 0.3)
(-1.741168265 -4.527827867 0.3)
(-1.554225418 -4.590941803 0.3)
(-1.376774442 -4.647480337 0.3)
(-1.205896411 -4.699202158 0.3)
(-1.041109822 -4.747253732 0.3)
(-0.8834846943 -4.792551811 0.3)
(-0.7356946267 -4.833236878 0.3)
(-0.5962459161 -4.870572213 0.3)
(-0.4645764215 -4.905157915 0.3)
(-0.3402017587 -4.937517725 0.3)
(-0.2226214866 -4.968058332 0.3)
(-0.1112538817 -4.997114488 0.3)
(-0.005670883156 -5.024968871 0.3)
(0.09455851109 -5.051846219 0.3)
(0.1898324138 -5.07792862 0.3)
(0.2805301044 -5.103366647 0.3)
(0.3669931039 -5.128282455 0.3)
(0.4495431284 -5.152773417 0.3)
(0.5284774906 -5.176914404 0.3)
(0.6040619502 -5.200765888 0.3)
(0.6765542548 -5.224370446 0.3)
(0.7461789668 -5.247763016 0.3)
(0.8131511337 -5.270974484 0.3)
(0.8776662915 -5.294018085 0.3)
(0.9398893224 -5.316829941 0.3)
(1 -5.339487956 0.3)
(-4.516094499 -0.5942396562 0.3)
(-4.455069614 -1.129411402 0.3)
(-4.33136673 -1.604019794 0.3)
(-4.163322289 -2.020256003 0.3)
(-3.965096642 -2.381426626 0.3)
(-3.747611599 -2.692660578 0.3)
(-3.519601933 -2.959237955 0.3)
(-3.286687765 -3.186808951 0.3)
(-3.05443127 -3.380345021 0.3)
(-2.825604543 -3.544717589 0.3)
(-2.602446406 -3.684386725 0.3)
(-2.386830269 -3.803167452 0.3)
(-2.179388212 -3.904555273 0.3)
(-1.980492491 -3.991564577 0.3)
(-1.790164873 -4.066813395 0.3)
(-1.608173306 -4.132568395 0.3)
(-1.434061477 -4.190784541 0.3)
(-1.2685025 -4.243149631 0.3)
(-1.108479549 -4.291308262 0.3)
(-0.9535794614 -4.336286681 0.3)
(-0.8050453496 -4.378895312 0.3)
(-0.6655955897 -4.417266478 0.3)
(-0.5337752222 -4.452588363 0.3)
(-0.4090744039 -4.485409062 0.3)
(-0.291062256 -4.516210608 0.3)
(-0.1792863978 -4.545363187 0.3)
(-0.07320317652 -4.573171147 0.3)
(0.02757213659 -4.599892407 0.3)
(0.123432166 -4.62573073 0.3)
(0.2147391512 -4.650850756 0.3)
(0.3018397535 -4.675388822 0.3)
(0.3850446871 -4.699455367 0.3)
(0.4646476161 -4.72313807 0.3)
(0.5409200141 -4.746503653 0.3)
(0.6141033018 -4.769605996 0.3)
(0.6844336849 -4.792481974 0.3)
(0.7521150988 -4.815162027 0.3)
(0.8173442007 -4.837673672 0.3)
(0.8802995032 -4.860026767 0.3)
(0.9411293005 -4.882149956 0.3)
(1 -4.90412369 0.3)
(-4.146733226 -0.5421260159 0.3)
(-4.093574428 -1.030363107 0.3)
(-3.982275413 -1.463302272 0.3)
(-3.829834487 -1.842984923 0.3)
(-3.649304573 -2.172357936 0.3)
(-3.450726094 -2.456145349 0.3)
(-3.242175396 -2.699168305 0.3)
(-3.028723379 -2.90663388 0.3)
(-2.815611484 -3.083062632 0.3)
(-2.605316142 -3.232921376 0.3)
(-2.399894206 -3.360304734 0.3)
(-2.201127469 -3.468691752 0.3)
(-2.009570208 -3.561289144 0.3)
(-1.825565481 -3.640856933 0.3)
(-1.649132638 -3.709792985 0.3)
(-1.480056542 -3.770174848 0.3)
(-1.317908835 -3.823795808 0.3)
(-1.163471199 -3.872206277 0.3)
(-1.013635466 -3.916945219 0.3)
(-0.8680517957 -3.958927363 0.3)
(-0.7281241328 -3.99886435 0.3)
(-0.5965868706 -4.03490884 0.3)
(-0.4720250366 -4.068174884 0.3)
(-0.3539765726 -4.099163141 0.3)
(-0.2420595775 -4.128317697 0.3)
(-0.1358656518 -4.155975558 0.3)
(-0.03488589857 -4.1824135 0.3)
(0.06122471132 -4.207867053 0.3)
(0.152823658 -4.232521056 0.3)
(0.2402403191 -4.256524455 0.3)
(0.3237914777 -4.280000828 0.3)
(0.4037596153 -4.303050162 0.3)
(0.4804126889 -4.32575152 0.3)
(0.5539984896 -4.348164413 0.3)
(0.6247361209 -4.370336923 0.3)
(0.6928420436 -4.392300929 0.3)
(0.7585012753 -4.41408296 0.3)
(0.8218936104 -4.435707653 0.3)
(0.8831819493 -4.457181956 0.3)
(0.9424993598 -4.478427766 0.3)
(1 -4.499528093 0.3)
(-3.802901763 -0.4943217738 0.3)
(-3.756537653 -0.9395035322 0.3)
(-3.656304885 -1.33422124 0.3)
(-3.517954355 -1.680381334 0.3)
(-3.353506342 -1.980600182 0.3)
(-3.172179039 -2.239228982 0.3)
(-2.981434077 -2.460665436 0.3)
(-2.785829424 -2.649707575 0.3)
(-2.590306203 -2.810459381 0.3)
(-2.397064073 -2.947013842 0.3)
(-2.207989014 -3.063127882 0.3)
(-2.024776134 -3.161970001 0.3)
(-1.847906066 -3.246479994 0.3)
(-1.677693593 -3.319182736 0.3)
(-1.514154861 -3.382272536 0.3)
(-1.357089665 -3.437652045 0.3)
(-1.206095006 -3.486964975 0.3)
(-1.062053002 -3.531634563 0.3)
(-0.9217702854 -3.573101944 0.3)
(-0.7849556992 -3.61217839 0.3)
(-0.6531626305 -3.649483769 0.3)
(-0.5291182524 -3.68321375 0.3)
(-0.4114481921 -3.71440974 0.3)
(-0.2997340939 -3.743529087 0.3)
(-0.1936389282 -3.77098131 0.3)
(-0.09279457872 -3.797073227 0.3)
(0.003276090643 -3.822056577 0.3)
(0.09488170765 -3.846146621 0.3)
(0.1823475419 -3.869511101 0.3)
(0.2659728426 -3.892284828 0.3)
(0.3460470016 -3.914579933 0.3)
(0.422826606 -3.93648706 0.3)
(0.4965560351 -3.95807761 0.3)
(0.5674613569 -3.979404703 0.3)
(0.6357411953 -4.000511316 0.3)
(0.7015938996 -4.021424943 0.3)
(0.7651871223 -4.042168718 0.3)
(0.8266851845 -4.062764814 0.3)
(0.886236657 -4.083217671 0.3)
(0.9439606213 -4.103443097 0.3)
(1 -4.123526639 0.3)
(-3.482874126 -0.4504369661 0.3)
(-3.44237931 -0.8560918795 0.3)
(-3.35203256 -1.215723669 0.3)
(-3.226422197 -1.531116958 0.3)
(-3.076605833 -1.804584244 0.3)
(-2.911034833 -2.040133185 0.3)
(-2.736597121 -2.241770628 0.3)
(-2.557371802 -2.413916844 0.3)
(-2.378018958 -2.560290809 0.3)
(-2.200479309 -2.684639983 0.3)
(-2.026478516 -2.790409126 0.3)
(-1.85762979 -2.88047959 0.3)
(-1.694344174 -2.957544374 0.3)
(-1.536909187 -3.023910904 0.3)
(-1.385337166 -3.081585219 0.3)
(-1.239441108 -3.132308176 0.3)
(-1.098841047 -3.177585062 0.3)
(-0.9645120349 -3.218721367 0.3)
(-0.83318126 -3.257067602 0.3)
(-0.7046119593 -3.293339051 0.3)
(-0.5804963805 -3.328070314 0.3)
(-0.4635358949 -3.359517856 0.3)
(-0.3523968305 -3.388652334 0.3)
(-0.2467008362 -3.415891507 0.3)
(-0.1461520256 -3.441613384 0.3)
(-0.05041920972 -3.466097281 0.3)
(0.04094569686 -3.489572176 0.3)
(0.1282179184 -3.512234959 0.3)
(0.2116931792 -3.534237906 0.3)
(0.2916430841 -3.555703079 0.3)
(0.3683318941 -3.576732325 0.3)
(0.4419924275 -3.597407931 0.3)
(0.512847423 -3.617794468 0.3)
(0.5811030069 -3.637939388 0.3)
(0.6469389962 -3.657881169 0.3)
(0.7105371133 -3.677643453 0.3)
(0.7720490602 -3.697246423 0.3)
(0.8316249484 -3.71671015 0.3)
(0.8894001873 -3.736036909 0.3)
(0.9454810011 -3.755137004 0.3)
(1 -3.774098482 0.3)
(-3.185035637 -0.4101208338 0.3)
(-3.149610824 -0.7794618044 0.3)
(-3.068107561 -1.106862396 0.3)
(-2.954030886 -1.393997162 0.3)
(-2.817541186 -1.642899029 0.3)
(-2.666374851 -1.857258952 0.3)
(-2.506884545 -2.040722836 0.3)
(-2.342702464 -2.197361947 0.3)
(-2.178225831 -2.330539297 0.3)
(-2.015153236 -2.443682868 0.3)
(-1.855060032 -2.53994875 0.3)
(-1.699482173 -2.621952702 0.3)
(-1.548765031 -2.692159453 0.3)
(-1.403169934 -2.752675278 0.3)
(-1.262704967 -2.805332033 0.3)
(-1.127194811 -2.851720851 0.3)
(-0.996280437 -2.893218887 0.3)
(-0.8710229242 -2.931022578 0.3)
(-0.7480753976 -2.96639847 0.3)
(-0.6272515206 -2.999972775 0.3)
(-0.5103725706 -3.03220087 0.3)
(-0.4000994531 -3.061413706 0.3)
(-0.2951388845 -3.088513394 0.3)
(-0.1951491655 -3.113881475 0.3)
(-0.09987216413 -3.137867196 0.3)
(-0.009010569098 -3.160724797 0.3)
(0.07785710933 -3.182662541 0.3)
(0.1609754201 -3.203860648 0.3)
(0.2406129656 -3.224457386 0.3)
(0.3170159671 -3.244563304 0.3)
(0.3904256104 -3.264270997 0.3)
(0.461052881 -3.283655263 0.3)
(0.5291006393 -3.302774584 0.3)
(0.5947566926 -3.321671373 0.3)
(0.6581835741 -3.34038014 0.3)
(0.7195477318 -3.358921142 0.3)
(0.7789862059 -3.377311993 0.3)
(0.8366360495 -3.395570973 0.3)
(0.8926205746 -3.413698492 0.3)
(0.947034179 -3.431599869 0.3)
(1 -3.449365597 0.3)
(-2.907876511 -0.3730574647 0.3)
(-2.876831325 -0.7090131407 0.3)
(-2.803249583 -1.006784361 0.3)
(-2.699627118 -1.267946089 0.3)
(-2.575288264 -1.494273886 0.3)
(-2.437302947 -1.689166587 0.3)
(-2.291524578 -1.855936645 0.3)
(-2.141168406 -1.998332765 0.3)
(-1.99038592 -2.119388734 0.3)
(-1.840649399 -2.222237041 0.3)
(-1.693393378 -2.309766748 0.3)
(-1.550081017 -2.384347873 0.3)
(-1.410995798 -2.448233953 0.3)
(-1.276373973 -2.503345126 0.3)
(-1.146219058 -2.551352051 0.3)
(-1.020366083 -2.593707271 0.3)
(-0.898475083 -2.631669298 0.3)
(-0.7816867829 -2.66633355 0.3)
(-0.6665852796 -2.698888757 0.3)
(-0.5530309932 -2.729878473 0.3)
(-0.4429650967 -2.759684466 0.3)
(-0.3389966495 -2.786722444 0.3)
(-0.2398721176 -2.811828395 0.3)
(-0.1452834085 -2.835350702 0.3)
(-0.05500706128 -2.857612335 0.3)
(0.03122313189 -2.878844643 0.3)
(0.1138042917 -2.899237019 0.3)
(0.192952777 -2.918954534 0.3)
(0.2689122751 -2.938122758 0.3)
(0.3419056821 -2.956841826 0.3)
(0.4121529815 -2.975195999 0.3)
(0.4798450897 -2.993253359 0.3)
(0.5451665953 -3.011066946 0.3)
(0.6082884652 -3.028674692 0.3)
(0.669357338 -3.046107604 0.3)
(0.7285256198 -3.063382959 0.3)
(0.7859168645 -3.080516136 0.3)
(0.8416561171 -3.097523885 0.3)
(0.8958555627 -3.114405015 0.3)
(0.9485987138 -3.131060326 0.3)
(1 -3.147582686 0.3)
(-2.649985702 -0.3389619587 0.3)
(-2.622723837 -0.644204622 0.3)
(-2.556247298 -0.9147202476 0.3)
(-2.462111902 -1.151993582 0.3)
(-2.348863079 -1.357563121 0.3)
(-2.222949647 -1.534558126 0.3)
(-2.089759482 -1.68598288 0.3)
(-1.952118945 -1.815287852 0.3)
(-1.813949902 -1.925202242 0.3)
(-1.676513208 -2.018585143 0.3)
(-1.541111544 -2.098078532 0.3)
(-1.409139565 -2.165824991 0.3)
(-1.280822492 -2.2238826 0.3)
(-1.156372638 -2.273999211 0.3)
(-1.035788739 -2.317696258 0.3)
(-0.9189150076 -2.356297966 0.3)
(-0.8054288472 -2.390952966 0.3)
(-0.6965447447 -2.422663073 0.3)
(-0.5887824743 -2.452544896 0.3)
(-0.4820458164 -2.481065266 0.3)
(-0.3783873535 -2.508537563 0.3)
(-0.2803556647 -2.533469673 0.3)
(-0.1867360692 -2.556634052 0.3)
(-0.09725131406 -2.578348692 0.3)
(-0.01170980014 -2.598912537 0.3)
(0.07012610287 -2.61853602 0.3)
(0.1486311688 -2.637391324 0.3)
(0.2239958326 -2.655629741 0.3)
(0.2964408777 -2.673365312 0.3)
(0.3661677523 -2.690688746 0.3)
(0.4333769449 -2.707676788 0.3)
(0.4982409117 -2.724391482 0.3)
(0.5609274351 -2.740881003 0.3)
(0.6215919904 -2.757179293 0.3)
(0.6803665901 -2.77331426 0.3)
(0.7373907227 -2.789300554 0.3)
(0.7927755296 -2.805151612 0.3)
(0.8466350057 -2.820882884 0.3)
(0.8990710958 -2.836491792 0.3)
(0.9501572872 -2.851875041 0.3)
(1 -2.867127796 0.3)
(-2.410045014 -0.3075770526 0.3)
(-2.386051407 -0.5845474706 0.3)
(-2.325956419 -0.8299753677 0.3)
(-2.240440431 -1.045263667 0.3)
(-2.137323349 -1.231732374 0.3)
(-2.02247527 -1.392261875 0.3)
(-1.900850081 -1.529571537 0.3)
(-1.774911526 -1.646835995 0.3)
(-1.648366995 -1.746502571 0.3)
(-1.522279895 -1.831177332 0.3)
(-1.397829529 -1.903273558 0.3)
(-1.276346142 -1.964723277 0.3)
(-1.158000171 -2.017403625 0.3)
(-1.042981134 -2.062902947 0.3)
(-0.9312828618 -2.102604497 0.3)
(-0.8227577242 -2.137713665 0.3)
(-0.7170989686 -2.169277288 0.3)
(-0.615589408 -2.19821044 0.3)
(-0.5146888906 -2.225562864 0.3)
(-0.4143414137 -2.251730181 0.3)
(-0.3167030842 -2.276962225 0.3)
(-0.2242556542 -2.299864133 0.3)
(-0.1358222023 -2.321147517 0.3)
(-0.0511537967 -2.341102495 0.3)
(0.02991186157 -2.36000602 0.3)
(0.1075861283 -2.378049399 0.3)
(0.1822232687 -2.395389101 0.3)
(0.2539898625 -2.412163873 0.3)
(0.3230856241 -2.428477276 0.3)
(0.3896922674 -2.444411476 0.3)
(0.4539923438 -2.460036427 0.3)
(0.5161413187 -2.475408745 0.3)
(0.5762915066 -2.490572246 0.3)
(0.634584123 -2.505557314 0.3)
(0.691137713 -2.520389113 0.3)
(0.7460798749 -2.535079979 0.3)
(0.7995103187 -2.549641654 0.3)
(0.8515328648 -2.564088482 0.3)
(0.9022400277 -2.578416696 0.3)
(0.9516960568 -2.592519277 0.3)
(1 -2.606493604 0.3)
(-2.186823468 -0.2786701432 0.3)
(-2.165653232 -0.5295997471 0.3)
(-2.111297487 -0.7519216263 0.3)
(-2.033621453 -0.9469644041 0.3)
(-1.939769342 -1.115846613 0.3)
(-1.835072131 -1.261218771 0.3)
(-1.72407922 -1.385536742 0.3)
(-1.608916314 -1.491719966 0.3)
(-1.493090548 -1.581954826 0.3)
(-1.377481005 -1.658613153 0.3)
(-1.263151598 -1.72389649 0.3)
(-1.151372076 -1.779541892 0.3)
(-1.042261405 -1.827258946 0.3)
(-0.9359874458 -1.868488274 0.3)
(-0.8325390734 -1.904485157 0.3)
(-0.7317759128 -1.936344898 0.3)
(-0.6334056778 -1.965020018 0.3)
(-0.5387744869 -1.991345189 0.3)
(-0.4442863689 -2.016308153 0.3)
(-0.3499226272 -2.040238429 0.3)
(-0.2579355672 -2.063326808 0.3)
(-0.1707356633 -2.084278809 0.3)
(-0.0871825123 -2.103747942 0.3)
(-0.007053209206 -2.121998745 0.3)
(0.06978758317 -2.139288024 0.3)
(0.1435270476 -2.155789576 0.3)
(0.2145006137 -2.171645514 0.3)
(0.2828528964 -2.186983146 0.3)
(0.3487642168 -2.201896502 0.3)
(0.4123981195 -2.21645999 0.3)
(0.4739206426 -2.230737427 0.3)
(0.5334716037 -2.244780537 0.3)
(0.5911890721 -2.258629228 0.3)
(0.6472011301 -2.272310707 0.3)
(0.7016139153 -2.285847705 0.3)
(0.7545440745 -2.299250514 0.3)
(0.8060807838 -2.3125294 0.3)
(0.8563184906 -2.32569777 0.3)
(0.9053410197 -2.338750831 0.3)
(0.9532041033 -2.351578178 0.3)
(1 -2.364279314 0.3)
(-1.979171956 -0.2520306615 0.3)
(-1.960440813 -0.4789613641 0.3)
(-1.91125348 -0.6799904282 0.3)
(-1.840716252 -0.8563789332 0.3)
(-1.755344153 -1.009059536 0.3)
(-1.659966017 -1.140470359 0.3)
(-1.558754331 -1.252823486 0.3)
(-1.453519749 -1.348802188 0.3)
(-1.347582493 -1.43035123 0.3)
(-1.241649636 -1.499625544 0.3)
(-1.13667722 -1.558630591 0.3)
(-1.033878219 -1.608922834 0.3)
(-0.9333232895 -1.652056675 0.3)
(-0.8351597551 -1.689335902 0.3)
(-0.7393715419 -1.721897238 0.3)
(-0.6458247349 -1.750733991 0.3)
(-0.5542402705 -1.776711272 0.3)
(-0.4660229332 -1.800589213 0.3)
(-0.3775247656 -1.82329806 0.3)
(-0.2887616817 -1.845105966 0.3)
(-0.2020753786 -1.866148857 0.3)
(-0.119802168 -1.885234187 0.3)
(-0.04083681631 -1.902960124 0.3)
(0.03501964674 -1.919567708 0.3)
(0.1078777331 -1.935295274 0.3)
(0.1779023723 -1.95030058 0.3)
(0.2454116826 -1.964712604 0.3)
(0.3105300429 -1.978648221 0.3)
(0.3734199131 -1.992192774 0.3)
(0.4342280996 -2.005413627 0.3)
(0.493105429 -2.018369036 0.3)
(0.5501772998 -2.031106317 0.3)
(0.605568655 -2.043661866 0.3)
(0.6593954742 -2.056060048 0.3)
(0.7117524576 -2.068321437 0.3)
(0.7627461596 -2.080454518 0.3)
(0.8124560448 -2.09246827 0.3)
(0.8609679202 -2.104375306 0.3)
(0.9083575998 -2.116169948 0.3)
(0.9546729589 -2.12773871 0.3)
(1 -2.139183128 0.3)
(-1.786018151 -0.2274677528 0.3)
(-1.769394168 -0.4322696801 0.3)
(-1.72486729 -0.6136664132 0.3)
(-1.660837326 -0.77285756 0.3)
(-1.583233504 -0.9106042126 0.3)
(-1.496417033 -1.029148167 0.3)
(-1.404209253 -1.13047591 0.3)
(-1.308127247 -1.217052083 0.3)
(-1.211316841 -1.290597674 0.3)
(-1.114324632 -1.353066718 0.3)
(-1.018005868 -1.406283049 0.3)
(-0.9235202852 -1.451635822 0.3)
(-0.8308932296 -1.490535674 0.3)
(-0.7402525846 -1.524159613 0.3)
(-0.6515773809 -1.55353451 0.3)
(-0.5647394642 -1.579559148 0.3)
(-0.479471867 -1.603017617 0.3)
(-0.3972337505 -1.624600932 0.3)
(-0.3143287491 -1.645186012 0.3)
(-0.2308048905 -1.664984033 0.3)
(-0.1490869384 -1.684079949 0.3)
(-0.07143544121 -1.701383401 0.3)
(0.003221086299 -1.71743997 0.3)
(0.07505958954 -1.732469092 0.3)
(0.1441677093 -1.746692161 0.3)
(0.210689877 -1.760252221 0.3)
(0.2749282899 -1.773266231 0.3)
(0.3369886735 -1.785841534 0.3)
(0.3970170277 -1.798055552 0.3)
(0.4551447315 -1.809969242 0.3)
(0.5115085908 -1.821635819 0.3)
(0.5662207102 -1.833098617 0.3)
(0.619393931 -1.844390876 0.3)
(0.6711330739 -1.855534415 0.3)
(0.7215222906 -1.866547891 0.3)
(0.7706588298 -1.877438191 0.3)
(0.8186131979 -1.88821317 0.3)
(0.8654632332 -1.89888477 0.3)
(0.9112773609 -1.909446553 0.3)
(0.9560962049 -1.919782222 0.3)
(1 -1.929995254 0.3)
(-1.606361685 -0.2048082238 0.3)
(-1.591558146 -0.3891956027 0.3)
(-1.551239118 -0.552481914 0.3)
(-1.493146828 -0.69581076 0.3)
(-1.422665178 -0.8197848077 0.3)
(-1.343719963 -0.9264643158 0.3)
(-1.259805437 -1.01762694 0.3)
(-1.172165187 -1.09553488 0.3)
(-1.083782363 -1.16170182 0.3)
(-0.995053893 -1.21789568 0.3)
(-0.906740884 -1.265772014 0.3)
(-0.8199531827 -1.306564949 0.3)
(-0.7346736699 -1.341551902 0.3)
(-0.6510118579 -1.3717924 0.3)
(-0.5689419713 -1.398211499 0.3)
(-0.4883409993 -1.42162037 0.3)
(-0.4089530499 -1.442727988 0.3)
(-0.3322876946 -1.46216127 0.3)
(-0.2546034978 -1.480747667 0.3)
(-0.1759782871 -1.498645457 0.3)
(-0.09891401608 -1.515892224 0.3)
(-0.0255949152 -1.531499026 0.3)
(0.04501821845 -1.545961567 0.3)
(0.1130820505 -1.559479417 0.3)
(0.1786631393 -1.572258405 0.3)
(0.2418870244 -1.584428081 0.3)
(0.3030412513 -1.596094389 0.3)
(0.362214342 -1.607355955 0.3)
(0.4195371204 -1.618282975 0.3)
(0.4751267377 -1.628930568 0.3)
(0.5291070706 -1.639347377 0.3)
(0.5815779611 -1.649573133 0.3)
(0.6326410875 -1.659638234 0.3)
(0.6823909766 -1.669562219 0.3)
(0.7309020467 -1.679362037 0.3)
(0.7782629621 -1.68904316 0.3)
(0.8245359618 -1.698612461 0.3)
(0.8697915317 -1.708081316 0.3)
(0.9140912776 -1.717442633 0.3)
(0.9574691291 -1.726577552 0.3)
(1 -1.735591395 0.3)
(-1.439269584 -0.1838947261 0.3)
(-1.426038824 -0.3494401381 0.3)
(-1.389523832 -0.4960120487 0.3)
(-1.33685484 -0.6247029824 0.3)
(-1.272908159 -0.7359692527 0.3)
(-1.201204217 -0.831703201 0.3)
(-1.124932651 -0.9134891196 0.3)
(-1.045082296 -0.9834017134 0.3)
(-0.9644846015 -1.042762577 0.3)
(-0.8833969431 -1.093167175 0.3)
(-0.8024925326 -1.13611512 0.3)
(-0.7228344963 -1.172696853 0.3)
(-0.6443659424 -1.204066326 0.3)
(-0.5671790465 -1.231174171 0.3)
(-0.4912433455 -1.254851072 0.3)
(-0.4164404273 -1.275826974 0.3)
(-0.3425245496 -1.294741202 0.3)
(-0.271052025 -1.312161222 0.3)
(-0.198239461 -1.328868592 0.3)
(-0.1241923414 -1.34497247 0.3)
(-0.051484349 -1.360466426 0.3)
(0.01777631373 -1.374461332 0.3)
(0.08459805485 -1.387405676 0.3)
(0.1491188562 -1.399480739 0.3)
(0.2113858327 -1.410878056 0.3)
(0.2715071033 -1.42171478 0.3)
(0.3297567216 -1.432086752 0.3)
(0.3862073356 -1.442084626 0.3)
(0.4409757693 -1.451771992 0.3)
(0.4941660471 -1.461198649 0.3)
(0.5458901167 -1.470409086 0.3)
(0.5962365032 -1.479439771 0.3)
(0.6452965832 -1.488318541 0.3)
(0.6931553828 -1.497062885 0.3)
(0.7398783352 -1.505688235 0.3)
(0.7855461816 -1.514198803 0.3)
(0.8302135281 -1.522600607 0.3)
(0.8739440729 -1.530904546 0.3)
(0.9167931265 -1.539102965 0.3)
(0.9587884342 -1.547074664 0.3)
(1 -1.554926716 0.3)
(-1.283871957 -0.1645841445 0.3)
(-1.272000041 -0.3127313306 0.3)
(-1.238928324 -0.4438703704 0.3)
(-1.191217523 -0.5590471569 0.3)
(-1.133271541 -0.6585827502 0.3)
(-1.068233463 -0.7442141234 0.3)
(-0.9990092723 -0.8173464851 0.3)
(-0.9263505528 -0.8798808442 0.3)
(-0.8529473281 -0.9329607738 0.3)
(-0.7789268825 -0.9780219035 0.3)
(-0.7048803932 -1.016419313 0.3)
(-0.6318272602 -1.049110244 0.3)
(-0.5596733634 -1.077134202 0.3)
(-0.4884945391 -1.10134087 0.3)
(-0.4182557765 -1.122473435 0.3)
(-0.3488427809 -1.141186528 0.3)
(-0.2800191184 -1.158054882 0.3)
(-0.2133844473 -1.173590815 0.3)
(-0.145116322 -1.188533303 0.3)
(-0.07534589445 -1.202945888 0.3)
(-0.006713502937 -1.216781244 0.3)
(0.05874771244 -1.229247812 0.3)
(0.1220168557 -1.240749451 0.3)
(0.183214686 -1.251450602 0.3)
(0.2423703774 -1.261529651 0.3)
(0.299575977 -1.271092361 0.3)
(0.3550931074 -1.280225305 0.3)
(0.408979763 -1.289011829 0.3)
(0.4613398469 -1.297509487 0.3)
(0.5122652662 -1.305763222 0.3)
(0.5618569576 -1.313813741 0.3)
(0.6101929974 -1.321694558 0.3)
(0.6573552512 -1.329431196 0.3)
(0.7034199726 -1.337039303 0.3)
(0.7484442965 -1.344532955 0.3)
(0.7925016486 -1.351915247 0.3)
(0.8356395844 -1.359191449 0.3)
(0.8779155337 -1.36637206 0.3)
(0.9193789921 -1.37344894 0.3)
(0.9600519908 -1.380298749 0.3)
(1 -1.387030222 0.3)
(-1.139357929 -0.1467461667 0.3)
(-1.128660056 -0.2788215467 0.3)
(-1.09870888 -0.3957050039 0.3)
(-1.055535191 -0.4983998181 0.3)
(-1.003103272 -0.5871020082 0.3)
(-0.9442049915 -0.6634047483 0.3)
(-0.8814822417 -0.7285473495 0.3)
(-0.8154656878 -0.7842698749 0.3)
(-0.7487135326 -0.8315508807 0.3)
(-0.6812318201 -0.8716778347 0.3)
(-0.6135351863 -0.905871827 0.3)
(-0.5466021293 -0.9349666073 0.3)
(-0.4803037014 -0.9598955722 0.3)
(-0.4147003575 -0.9814148032 0.3)
(-0.3497526955 -1.000186356 0.3)
(-0.2853501119 -1.01679502 0.3)
(-0.2212647169 -1.031755614 0.3)
(-0.1591363711 -1.045529293 0.3)
(-0.09510628223 -1.058815517 0.3)
(-0.02932942845 -1.071635473 0.3)
(0.03549191153 -1.083903828 0.3)
(0.09739816164 -1.09492385 0.3)
(0.1573406007 -1.105057277 0.3)
(0.2154241038 -1.114453034 0.3)
(0.2716612832 -1.123277407 0.3)
(0.3261293516 -1.131625687 0.3)
(0.3790784719 -1.13957593 0.3)
(0.4305531049 -1.147204789 0.3)
(0.480645224 -1.15456429 0.3)
(0.529435546 -1.16169494 0.3)
(0.5770148393 -1.168634005 0.3)
(0.6234515292 -1.175412315 0.3)
(0.6688186958 -1.182053302 0.3)
(0.7131844898 -1.188570958 0.3)
(0.7565983791 -1.194978145 0.3)
(0.7991270316 -1.201276969 0.3)
(0.8408114879 -1.207472041 0.3)
(0.8817033864 -1.213573526 0.3)
(0.9218468497 -1.21957287 0.3)
(0.9612586267 -1.225344774 0.3)
(1 -1.230999543 0.3)
(-1.004971799 -0.1302620119 0.3)
(-0.9952883333 -0.2474850603 0.3)
(-0.9681685975 -0.3511952128 0.3)
(-0.9291503373 -0.4423567717 0.3)
(-0.8817887647 -0.521050116 0.3)
(-0.8285488901 -0.5887352925 0.3)
(-0.7718267575 -0.6464978965 0.3)
(-0.711947351 -0.6959288298 0.3)
(-0.6513460339 -0.73785366 0.3)
(-0.5899158807 -0.7734224885 0.3)
(-0.5281001332 -0.8037321718 0.3)
(-0.4668390485 -0.8295019452 0.3)
(-0.4059711138 -0.8515668128 0.3)
(-0.3455423201 -0.8705960557 0.3)
(-0.2855090415 -0.8871764876 0.3)
(-0.2257639879 -0.9018281168 0.3)
(-0.1660871176 -0.9150101864 0.3)
(-0.1081555839 -0.9271363779 0.3)
(-0.04807677013 -0.938869479 0.3)
(0.01397222774 -0.9501913387 0.3)
(0.07523157147 -0.9609813117 0.3)
(0.1338133376 -0.9706343737 0.3)
(0.1906424349 -0.9794725637 0.3)
(0.2458090818 -0.987630498 0.3)
(0.2993105953 -0.9952633267 0.3)
(0.3512104893 -1.0024567 0.3)
(0.4017483576 -1.00928085 0.3)
(0.450956157 -1.015806289 0.3)
(0.498914841 -1.022079975 0.3)
(0.545694788 -1.028138364 0.3)
(0.5913773732 -1.034015582 0.3)
(0.6360221031 -1.039740022 0.3)
(0.6796939405 -1.045333223 0.3)
(0.7224535479 -1.050807683 0.3)
(0.7643433069 -1.056175181 0.3)
(0.8054236404 -1.061436938 0.3)
(0.8457295669 -1.066596993 0.3)
(0.8853073718 -1.07166523 0.3)
(0.9241962113 -1.076632738 0.3)
(0.9624079497 -1.081372425 0.3)
(1 -1.085996081 0.3)
(-0.88000944 -0.1150232993 0.3)
(-0.8712024794 -0.2185159038 0.3)
(-0.8466548642 -0.3100483437 0.3)
(-0.8114456448 -0.3905492379 0.3)
(-0.7687494278 -0.4599919851 0.3)
(-0.7207270609 -0.5197133528 0.3)
(-0.669545754 -0.5706564795 0.3)
(-0.6153390214 -0.6142740011 0.3)
(-0.5604277788 -0.6512496247 0.3)
(-0.5045998584 -0.6826060739 0.3)
(-0.4482319262 -0.7093249989 0.3)
(-0.3922285031 -0.73201943 0.3)
(-0.3363976408 -0.7514331196 0.3)
(-0.2807717418 -0.7681548434 0.3)
(-0.2253031319 -0.7827016243 0.3)
(-0.1698874993 -0.7955333791 0.3)
(-0.1143120161 -0.8070577888 0.3)
(-0.06028843324 -0.8176444813 0.3)
(-0.003892660452 -0.8279222076 0.3)
(0.05467767289 -0.8378362825 0.3)
(0.1126092399 -0.8472332455 0.3)
(0.1680835452 -0.855596398 0.3)
(0.2220005493 -0.863210402 0.3)
(0.2744369407 -0.8701966767 0.3)
(0.3253759044 -0.8767001119 0.3)
(0.3748683001 -0.8827974825 0.3)
(0.423143968 -0.8885518258 0.3)
(0.4702233083 -0.8940280126 0.3)
(0.5161770909 -0.8992683595 0.3)
(0.5610661397 -0.9043056116 0.3)
(0.604963148 -0.9091710303 0.3)
(0.6479193787 -0.9138907912 0.3)
(0.6899922906 -0.9184847201 0.3)
(0.7312356241 -0.9229639646 0.3)
(0.7716852087 -0.9273393345 0.3)
(0.8113956942 -0.9316112628 0.3)
(0.8503965305 -0.9357832844 0.3)
(0.8887290536 -0.9398650517 0.3)
(0.9264278273 -0.943847347 0.3)
(0.9635001974 -0.9476014343 0.3)
(1 -0.9512405047 0.3)
(-0.7638148977 -0.1009310396 0.3)
(-0.7557653146 -0.1917259524 0.3)
(-0.7335569009 -0.2719971031 0.3)
(-0.7018420023 -0.3426404143 0.3)
(-0.6634411328 -0.4035302863 0.3)
(-0.6202321258 -0.4558892992 0.3)
(-0.5741692169 -0.5005285435 0.3)
(-0.5252077022 -0.5387724671 0.3)
(-0.4755618882 -0.5711732147 0.3)
(-0.42492158 -0.5986353768 0.3)
(-0.3736013782 -0.6220337526 0.3)
(-0.322472421 -0.6418828603 0.3)
(-0.2713143278 -0.6588418114 0.3)
(-0.2201467459 -0.6734247039 0.3)
(-0.1689181324 -0.6860838185 0.3)
(-0.1175268565 -0.6972233224 0.3)
(-0.06576672557 -0.7072030532 0.3)
(-0.01538159157 -0.7163517549 0.3)
(0.0375819194 -0.725266585 0.3)
(0.09290711401 -0.7338589255 0.3)
(0.1477309596 -0.7419448232 0.3)
(0.2003019341 -0.7490923373 0.3)
(0.2514964316 -0.7555509787 0.3)
(0.3013786451 -0.7614299873 0.3)
(0.3499186981 -0.7668647959 0.3)
(0.3971557555 -0.7719240028 0.3)
(0.4433106532 -0.7766640232 0.3)
(0.4883931059 -0.7811445464 0.3)
(0.53246447 -0.7854036286 0.3)
(0.5755767352 -0.7894706165 0.3)
(0.6177945687 -0.793374155 0.3)
(0.65916161 -0.797138401 0.3)
(0.6997283791 -0.8007816243 0.3)
(0.7395422152 -0.8043137539 0.3)
(0.7786328875 -0.8077447294 0.3)
(0.8170497073 -0.81107428 0.3)
(0.8548169732 -0.8143054992 0.3)
(0.8919714436 -0.8174478477 0.3)
(0.9285434343 -0.8204918443 0.3)
(0.9645361103 -0.8233072456 0.3)
(1 -0.8260085619 0.3)
(-0.6557772061 -0.08789473521 0.3)
(-0.648382089 -0.1669432154 0.3)
(-0.6283033915 -0.2367971273 0.3)
(-0.5997965429 -0.2983224102 0.3)
(-0.5653526564 -0.3513018256 0.3)
(-0.5265862522 -0.3968521642 0.3)
(-0.4852533731 -0.4356620955 0.3)
(-0.4411434501 -0.4689372027 0.3)
(-0.3963714987 -0.497107602 0.3)
(-0.3505360339 -0.5209683083 0.3)
(-0.3038938074 -0.5412950062 0.3)
(-0.2572847866 -0.558510825 0.3)
(-0.2104620394 -0.5731963571 0.3)
(-0.1634332504 -0.5857964199 0.3)
(-0.1161431893 -0.5967032275 0.3)
(-0.06849264175 -0.6062692197 0.3)
(-0.02028152173 -0.6148098368 0.3)
(0.02671653042 -0.6226158765 0.3)
(0.07648213256 -0.630255168 0.3)
(0.1287808904 -0.6376075761 0.3)
(0.1807035807 -0.6444608121 0.3)
(0.2305630392 -0.6504640133 0.3)
(0.27921343 -0.655833664 0.3)
(0.3267074006 -0.6606677596 0.3)
(0.3730029984 -0.6650930115 0.3)
(0.4181285763 -0.6691704809 0.3)
(0.4622966538 -0.6729504851 0.3)
(0.5055070628 -0.67648795 0.3)
(0.5478124542 -0.679817019 0.3)
(0.5892566477 -0.6829639237 0.3)
(0.629896887 -0.6859549168 0.3)
(0.6697697602 -0.6888123148 0.3)
(0.7089193687 -0.6915529744 0.3)
(0.7473871305 -0.6941857216 0.3)
(0.7851972075 -0.6967197149 0.3)
(0.8223939727 -0.6991540541 0.3)
(0.858996958 -0.7014914451 0.3)
(0.8950386868 -0.703741191 0.3)
(0.9305455445 -0.7058935846 0.3)
(0.9655168259 -0.7078169986 0.3)
(1 -0.7096271851 0.3)
(-0.5553273939 -0.07583157595 0.3)
(-0.548497838 -0.1440103088 0.3)
(-0.5303601987 -0.2042248113 0.3)
(-0.5048007219 -0.257313506 0.3)
(-0.4740041119 -0.302974306 0.3)
(-0.4393399259 -0.3422259719 0.3)
(-0.402379787 -0.3756436588 0.3)
(-0.3627587746 -0.4043227138 0.3)
(-0.3224994442 -0.4285800519 0.3)
(-0.2811153064 -0.4491090375 0.3)
(-0.2388092067 -0.4665934042 0.3)
(-0.1963920167 -0.481371491 0.3)
(-0.1535920189 -0.4939510408 0.3)
(-0.1104056857 -0.5047125898 0.3)
(-0.06677428113 -0.5139926175 0.3)
(-0.02260077108 -0.5220955624 0.3)
(0.02230930637 -0.5292956616 0.3)
(0.06615466611 -0.5358484897 0.3)
(0.1129412702 -0.5422946485 0.3)
(0.1624182882 -0.5484847279 0.3)
(0.2116335722 -0.5541801084 0.3)
(0.258961597 -0.5591072703 0.3)
(0.3052355826 -0.5634516952 0.3)
(0.350497506 -0.5673009923 0.3)
(0.3946942448 -0.5707738263 0.3)
(0.437844153 -0.573924307 0.3)
(0.4801520662 -0.5767971335 0.3)
(0.5216086723 -0.5794428491 0.3)
(0.5622585696 -0.581892002 0.3)
(0.6021380187 -0.5841679658 0.3)
(0.6412973961 -0.5862948039 0.3)
(0.6797667649 -0.5882931533 0.3)
(0.7175842875 -0.5901785857 0.3)
(0.7547859024 -0.5919589283 0.3)
(0.7913905828 -0.5936426366 0.3)
(0.8274381314 -0.5952282472 0.3)
(0.8629436685 -0.5967181252 0.3)
(0.897935798 -0.5981214453 0.3)
(0.9324372674 -0.5994283064 0.3)
(0.9664437888 -0.6005058096 0.3)
(1 -0.6014708747 0.3)
(-0.461935678 -0.0646657199 0.3)
(-0.4555948774 -0.1227830884 0.3)
(-0.4392281723 -0.1740753659 0.3)
(-0.4163784418 -0.2193557026 0.3)
(-0.3889453879 -0.258243431 0.3)
(-0.3580706924 -0.2916664541 0.3)
(-0.3251543917 -0.3200946547 0.3)
(-0.289687941 -0.3445211317 0.3)
(-0.2536078092 -0.3651577749 0.3)
(-0.2163483673 -0.382603638 0.3)
(-0.178062238 -0.39745714 0.3)
(-0.1395331433 -0.409977942 0.3)
(-0.1004662362 -0.4206061903 0.3)
(-0.0608474878 -0.429662772 0.3)
(-0.0206148356 -0.4374324453 0.3)
(0.02032678435 -0.4441751017 0.3)
(0.06216665172 -0.4501267348 0.3)
(0.1030778234 -0.4555102217 0.3)
(0.1470898367 -0.4608408853 0.3)
(0.1939365982 -0.4659421223 0.3)
(0.2406260711 -0.4705508451 0.3)
(0.2855915921 -0.4744671342 0.3)
(0.3296466719 -0.4778473913 0.3)
(0.3728234215 -0.4807696285 0.3)
(0.415058384 -0.4833450826 0.3)
(0.4563606635 -0.4856214494 0.3)
(0.496927993 -0.4876382488 0.3)
(0.5367425982 -0.4894419899 0.3)
(0.5758416256 -0.4910599145 0.3)
(0.6142543408 -0.4925127721 0.3)
(0.6520247649 -0.4938226212 0.3)
(0.6891769217 -0.4950085645 0.3)
(0.7257434767 -0.4960850042 0.3)
(0.7617552969 -0.497058861 0.3)
(0.7972265514 -0.4979379578 0.3)
(0.8321928132 -0.4987203261 0.3)
(0.866665118 -0.4994080314 0.3)
(0.9006684414 -0.5000101443 0.3)
(0.9342221629 -0.5005165973 0.3)
(0.9673186766 -0.5007933229 0.3)
(1 -0.5009583373 0.3)
(-0.3769368381 -0.05454487511 0.3)
(-0.3710098622 -0.1035423954 0.3)
(-0.3562267211 -0.1467476199 0.3)
(-0.3358176807 -0.1849509577 0.3)
(-0.31142295 -0.217700478 0.3)
(-0.2839767105 -0.24584163 0.3)
(-0.2547227258 -0.2697487069 0.3)
(-0.2230216363 -0.2903219506 0.3)
(-0.1907314575 -0.3076778501 0.3)
(-0.157214442 -0.3223297889 0.3)
(-0.1225774163 -0.3347986847 0.3)
(-0.08757931007 -0.3452727209 0.3)
(-0.05190415416 -0.3541306344 0.3)
(-0.01552829755 -0.3616391199 0.3)
(0.02161340603 -0.3680359443 0.3)
(0.05961427505 -0.3735405224 0.3)
(0.09865891164 -0.3783540961 0.3)
(0.1368970575 -0.3826698256 0.3)
(0.1783797166 -0.386980056 0.3)
(0.2228269196 -0.3910834554 0.3)
(0.2672103414 -0.3946946777 0.3)
(0.3100181915 -0.3976822039 0.3)
(0.352045844 -0.400175756 0.3)
(0.393316476 -0.4022446607 0.3)
(0.4337572678 -0.4039934393 0.3)
(0.473368943 -0.4054639909 0.3)
(0.5123428055 -0.4066911585 0.3)
(0.5506534116 -0.4077178133 0.3)
(0.5883311556 -0.4085682183 0.3)
(0.6253989635 -0.4092607629 0.3)
(0.6618950972 -0.4098157055 0.3)
(0.6978381065 -0.4102507759 0.3)
(0.7332556751 -0.4105793322 0.3)
(0.7681740726 -0.4108074893 0.3)
(0.8026031135 -0.4109425116 0.3)
(0.8365745368 -0.4109819865 0.3)
(0.8700956753 -0.4109277211 0.3)
(0.9031882153 -0.410788704 0.3)
(0.9358684829 -0.4105547283 0.3)
(0.9681258637 -0.4100906739 0.3)
(1 -0.4095155642 0.3)
(-0.30688245 -0.04623321341 0.3)
(-0.3012743528 -0.08774104206 0.3)
(-0.2877761607 -0.1243049417 0.3)
(-0.2693604157 -0.1566967649 0.3)
(-0.2474533836 -0.1844060307 0.3)
(-0.2228181542 -0.2082104008 0.3)
(-0.1965696185 -0.2284055454 0.3)
(-0.1679605317 -0.2458153201 0.3)
(-0.1387841753 -0.2604777191 0.3)
(-0.1083432991 -0.2728356364 0.3)
(-0.07670692236 -0.2833462196 0.3)
(-0.04461348297 -0.2921388347 0.3)
(-0.0117295519 -0.2995416857 0.3)
(0.02197649827 -0.3057768723 0.3)
(0.05657239559 -0.3110434904 0.3)
(0.09215005403 -0.3155276432 0.3)
(0.1288902485 -0.3194019699 0.3)
(0.1649235313 -0.3228351686 0.3)
(0.2043186058 -0.3263006679 0.3)
(0.2467840776 -0.3295767699 0.3)
(0.2892617249 -0.3323597908 0.3)
(0.3302859127 -0.3345755988 0.3)
(0.3706369254 -0.3363317737 0.3)
(0.4103306099 -0.3376905197 0.3)
(0.4492864598 -0.3387508552 0.3)
(0.4874983196 -0.339549931 0.3)
(0.5251522193 -0.3401187622 0.3)
(0.5622164175 -0.3404972454 0.3)
(0.5987157646 -0.3407072107 0.3)
(0.6346679814 -0.340765122 0.3)
(0.6701066006 -0.3406897724 0.3)
(0.7050456769 -0.3404977763 0.3)
(0.7395088024 -0.3402016464 0.3)
(0.7735184719 -0.3398068471 0.3)
(0.8070809231 -0.3393201946 0.3)
(0.8402247462 -0.3387389217 0.3)
(0.8729542325 -0.3380646325 0.3)
(0.9052883668 -0.3373062574 0.3)
(0.9372409674 -0.336453483 0.3)
(0.9687989478 -0.3353703296 0.3)
(1 -0.3341766574 0.3)
(-0.2491485618 -0.03940350906 0.3)
(-0.2437882063 -0.07475698576 0.3)
(-0.2313352761 -0.1058637686 0.3)
(-0.2145498647 -0.1334805437 0.3)
(-0.194681871 -0.1570487009 0.3)
(-0.1723533326 -0.1772901524 0.3)
(-0.1485728818 -0.1944358804 0.3)
(-0.1225043142 -0.2092468869 0.3)
(-0.09588751256 -0.2216965663 0.3)
(-0.06797614415 -0.2321698004 0.3)
(-0.03880802853 -0.2410712532 0.3)
(-0.009104675191 -0.24848188 0.3)
(0.02148176857 -0.254688294 0.3)
(0.05298953511 -0.2598758898 0.3)
(0.08548850742 -0.2642119327 0.3)
(0.1190694652 -0.2678551058 0.3)
(0.153910048 -0.2709545022 0.3)
(0.1881250118 -0.2736586809 0.3)
(0.2257976512 -0.276425495 0.3)
(0.2666271636 -0.2790164724 0.3)
(0.3075306964 -0.2811128219 0.3)
(0.3470812838 -0.2826883931 0.3)
(0.3860466783 -0.2838324143 0.3)
(0.4244367078 -0.2846012434 0.3)
(0.4621645517 -0.285089386 0.3)
(0.4992184042 -0.2853300992 0.3)
(0.5357799655 -0.2853512613 0.3)
(0.5718123201 -0.285190334 0.3)
(0.6073357638 -0.2848671572 0.3)
(0.6423637408 -0.2843966213 0.3)
(0.6769258985 -0.2837963241 0.3)
(0.711032598 -0.283081972 0.3)
(0.7447040698 -0.2822653909 0.3)
(0.7779597064 -0.2813515184 0.3)
(0.8108028064 -0.2803468098 0.3)
(0.8432593726 -0.2792482132 0.3)
(0.8753311969 -0.2780571724 0.3)
(0.907035044 -0.2767825759 0.3)
(0.9383826711 -0.2754140284 0.3)
(0.96935896 -0.2738148471 0.3)
(1 -0.2721055862 0.3)
(-0.201570786 -0.03378893011 0.3)
(-0.1964043747 -0.06408298122 0.3)
(-0.1848035333 -0.09070361221 0.3)
(-0.1693532448 -0.1143950966 0.3)
(-0.1511580325 -0.1345592457 0.3)
(-0.1307236605 -0.1518721076 0.3)
(-0.1089711595 -0.1665114296 0.3)
(-0.08499098278 -0.1791864832 0.3)
(-0.06047897347 -0.1898174882 0.3)
(-0.03464832093 -0.1987415738 0.3)
(-0.007511104508 -0.2063202009 0.3)
(0.02022514373 -0.2125944733 0.3)
(0.04892018648 -0.2178167665 0.3)
(0.07861772036 -0.2221422584 0.3)
(0.1093894227 -0.2257120103 0.3)
(0.1413251541 -0.2286621309 0.3)
(0.1745999835 -0.2311223273 0.3)
(0.2073156611 -0.2332245758 0.3)
(0.2435675094 -0.2354139038 0.3)
(0.2830469778 -0.2374380227 0.3)
(0.3226509208 -0.2389656948 0.3)
(0.3609846683 -0.2400107769 0.3)
(0.3988055795 -0.2406473036 0.3)
(0.4361185376 -0.2409268315 0.3)
(0.4728315325 -0.2409401615 0.3)
(0.5089281144 -0.2407173558 0.3)
(0.5445864274 -0.24028372 0.3)
(0.5797653024 -0.23967472 0.3)
(0.6144812919 -0.2389085658 0.3)
(0.6487443244 -0.2379988603 0.3)
(0.6825808539 -0.2369622246 0.3)
(0.7159982051 -0.2358136241 0.3)
(0.7490138449 -0.2345643261 0.3)
(0.7816446157 -0.23321884 0.3)
(0.8138913996 -0.2317833292 0.3)
(0.8457780726 -0.2302545126 0.3)
(0.8773043713 -0.2286337064 0.3)
(0.9084852353 -0.226929769 0.3)
(0.9393307272 -0.2251322416 0.3)
(0.9698240582 -0.2231038653 0.3)
(1 -0.2209657696 0.3)
(-0.1623641813 -0.02917151391 0.3)
(-0.1573506569 -0.05530467711 0.3)
(-0.1464456713 -0.07823593977 0.3)
(-0.1320898843 -0.09869940486 0.3)
(-0.1152679988 -0.1160643263 0.3)
(-0.09638993997 -0.1309690108 0.3)
(-0.07630452699 -0.1435473871 0.3)
(-0.05404175278 -0.1544661432 0.3)
(-0.03126114665 -0.1636017219 0.3)
(-0.00714252171 -0.1712519384 0.3)
(0.01832327343 -0.1777426851 0.3)
(0.04444024329 -0.1830822547 0.3)
(0.07157798099 -0.1874948343 0.3)
(0.09978470041 -0.1911107232 0.3)
(0.1291335701 -0.1940494073 0.3)
(0.159713704 -0.196428408 0.3)
(0.191698061 -0.1983614696 0.3)
(0.2231776826 -0.1999669128 0.3)
(0.2582578052 -0.2016792024 0.3)
(0.2966234966 -0.2032346689 0.3)
(0.3351548926 -0.2042918205 0.3)
(0.3724842272 -0.2048977985 0.3)
(0.4093602507 -0.2051140691 0.3)
(0.4457837817 -0.2049882436 0.3)
(0.4816585432 -0.2046080802 0.3)
(0.5169642672 -0.2040010171 0.3)
(0.551876175 -0.2031902483 0.3)
(0.5863495999 -0.2022096028 0.3)
(0.6203980161 -0.201075954 0.3)
(0.6540284613 -0.1998018502 0.3)
(0.6872647632 -0.1984031132 0.3)
(0.7201117495 -0.1968941031 0.3)
(0.7525846145 -0.1952856313 0.3)
(0.7846981034 -0.1935818585 0.3)
(0.8164511109 -0.1917887119 0.3)
(0.8478657638 -0.1899027245 0.3)
(0.8789401082 -0.1879251108 0.3)
(0.9096875828 -0.1858647074 0.3)
(0.9401168566 -0.1837110053 0.3)
(0.9702097662 -0.181326274 0.3)
(1 -0.1788321188 0.3)
(-0.1300569812 -0.02537295762 0.3)
(-0.1251647338 -0.048083112 0.3)
(-0.1148288679 -0.06797930662 0.3)
(-0.1013711014 -0.08578730316 0.3)
(-0.08567738672 -0.1008495662 0.3)
(-0.06807865968 -0.1137733389 0.3)
(-0.0493642193 -0.124656476 0.3)
(-0.02851422288 -0.1341306067 0.3)
(-0.00715826055 -0.1420361283 0.3)
(0.01555137116 -0.1486384858 0.3)
(0.03964133151 -0.1542342841 0.3)
(0.06442514395 -0.1588047987 0.3)
(0.09028051293 -0.1625510055 0.3)
(0.1172593845 -0.1655827181 0.3)
(0.1454361644 -0.1680016561 0.3)
(0.1748993586 -0.1699100347 0.3)
(0.2058201934 -0.1714084527 0.3)
(0.2362808915 -0.1726039847 0.3)
(0.2703948599 -0.1739223962 0.3)
(0.3078419103 -0.1750906427 0.3)
(0.3454884046 -0.1757587844 0.3)
(0.3819889433 -0.1760016043 0.3)
(0.4180851531 -0.1758701799 0.3)
(0.4537745098 -0.1754088787 0.3)
(0.4889572271 -0.1747029585 0.3)
(0.5236098966 -0.1737777017 0.3)
(0.5579053363 -0.1726545677 0.3)
(0.5917960021 -0.1713660415 0.3)
(0.6252928365 -0.1699279002 0.3)
(0.658400499 -0.1683518272 0.3)
(0.6911406571 -0.1666529892 0.3)
(0.7235160843 -0.1648452513 0.3)
(0.7555401053 -0.1629390522 0.3)
(0.78722574 -0.1609382684 0.3)
(0.8185702481 -0.1588486347 0.3)
(0.8495943174 -0.1566665337 0.3)
(0.8802946035 -0.1543930981 0.3)
(0.9106833098 -0.1520371483 0.3)
(0.9407679589 -0.149588136 0.3)
(0.9705292566 -0.1469079434 0.3)
(1 -0.1441185697 0.3)
(-0.103435817 -0.02224722435 0.3)
(-0.09864030854 -0.04214066054 0.3)
(-0.08877049122 -0.05953939138 0.3)
(-0.07605006426 -0.07516233214 0.3)
(-0.06128359881 -0.08832989935 0.3)
(-0.04473693285 -0.09962376409 0.3)
(-0.02715030977 -0.1091120793 0.3)
(-0.007462812162 -0.1173976063 0.3)
(0.01272065039 -0.1242910602 0.3)
(0.03427046437 -0.1300312295 0.3)
(0.05722772449 -0.1348906018 0.3)
(0.08091380629 -0.1388282035 0.3)
(0.1057131053 -0.1420258962 0.3)
(0.1316806496 -0.1445766229 0.3)
(0.1588918701 -0.1465674722 0.3)
(0.1874347768 -0.1480880542 0.3)
(0.2174791722 -0.1492281411 0.3)
(0.2471000161 -0.1500855451 0.3)
(0.2804174494 -0.1510788667 0.3)
(0.3171069542 -0.1519273385 0.3)
(0.3540235441 -0.1522740603 0.3)
(0.3898403839 -0.1522167381 0.3)
(0.4252932097 -0.1517978666 0.3)
(0.460376748 -0.151059146 0.3)
(0.4949883248 -0.1500837781 0.3)
(0.529101948 -0.1488952731 0.3)
(0.5628884589 -0.1475136648 0.3)
(0.5962979461 -0.1459703348 0.3)
(0.6293392686 -0.1442801593 0.3)
(0.6620151293 -0.142454112 0.3)
(0.6943454181 -0.1405068229 0.3)
(0.7263312183 -0.1384517511 0.3)
(0.7579843161 -0.1362990304 0.3)
(0.7893163118 -0.1340523052 0.3)
(0.8203231196 -0.1317171536 0.3)
(0.8510242432 -0.1292898356 0.3)
(0.8814151936 -0.1267714181 0.3)
(0.9115071583 -0.1241707095 0.3)
(0.9413067161 -0.1214771304 0.3)
(0.9707936421 -0.1185522451 0.3)
(1 -0.115518378 0.3)
(-0.08150046626 -0.01967458291 0.3)
(-0.07678250143 -0.03724970423 0.3)
(-0.06729472694 -0.05259290226 0.3)
(-0.05518006905 -0.06641746916 0.3)
(-0.04117603513 -0.07802567212 0.3)
(-0.02549481641 -0.08797812803 0.3)
(-0.008836227983 -0.09631853151 0.3)
(0.009894499221 -0.1036258715 0.3)
(0.02911279915 -0.1096864185 0.3)
(0.049707755 -0.1147170084 0.3)
(0.07173236214 -0.1189702663 0.3)
(0.09451447183 -0.122386895 0.3)
(0.118443998 -0.125133014 0.3)
(0.1435785125 -0.1272876723 0.3)
(0.1699942953 -0.1289259084 0.3)
(0.1977789507 -0.1301269506 0.3)
(0.2271011109 -0.1309716542 0.3)
(0.2560297539 -0.1315502022 0.3)
(0.2886905696 -0.1322752933 0.3)
(0.3247554739 -0.1328597979 0.3)
(0.3610701307 -0.1329410816 0.3)
(0.3963230924 -0.1326358372 0.3)
(0.4312452274 -0.1319794727 0.3)
(0.4658289999 -0.1310114935 0.3)
(0.4999693596 -0.1298134107 0.3)
(0.5336381882 -0.1284072771 0.3)
(0.5670047007 -0.1268119545 0.3)
(0.6000170373 -0.1250579173 0.3)
(0.6326823423 -0.123159302 0.3)
(0.6650017082 -0.1211264993 0.3)
(0.6969935622 -0.1189736984 0.3)
(0.7286575961 -0.1167140258 0.3)
(0.7600043303 -0.1143573655 0.3)
(0.7910441964 -0.1119071719 0.3)
(0.8217720012 -0.1093688951 0.3)
(0.8522062737 -0.1067386955 0.3)
(0.8823415832 -0.1040175864 0.3)
(0.9121882806 -0.1012143676 0.3)
(0.9417521679 -0.09831843457 0.3)
(0.9710122544 -0.09519109046 0.3)
(1 -0.09195492836 0.3)
(-0.06342648899 -0.01755678649 0.3)
(-0.05877094632 -0.03322346673 0.3)
(-0.04959662311 -0.04687455863 0.3)
(-0.03797988656 -0.05921873341 0.3)
(-0.02460298085 -0.06954331599 0.3)
(-0.009633889212 -0.0783915866 0.3)
(0.006260889793 -0.08578709762 0.3)
(0.02420402251 -0.09228925999 0.3)
(0.04262771016 -0.09766421144 0.3)
(0.06243644567 -0.1021107074 0.3)
(0.08369303429 -0.1058650141 0.3)
(0.105730667 -0.1088527425 0.3)
(0.1289438079 -0.1112270464 0.3)
(0.1533921282 -0.1130555311 0.3)
(0.1791526099 -0.1144033101 0.3)
(0.2063125252 -0.1153410608 0.3)
(0.2350395441 -0.1159422937 0.3)
(0.2633977174 -0.1162909078 0.3)
(0.2955173078 -0.1167947401 0.3)
(0.3310672934 -0.11716142 0.3)
(0.3668856351 -0.1170235887 0.3)
(0.4016736257 -0.1165136505 0.3)
(0.4361581134 -0.1156611641 0.3)
(0.4703297007 -0.1145038289 0.3)
(0.5040813812 -0.1131217651 0.3)
(0.5373832865 -0.1115358264 0.3)
(0.5704032933 -0.1097639108 0.3)
(0.6030879377 -0.1078357468 0.3)
(0.6354429528 -0.1057648627 0.3)
(0.6674681056 -0.1035611702 0.3)
(0.6991806188 -0.1012384968 0.3)
(0.7305790394 -0.09880969564 0.3)
(0.761672845 -0.09628444618 0.3)
(0.7924715057 -0.09366604696 0.3)
(0.8229689165 -0.09095984352 0.3)
(0.8531828042 -0.08816191474 0.3)
(0.8831069625 -0.08527323087 0.3)
(0.9127510537 -0.08230258473 0.3)
(0.9421202406 -0.07923935196 0.3)
(0.9711929017 -0.07594462101 0.3)
(1 -0.07254120681 0.3)
(-0.04853438806 -0.01581316102 0.3)
(-0.04392927979 -0.02990857823 0.3)
(-0.03501231682 -0.04216652891 0.3)
(-0.02380502149 -0.05329188525 0.3)
(-0.0109441004 -0.06255966865 0.3)
(0.003438891839 -0.07049888244 0.3)
(0.01870491132 -0.07711648992 0.3)
(0.03599961359 -0.08295577719 0.3)
(0.05376901862 -0.08776629951 0.3)
(0.07293031917 -0.09173192021 0.3)
(0.09355440612 -0.09507543133 0.3)
(0.1149788727 -0.09771001293 0.3)
(0.1376019348 -0.09977813945 0.3)
(0.1614849951 -0.10133799 0.3)
(0.1867056158 -0.1024465033 0.3)
(0.2133507974 -0.1031673131 0.3)
(0.2415874181 -0.1035678801 0.3)
(0.2694754701 -0.1037269268 0.3)
(0.3011489841 -0.1040482854 0.3)
(0.3362745183 -0.1042352676 0.3)
(0.3716836871 -0.1039166222 0.3)
(0.4060883226 -0.1032377447 0.3)
(0.4402119545 -0.1022233674 0.3)
(0.4740436524 -0.1009097032 0.3)
(0.5074747996 -0.09937572764 0.3)
(0.5404740871 -0.09764130781 0.3)
(0.5732082899 -0.09572354878 0.3)
(0.6056226237 -0.09365156541 0.3)
(0.6377216595 -0.09143838603 0.3)
(0.6695040731 -0.08909352861 0.3)
(0.7009860957 -0.08663052311 0.3)
(0.7321653313 -0.08406199855 0.3)
(0.7630503996 -0.08139746625 0.3)
(0.7936499787 -0.07864009708 0.3)
(0.823957213 -0.07579515099 0.3)
(0.8539891686 -0.07285864021 0.3)
(0.8837390009 -0.06983149983 0.3)
(0.9132158052 -0.06672251751 0.3)
(0.942424218 -0.06352105283 0.3)
(0.9713420982 -0.06008801772 0.3)
(1 -0.05654641019 0.3)
(-0.0362641633 -0.01437742354 0.3)
(-0.03169993233 -0.02717902728 0.3)
(-0.02299440241 -0.03828983966 0.3)
(-0.01212390464 -0.04841160839 0.3)
(0.0003123769466 -0.05680922307 0.3)
(0.01421290508 -0.0639999289 0.3)
(0.02896125918 -0.06997702561 0.3)
(0.04572203871 -0.07527051778 0.3)
(0.06295265175 -0.07961630177 0.3)
(0.08158075695 -0.08318597427 0.3)
(0.1016839092 -0.08619122856 0.3)
(0.1226033308 -0.08853500524 0.3)
(0.1447403302 -0.09035098194 0.3)
(0.1681577384 -0.09168957342 0.3)
(0.1929335968 -0.09260098447 0.3)
(0.2191546831 -0.09314304676 0.3)
(0.2469872237 -0.09337823766 0.3)
(0.2744878679 -0.09338101525 0.3)
(0.3057937512 -0.09355191284 0.3)
(0.340569438 -0.09359068489 0.3)
(0.3756413141 -0.0931228735 0.3)
(0.409729924 -0.09230460899 0.3)
(0.4435560582 -0.09115664226 0.3)
(0.4771075249 -0.08971396258 0.3)
(0.5102743813 -0.08805460323 0.3)
(0.5430241323 -0.08619761944 0.3)
(0.5755226459 -0.08415946363 0.3)
(0.6077140505 -0.08196874594 0.3)
(0.6396019604 -0.07963808331 0.3)
(0.6711841527 -0.07717666987 0.3)
(0.7024760423 -0.0745977911 0.3)
(0.733474457 -0.07191389173 0.3)
(0.7641873098 -0.0691343451 0.3)
(0.7946226266 -0.06626221727 0.3)
(0.8247729337 -0.06330269802 0.3)
(0.8546547535 -0.06025174503 0.3)
(0.8842607156 -0.05711026472 0.3)
(0.9135994484 -0.05388704078 0.3)
(0.9426751548 -0.05057141984 0.3)
(0.9714652662 -0.0470241686 0.3)
(1 -0.04336843613 0.3)
(-0.02615432115 -0.01319508878 0.3)
(-0.02162331031 -0.02493123077 0.3)
(-0.01309156836 -0.03509737296 0.3)
(-0.002498190319 -0.04439269256 0.3)
(0.009588557393 -0.05207373506 0.3)
(0.02309187133 -0.05864806126 0.3)
(0.03741397259 -0.06409771631 0.3)
(0.0537350706 -0.06894176475 0.3)
(0.07052195801 -0.07290485166 0.3)
(0.08871091799 -0.0761484693 0.3)
(0.1083849975 -0.07887516847 0.3)
(0.12888841 -0.08097945507 0.3)
(0.1506250132 -0.08258776044 0.3)
(0.1736588159 -0.08374410344 0.3)
(0.1980682551 -0.08449314175 0.3)
(0.2239399256 -0.0848879276 0.3)
(0.2514395176 -0.08498683309 0.3)
(0.2786209262 -0.08486080349 0.3)
(0.3096238454 -0.08490765436 0.3)
(0.3441111973 -0.08482420965 0.3)
(0.3789050597 -0.08423336939 0.3)
(0.4127331746 -0.08330012975 0.3)
(0.4463140732 -0.08204195803 0.3)
(0.4796345244 -0.08049283602 0.3)
(0.512583494 -0.0787300214 0.3)
(0.5451275099 -0.07677190097 0.3)
(0.5774316933 -0.07463439003 0.3)
(0.6094392774 -0.07234568333 0.3)
(0.6411530885 -0.06991805931 0.3)
(0.6725701637 -0.0673604457 0.3)
(0.7037052459 -0.06468592692 0.3)
(0.7345545233 -0.06190679622 0.3)
(0.7651253271 -0.05903231351 0.3)
(0.7954251462 -0.0560654588 0.3)
(0.825445998 -0.05301136431 0.3)
(0.8552039569 -0.04986594301 0.3)
(0.8846912195 -0.04663007792 0.3)
(0.9139160297 -0.04331254964 0.3)
(0.9428822337 -0.03990269429 0.3)
(0.9715669105 -0.03626115909 0.3)
(1 -0.03251121773 0.3)
(-0.01782456343 -0.01222135145 0.3)
(-0.01332061127 -0.02308000811 0.3)
(-0.004931773519 -0.03246814823 0.3)
(0.005433535652 -0.04108283372 0.3)
(0.01723252465 -0.04817373773 0.3)
(0.0304087699 -0.05424044423 0.3)
(0.04437985292 -0.0592557277 0.3)
(0.06033884558 -0.06372964091 0.3)
(0.07676027376 -0.0673775606 0.3)
(0.09458752751 -0.0703526554 0.3)
(0.1139081796 -0.07284994486 0.3)
(0.1340689091 -0.07475698662 0.3)
(0.1554756747 -0.07619424274 0.3)
(0.178193456 -0.0772004633 0.3)
(0.202301017 -0.07781573641 0.3)
(0.2278848018 -0.07808917709 0.3)
(0.2551100595 -0.07807577552 0.3)
(0.2820284163 -0.07784358311 0.3)
(0.3127816744 -0.07778817651 0.3)
(0.3470314026 -0.07760396533 0.3)
(0.3815961295 -0.07691167286 0.3)
(0.4152095406 -0.07588361431 0.3)
(0.4485883034 -0.07453454938 0.3)
(0.4817183313 -0.07289763031 0.3)
(0.5144876907 -0.07104947614 0.3)
(0.5468621053 -0.06900792337 0.3)
(0.5790060815 -0.06678844513 0.3)
(0.6108621148 -0.06441889424 0.3)
(0.6424323829 -0.06191127057 0.3)
(0.6737133135 -0.05927428262 0.3)
(0.7047190957 -0.05652084942 0.3)
(0.7354453912 -0.05366313962 0.3)
(0.7658990521 -0.0507103199 0.3)
(0.796087125 -0.04766529957 0.3)
(0.826001208 -0.04453316359 0.3)
(0.8556570067 -0.04130978825 0.3)
(0.8850463611 -0.03799603741 0.3)
(0.9141771986 -0.03460068929 0.3)
(0.9430530711 -0.03111307145 0.3)
(0.9716507678 -0.0273937328 0.3)
(1 -0.02356604976 0.3)
(-0.01096151315 -0.01141935431 0.3)
(-0.006479643226 -0.02155528877 0.3)
(0.001791645864 -0.03030264575 0.3)
(0.01196921918 -0.03835674609 0.3)
(0.02353127507 -0.04496160243 0.3)
(0.03643818204 -0.05061022811 0.3)
(0.05012017807 -0.05526776084 0.3)
(0.06578093332 -0.0594368298 0.3)
(0.08190134593 -0.06282517663 0.3)
(0.09943066208 -0.06557911308 0.3)
(0.1184601841 -0.06788745458 0.3)
(0.1383386229 -0.06963203483 0.3)
(0.1594736688 -0.07092839846 0.3)
(0.1819311019 -0.07181095517 0.3)
(0.2057899556 -0.07231602863 0.3)
(0.2311365507 -0.0724894904 0.3)
(0.2581357725 -0.07238354461 0.3)
(0.2848373786 -0.07206385865 0.3)
(0.3153849079 -0.07192416469 0.3)
(0.3494388144 -0.07165688326 0.3)
(0.3838147028 -0.07088094425 0.3)
(0.4172511641 -0.06977470283 0.3)
(0.4504633291 -0.06835068644 0.3)
(0.4834364065 -0.06664136413 0.3)
(0.5160577222 -0.06472282909 0.3)
(0.5482923374 -0.06261246469 0.3)
(0.5803042521 -0.06032537998 0.3)
(0.6120353544 -0.05788914632 0.3)
(0.6434872877 -0.05531553424 0.3)
(0.6746559778 -0.05261307182 0.3)
(0.7055551577 -0.049794542 0.3)
(0.7361800557 -0.0468720109 0.3)
(0.7665371288 -0.04385456856 0.3)
(0.7966330597 -0.04074506614 0.3)
(0.8264591011 -0.03754854979 0.3)
(0.8560306547 -0.03426086568 0.3)
(0.8853392669 -0.03088286201 0.3)
(0.9143926043 -0.02742331509 0.3)
(0.9431939766 -0.02387154553 0.3)
(0.9717199341 -0.02008802129 0.3)
(1 -0.01619620353 0.3)
(-0.00530694593 -0.01075877001 0.3)
(-0.0008431260327 -0.02029941629 0.3)
(0.007331443928 -0.02851897743 0.3)
(0.01735445742 -0.03611134101 0.3)
(0.02872140718 -0.04231585708 0.3)
(0.04140649744 -0.04762012643 0.3)
(0.05485039451 -0.05198299575 0.3)
(0.07026550111 -0.05590097877 0.3)
(0.08613796603 -0.05907552733 0.3)
(0.1034218608 -0.06164730445 0.3)
(0.1222115611 -0.06380001457 0.3)
(0.1418574522 -0.06541077597 0.3)
(0.1627686514 -0.06659108223 0.3)
(0.1850115988 -0.06737176742 0.3)
(0.2086655499 -0.06778605402 0.3)
(0.2338167241 -0.06787714155 0.3)
(0.2606297074 -0.06769493893 0.3)
(0.2871527177 -0.06730314951 0.3)
(0.3175307249 -0.0670939859 0.3)
(0.3514232648 -0.0667582299 0.3)
(0.3856435328 -0.06591333386 0.3)
(0.418934168 -0.06474263593 0.3)
(0.4520090337 -0.06325682332 0.3)
(0.4848527586 -0.06148780246 0.3)
(0.5173520587 -0.05951123348 0.3)
(0.5494714493 -0.05734412659 0.3)
(0.5813745134 -0.05500129105 0.3)
(0.6130026389 -0.05251006647 0.3)
(0.6443570291 -0.0498820346 0.3)
(0.6754331962 -0.04712557495 0.3)
(0.7062444979 -0.04425335846 0.3)
(0.736785805 -0.04127736691 0.3)
(0.7670632497 -0.03820662727 0.3)
(0.7970832145 -0.03504394287 0.3)
(0.8268366677 -0.03179432798 0.3)
(0.8563387608 -0.02845360403 0.3)
(0.8855807983 -0.02502260636 0.3)
(0.9145702319 -0.02151010978 0.3)
(0.9433101719 -0.01790542924 0.3)
(0.9717769719 -0.01406896605 0.3)
(1 -0.01012425122 0.3)
(-0.0006480887116 -0.01021463857 0.3)
(0.00380095723 -0.01926493823 0.3)
(0.01189592816 -0.02704974788 0.3)
(0.02179167862 -0.03426177505 0.3)
(0.03299795069 -0.04013652902 0.3)
(0.04550034833 -0.0451571519 0.3)
(0.05874813022 -0.04927730785 0.3)
(0.0739608942 -0.05298847263 0.3)
(0.08962911548 -0.05598691642 0.3)
(0.1067108416 -0.05840864875 0.3)
(0.1253029804 -0.0604331635 0.3)
(0.1447572972 -0.06193369427 0.3)
(0.1654840853 -0.06301839732 0.3)
(0.1875503285 -0.06371516098 0.3)
(0.2110354657 -0.06405465291 0.3)
(0.2360256327 -0.06407787134 0.3)
(0.2626851693 -0.06383283427 0.3)
(0.2890610246 -0.06338162703 0.3)
(0.3192993479 -0.06311521033 0.3)
(0.3530589183 -0.06272301586 0.3)
(0.3871509462 -0.06182127863 0.3)
(0.4203214101 -0.06059744679 0.3)
(0.4532831287 -0.05906069071 0.3)
(0.4860202525 -0.0572424534 0.3)
(0.5184189951 -0.05521803833 0.3)
(0.5504434226 -0.05300414842 0.3)
(0.5822567742 -0.05061534602 0.3)
(0.613800026 -0.04807877991 0.3)
(0.6450740185 -0.04540587637 0.3)
(0.6760739236 -0.04260489265 0.3)
(0.7068127895 -0.03968840745 0.3)
(0.7372851928 -0.03666833314 0.3)
(0.7674969979 -0.03355364477 0.3)
(0.7974543402 -0.03034710637 0.3)
(0.8271479536 -0.02705370597 0.3)
(0.8565927838 -0.02366924467 0.3)
(0.8857799357 -0.02019454725 0.3)
(0.9147166842 -0.01663838734 0.3)
(0.9434059753 -0.01299007525 0.3)
(0.9718240004 -0.009109957412 0.3)
(1 -0.005121622425 0.3)
(0.003190376872 -0.009766413657 0.3)
(0.007627316727 -0.01841279303 0.3)
(0.01565676577 -0.02583947914 0.3)
(0.0254477179 -0.0327382078 0.3)
(0.03652165556 -0.03834132441 0.3)
(0.04887357524 -0.04312829804 0.3)
(0.06195981515 -0.0470485234 0.3)
(0.07700590147 -0.05058932587 0.3)
(0.09250587418 -0.05344270684 0.3)
(0.1094210568 -0.05574084211 0.3)
(0.1278504439 -0.0576597568 0.3)
(0.1471469378 -0.05906948416 0.3)
(0.1677218007 -0.06007543102 0.3)
(0.1896424647 -0.06070305895 0.3)
(0.2129885201 -0.06098093082 0.3)
(0.2378460336 -0.06094823132 0.3)
(0.2643791423 -0.06065142069 0.3)
(0.2906337503 -0.06015125119 0.3)
(0.3207569782 -0.05983765217 0.3)
(0.3544069819 -0.05939894301 0.3)
(0.3883933365 -0.05845035577 0.3)
(0.4214647744 -0.05718272785 0.3)
(0.4543332533 -0.05560397944 0.3)
(0.4869825298 -0.05374517186 0.3)
(0.519298404 -0.05168131482 0.3)
(0.5512445713 -0.04942885811 0.3)
(0.5829839883 -0.04700216078 0.3)
(0.6144572915 -0.04442821442 0.3)
(0.645665023 -0.04171831731 0.3)
(0.6766020739 -0.03888062599 0.3)
(0.7072812377 -0.03592764324 0.3)
(0.7376968486 -0.03287122429 0.3)
(0.7678545505 -0.02972030149 0.3)
(0.797760275 -0.02647760647 0.3)
(0.8274045634 -0.02314810571 0.3)
(0.8568021913 -0.01972758359 0.3)
(0.8859440994 -0.01621685623 0.3)
(0.9148374171 -0.01262469631 0.3)
(0.943484955 -0.008940410319 0.3)
(0.9718627708 -0.005024299534 0.3)
(1 -0.001 0.3)
(1.02896805 -12 0)
(1.059361542 -12 0)
(1.09125062 -12 0)
(1.124708877 -12 0)
(1.159813529 -12 0)
(1.19664559 -12 0)
(1.235290062 -12 0)
(1.275836128 -12 0)
(1.318377361 -12 0)
(1.363011939 -12 0)
(1.409842869 -12 0)
(1.458978229 -12 0)
(1.510531412 -12 0)
(1.564621395 -12 0)
(1.621373006 -12 0)
(1.680917217 -12 0)
(1.743391445 -12 0)
(1.808939869 -12 0)
(1.877713761 -12 0)
(1.949871839 -12 0)
(2.02558063 -12 0)
(2.105014855 -12 0)
(2.188357834 -12 0)
(2.275801905 -12 0)
(2.367548873 -12 0)
(2.463810472 -12 0)
(2.564808856 -12 0)
(2.670777111 -12 0)
(2.781959789 -12 0)
(2.89861348 -12 0)
(3.021007398 -12 0)
(3.149424004 -12 0)
(3.284159661 -12 0)
(3.425525311 -12 0)
(3.5738472 -12 0)
(3.729467626 -12 0)
(3.892745732 -12 0)
(4.064058332 -12 0)
(4.243800782 -12 0)
(4.432387895 -12 0)
(4.630254892 -12 0)
(4.837858414 -12 0)
(5.055677569 -12 0)
(5.284215043 -12 0)
(5.523998255 -12 0)
(5.775580581 -12 0)
(6.039542623 -12 0)
(6.316493556 -12 0)
(6.60707253 -12 0)
(6.911950144 -12 0)
(7.231829999 -12 0)
(7.567450316 -12 0)
(7.919585643 -12 0)
(8.28904864 -12 0)
(8.676691957 -12 0)
(9.083410201 -12 0)
(9.510142 -12 0)
(9.957872169 -12 0)
(10.42763398 -12 0)
(10.92051157 -12 0)
(11.43764238 -12 0)
(11.98021987 -12 0)
(12.54949619 -12 0)
(13.14678514 -12 0)
(13.77346513 -12 0)
(14.43098242 -12 0)
(15.12085444 -12 0)
(15.84467329 -12 0)
(16.60410939 -12 0)
(17.40091538 -12 0)
(18.23693014 -12 0)
(19.11408303 -12 0)
(20.03439834 -12 0)
(21 -12 0)
(1.02896805 -11.09421036 0)
(1.059361542 -11.09452049 0)
(1.09125062 -11.09484588 0)
(1.124708877 -11.09518729 0)
(1.159813529 -11.09554549 0)
(1.19664559 -11.09592132 0)
(1.235290062 -11.09631564 0)
(1.275836128 -11.09672937 0)
(1.318377361 -11.09716346 0)
(1.363011939 -11.0976189 0)
(1.409842869 -11.09809676 0)
(1.458978229 -11.09859813 0)
(1.510531412 -11.09912417 0)
(1.564621395 -11.0996761 0)
(1.621373006 -11.10025519 0)
(1.680917217 -11.10086277 0)
(1.743391445 -11.10150025 0)
(1.808939869 -11.1021691 0)
(1.877713761 -11.10287086 0)
(1.949871839 -11.10360715 0)
(2.02558063 -11.10437967 0)
(2.105014855 -11.10519021 0)
(2.188357834 -11.10604063 0)
(2.275801905 -11.1069329 0)
(2.367548873 -11.10786908 0)
(2.463810472 -11.10885132 0)
(2.564808856 -11.1098819 0)
(2.670777111 -11.11096318 0)
(2.781959789 -11.11209768 0)
(2.89861348 -11.113288 0)
(3.021007398 -11.11453689 0)
(3.149424004 -11.11584724 0)
(3.284159661 -11.11722207 0)
(3.425525311 -11.11866454 0)
(3.5738472 -11.120178 0)
(3.729467626 -11.12176594 0)
(3.892745732 -11.12343201 0)
(4.064058332 -11.12518006 0)
(4.243800782 -11.12701413 0)
(4.432387895 -11.12893845 0)
(4.630254892 -11.13095746 0)
(4.837858414 -11.13307582 0)
(5.055677569 -11.13529842 0)
(5.284215043 -11.13763039 0)
(5.523998255 -11.14007711 0)
(5.775580581 -11.14264423 0)
(6.039542623 -11.14533767 0)
(6.316493556 -11.14816364 0)
(6.60707253 -11.15112867 0)
(6.911950144 -11.15423961 0)
(7.231829999 -11.15750363 0)
(7.567450316 -11.16092826 0)
(7.919585643 -11.1645214 0)
(8.28904864 -11.16829136 0)
(8.676691957 -11.17224683 0)
(9.083410201 -11.17639693 0)
(9.510142 -11.18075125 0)
(9.957872169 -11.18531984 0)
(10.42763398 -11.19011323 0)
(10.92051157 -11.1951425 0)
(11.43764238 -11.20041924 0)
(11.98021987 -11.20595563 0)
(12.54949619 -11.21176446 0)
(13.14678514 -11.21785913 0)
(13.77346513 -11.2242537 0)
(14.43098242 -11.23096292 0)
(15.12085444 -11.2380023 0)
(15.84467329 -11.24538806 0)
(16.60410939 -11.25313725 0)
(17.40091538 -11.26126777 0)
(18.23693014 -11.26979836 0)
(19.11408303 -11.27874873 0)
(20.03439834 -11.28813952 0)
(21 -11.2979924 0)
(1.02896805 -10.25241954 0)
(1.059361542 -10.25300067 0)
(1.09125062 -10.25361041 0)
(1.124708877 -10.25425014 0)
(1.159813529 -10.25492136 0)
(1.19664559 -10.2556256 0)
(1.235290062 -10.2563645 0)
(1.275836128 -10.25713976 0)
(1.318377361 -10.25795317 0)
(1.363011939 -10.2588066 0)
(1.409842869 -10.25970203 0)
(1.458978229 -10.26064151 0)
(1.510531412 -10.26162723 0)
(1.564621395 -10.26266146 0)
(1.621373006 -10.26374657 0)
(1.680917217 -10.26488508 0)
(1.743391445 -10.26607962 0)
(1.808939869 -10.26733293 0)
(1.877713761 -10.26864792 0)
(1.949871839 -10.27002761 0)
(2.02558063 -10.27147519 0)
(2.105014855 -10.27299401 0)
(2.188357834 -10.27458756 0)
(2.275801905 -10.27625953 0)
(2.367548873 -10.27801377 0)
(2.463810472 -10.27985433 0)
(2.564808856 -10.28178547 0)
(2.670777111 -10.28381162 0)
(2.781959789 -10.28593748 0)
(2.89861348 -10.28816795 0)
(3.021007398 -10.29050818 0)
(3.149424004 -10.29296356 0)
(3.284159661 -10.29553976 0)
(3.425525311 -10.29824273 0)
(3.5738472 -10.30107871 0)
(3.729467626 -10.30405424 0)
(3.892745732 -10.30717618 0)
(4.064058332 -10.31045175 0)
(4.243800782 -10.3138885 0)
(4.432387895 -10.31749437 0)
(4.630254892 -10.32127767 0)
(4.837858414 -10.32524714 0)
(5.055677569 -10.32941193 0)
(5.284215043 -10.33378167 0)
(5.523998255 -10.33836642 0)
(5.775580581 -10.34317678 0)
(6.039542623 -10.34822385 0)
(6.316493556 -10.35351927 0)
(6.60707253 -10.35907526 0)
(6.911950144 -10.36490465 0)
(7.231829999 -10.37102089 0)
(7.567450316 -10.37743809 0)
(7.919585643 -10.38417107 0)
(8.28904864 -10.39123536 0)
(8.676691957 -10.39864727 0)
(9.083410201 -10.40642389 0)
(9.510142 -10.41458318 0)
(9.957872169 -10.42314398 0)
(10.42763398 -10.43212602 0)
(10.92051157 -10.44155005 0)
(11.43764238 -10.45143781 0)
(11.98021987 -10.46181212 0)
(12.54949619 -10.47269693 0)
(13.14678514 -10.48411734 0)
(13.77346513 -10.49609973 0)
(14.43098242 -10.50867174 0)
(15.12085444 -10.52186239 0)
(15.84467329 -10.53570211 0)
(16.60410939 -10.55022285 0)
(17.40091538 -10.56545812 0)
(18.23693014 -10.58144308 0)
(19.11408303 -10.59821461 0)
(20.03439834 -10.61581143 0)
(21 -10.63427415 0)
(1.02896805 -9.470105422 0)
(1.059361542 -9.47092214 0)
(1.09125062 -9.471779047 0)
(1.124708877 -9.472678121 0)
(1.159813529 -9.473621435 0)
(1.19664559 -9.474611167 0)
(1.235290062 -9.475649602 0)
(1.275836128 -9.476739135 0)
(1.318377361 -9.477882282 0)
(1.363011939 -9.479081679 0)
(1.409842869 -9.480340096 0)
(1.458978229 -9.481660437 0)
(1.510531412 -9.483045747 0)
(1.564621395 -9.484499226 0)
(1.621373006 -9.486024226 0)
(1.680917217 -9.487624268 0)
(1.743391445 -9.489303044 0)
(1.808939869 -9.491064428 0)
(1.877713761 -9.492912485 0)
(1.949871839 -9.49485148 0)
(2.02558063 -9.496885888 0)
(2.105014855 -9.499020404 0)
(2.188357834 -9.501259954 0)
(2.275801905 -9.503609707 0)
(2.367548873 -9.506075085 0)
(2.463810472 -9.508661777 0)
(2.564808856 -9.511375755 0)
(2.670777111 -9.51422328 0)
(2.781959789 -9.517210924 0)
(2.89861348 -9.520345583 0)
(3.021007398 -9.52363449 0)
(3.149424004 -9.527085236 0)
(3.284159661 -9.530705784 0)
(3.425525311 -9.534504489 0)
(3.5738472 -9.53849012 0)
(3.729467626 -9.542671873 0)
(3.892745732 -9.547059399 0)
(4.064058332 -9.551662824 0)
(4.243800782 -9.556492772 0)
(4.432387895 -9.561560389 0)
(4.630254892 -9.56687737 0)
(4.837858414 -9.572455986 0)
(5.055677569 -9.578309112 0)
(5.284215043 -9.584450254 0)
(5.523998255 -9.590893587 0)
(5.775580581 -9.597653979 0)
(6.039542623 -9.604747033 0)
(6.316493556 -9.612189118 0)
(6.60707253 -9.619997408 0)
(6.911950144 -9.628189924 0)
(7.231829999 -9.636785573 0)
(7.567450316 -9.645804191 0)
(7.919585643 -9.655266593 0)
(8.28904864 -9.665194614 0)
(8.676691957 -9.675611168 0)
(9.083410201 -9.686540294 0)
(9.510142 -9.698007214 0)
(9.957872169 -9.710038391 0)
(10.42763398 -9.722661592 0)
(10.92051157 -9.735905948 0)
(11.43764238 -9.749802024 0)
(11.98021987 -9.76438189 0)
(12.54949619 -9.779679194 0)
(13.14678514 -9.795729239 0)
(13.77346513 -9.812569064 0)
(14.43098242 -9.830237535 0)
(15.12085444 -9.848775425 0)
(15.84467329 -9.868225517 0)
(16.60410939 -9.888632697 0)
(17.40091538 -9.910044063 0)
(18.23693014 -9.932509026 0)
(19.11408303 -9.956079432 0)
(20.03439834 -9.980809677 0)
(21 -10.00675683 0)
(1.02896805 -8.743065435 0)
(1.059361542 -8.744085703 0)
(1.09125062 -8.745156177 0)
(1.124708877 -8.746279325 0)
(1.159813529 -8.747457741 0)
(1.19664559 -8.748694143 0)
(1.235290062 -8.749991386 0)
(1.275836128 -8.751352462 0)
(1.318377361 -8.752780514 0)
(1.363011939 -8.754278837 0)
(1.409842869 -8.755850888 0)
(1.458978229 -8.757500295 0)
(1.510531412 -8.759230866 0)
(1.564621395 -8.761046593 0)
(1.621373006 -8.762951668 0)
(1.680917217 -8.764950487 0)
(1.743391445 -8.767047662 0)
(1.808939869 -8.769248034 0)
(1.877713761 -8.771556681 0)
(1.949871839 -8.77397893 0)
(2.02558063 -8.776520371 0)
(2.105014855 -8.779186871 0)
(2.188357834 -8.781984582 0)
(2.275801905 -8.784919961 0)
(2.367548873 -8.787999783 0)
(2.463810472 -8.791231155 0)
(2.564808856 -8.794621534 0)
(2.670777111 -8.798178745 0)
(2.781959789 -8.801910997 0)
(2.89861348 -8.805826903 0)
(3.021007398 -8.809935502 0)
(3.149424004 -8.814246274 0)
(3.284159661 -8.818769167 0)
(3.425525311 -8.823514621 0)
(3.5738472 -8.828493586 0)
(3.729467626 -8.833717553 0)
(3.892745732 -8.839198579 0)
(4.064058332 -8.844949311 0)
(4.243800782 -8.850983022 0)
(4.432387895 -8.857313636 0)
(4.630254892 -8.863955764 0)
(4.837858414 -8.870924733 0)
(5.055677569 -8.878236628 0)
(5.284215043 -8.885908322 0)
(5.523998255 -8.89395752 0)
(5.775580581 -8.902402798 0)
(6.039542623 -8.911263647 0)
(6.316493556 -8.920560515 0)
(6.60707253 -8.930314858 0)
(6.911950144 -8.940549187 0)
(7.231829999 -8.951287122 0)
(7.567450316 -8.962553442 0)
(7.919585643 -8.974374148 0)
(8.28904864 -8.986776521 0)
(8.676691957 -8.999789183 0)
(9.083410201 -9.013442165 0)
(9.510142 -9.027766974 0)
(9.957872169 -9.04279667 0)
(10.42763398 -9.058565939 0)
(10.92051157 -9.075111173 0)
(11.43764238 -9.092470555 0)
(11.98021987 -9.110684147 0)
(12.54949619 -9.129793984 0)
(13.14678514 -9.149844166 0)
(13.77346513 -9.170880966 0)
(14.43098242 -9.192952932 0)
(15.12085444 -9.216111003 0)
(15.84467329 -9.240408622 0)
(16.60410939 -9.265901865 0)
(17.40091538 -9.292649565 0)
(18.23693014 -9.320713449 0)
(19.11408303 -9.350158286 0)
(20.03439834 -9.381052026 0)
(21 -9.413465968 0)
(1.02896805 -8.067393967 0)
(1.059361542 -8.068588856 0)
(1.09125062 -8.069842543 0)
(1.124708877 -8.07115792 0)
(1.159813529 -8.072538024 0)
(1.19664559 -8.073986039 0)
(1.235290062 -8.075505307 0)
(1.275836128 -8.077099334 0)
(1.318377361 -8.078771799 0)
(1.363011939 -8.080526562 0)
(1.409842869 -8.082367673 0)
(1.458978229 -8.084299379 0)
(1.510531412 -8.08632614 0)
(1.564621395 -8.088452633 0)
(1.621373006 -8.090683765 0)
(1.680917217 -8.093024685 0)
(1.743391445 -8.095480795 0)
(1.808939869 -8.098057765 0)
(1.877713761 -8.10076154 0)
(1.949871839 -8.103598362 0)
(2.02558063 -8.106574776 0)
(2.105014855 -8.109697651 0)
(2.188357834 -8.112974196 0)
(2.275801905 -8.11641197 0)
(2.367548873 -8.120018909 0)
(2.463810472 -8.123803336 0)
(2.564808856 -8.127773984 0)
(2.670777111 -8.131940018 0)
(2.781959789 -8.136311052 0)
(2.89861348 -8.140897173 0)
(3.021007398 -8.145708965 0)
(3.149424004 -8.150757533 0)
(3.284159661 -8.156054528 0)
(3.425525311 -8.161612175 0)
(3.5738472 -8.167443299 0)
(3.729467626 -8.173561357 0)
(3.892745732 -8.17998047 0)
(4.064058332 -8.18671545 0)
(4.243800782 -8.193781842 0)
(4.432387895 -8.201195952 0)
(4.630254892 -8.208974891 0)
(4.837858414 -8.217136612 0)
(5.055677569 -8.225699951 0)
(5.284215043 -8.234684669 0)
(5.523998255 -8.244111501 0)
(5.775580581 -8.254002204 0)
(6.039542623 -8.264379603 0)
(6.316493556 -8.275267647 0)
(6.60707253 -8.286691463 0)
(6.911950144 -8.298677416 0)
(7.231829999 -8.311253167 0)
(7.567450316 -8.324447738 0)
(7.919585643 -8.33829158 0)
(8.28904864 -8.352816641 0)
(8.676691957 -8.368056443 0)
(9.083410201 -8.384046157 0)
(9.510142 -8.400822683 0)
(9.957872169 -8.418424739 0)
(10.42763398 -8.436892946 0)
(10.92051157 -8.456269926 0)
(11.43764238 -8.476600397 0)
(11.98021987 -8.497931279 0)
(12.54949619 -8.520311798 0)
(13.14678514 -8.543793604 0)
(13.77346513 -8.56843089 0)
(14.43098242 -8.594280512 0)
(15.12085444 -8.621402128 0)
(15.84467329 -8.649858329 0)
(16.60410939 -8.679714786 0)
(17.40091538 -8.711040402 0)
(18.23693014 -8.743907471 0)
(19.11408303 -8.778391843 0)
(20.03439834 -8.814573102 0)
(21 -8.852534748 0)
(1.02896805 -7.439461387 0)
(1.059361542 -7.440804805 0)
(1.09125062 -7.44221433 0)
(1.124708877 -7.443693214 0)
(1.159813529 -7.445244869 0)
(1.19664559 -7.446872878 0)
(1.235290062 -7.448580997 0)
(1.275836128 -7.450373168 0)
(1.318377361 -7.452253527 0)
(1.363011939 -7.454226414 0)
(1.409842869 -7.456296382 0)
(1.458978229 -7.458468207 0)
(1.510531412 -7.460746902 0)
(1.564621395 -7.463137726 0)
(1.621373006 -7.465646196 0)
(1.680917217 -7.468278101 0)
(1.743391445 -7.471039516 0)
(1.808939869 -7.473936813 0)
(1.877713761 -7.476976678 0)
(1.949871839 -7.480166127 0)
(2.02558063 -7.483512521 0)
(2.105014855 -7.487023582 0)
(2.188357834 -7.490707413 0)
(2.275801905 -7.494572517 0)
(2.367548873 -7.498627812 0)
(2.463810472 -7.502882657 0)
(2.564808856 -7.507346873 0)
(2.670777111 -7.512030761 0)
(2.781959789 -7.516945131 0)
(2.89861348 -7.522101324 0)
(3.021007398 -7.527511241 0)
(3.149424004 -7.533187366 0)
(3.284159661 -7.539142798 0)
(3.425525311 -7.545391281 0)
(3.5738472 -7.551947236 0)
(3.729467626 -7.558825793 0)
(3.892745732 -7.566042826 0)
(4.064058332 -7.57361499 0)
(4.243800782 -7.581559761 0)
(4.432387895 -7.589895474 0)
(4.630254892 -7.598641366 0)
(4.837858414 -7.60781762 0)
(5.055677569 -7.617445415 0)
(5.284215043 -7.627546968 0)
(5.523998255 -7.638145592 0)
(5.775580581 -7.649265748 0)
(6.039542623 -7.660933097 0)
(6.316493556 -7.673174567 0)
(6.60707253 -7.686018408 0)
(6.911950144 -7.699494261 0)
(7.231829999 -7.713633226 0)
(7.567450316 -7.728467933 0)
(7.919585643 -7.744032617 0)
(8.28904864 -7.7603632 0)
(8.676691957 -7.777497368 0)
(9.083410201 -7.795474665 0)
(9.510142 -7.814336578 0)
(9.957872169 -7.834126637 0)
(10.42763398 -7.854890514 0)
(10.92051157 -7.876676127 0)
(11.43764238 -7.899533754 0)
(11.98021987 -7.923516146 0)
(12.54949619 -7.94867865 0)
(13.14678514 -7.975079336 0)
(13.77346513 -8.002779131 0)
(14.43098242 -8.031841961 0)
(15.12085444 -8.062334899 0)
(15.84467329 -8.094328315 0)
(16.60410939 -8.127896045 0)
(17.40091538 -8.163115556 0)
(18.23693014 -8.200068128 0)
(19.11408303 -8.238839041 0)
(20.03439834 -8.27951777 0)
(21 -8.322198195 0)
(1.02896805 -6.85589454 0)
(1.059361542 -6.85736299 0)
(1.09125062 -6.858903699 0)
(1.124708877 -6.860520222 0)
(1.159813529 -6.862216291 0)
(1.19664559 -6.863995818 0)
(1.235290062 -6.865862912 0)
(1.275836128 -6.86782188 0)
(1.318377361 -6.869877244 0)
(1.363011939 -6.872033747 0)
(1.409842869 -6.874296366 0)
(1.458978229 -6.876670323 0)
(1.510531412 -6.879161096 0)
(1.564621395 -6.881774434 0)
(1.621373006 -6.884516367 0)
(1.680917217 -6.887393223 0)
(1.743391445 -6.890411643 0)
(1.808939869 -6.893578591 0)
(1.877713761 -6.896901376 0)
(1.949871839 -6.900387667 0)
(2.02558063 -6.904045509 0)
(2.105014855 -6.907883345 0)
(2.188357834 -6.91191003 0)
(2.275801905 -6.916134858 0)
(2.367548873 -6.920567579 0)
(2.463810472 -6.925218423 0)
(2.564808856 -6.930098123 0)
(2.670777111 -6.93521794 0)
(2.781959789 -6.94058969 0)
(2.89861348 -6.94622577 0)
(3.021007398 -6.952139187 0)
(3.149424004 -6.958343588 0)
(3.284159661 -6.964853292 0)
(3.425525311 -6.971683321 0)
(3.5738472 -6.978849439 0)
(3.729467626 -6.986368182 0)
(3.892745732 -6.994256904 0)
(4.064058332 -7.002533809 0)
(4.243800782 -7.011217999 0)
(4.432387895 -7.020329516 0)
(4.630254892 -7.029889387 0)
(4.837858414 -7.039919675 0)
(5.055677569 -7.050443527 0)
(5.284215043 -7.061485231 0)
(5.523998255 -7.073070269 0)
(5.775580581 -7.085225376 0)
(6.039542623 -7.097978605 0)
(6.316493556 -7.111359387 0)
(6.60707253 -7.125398603 0)
(6.911950144 -7.140128653 0)
(7.231829999 -7.15558353 0)
(7.567450316 -7.171798902 0)
(7.919585643 -7.188812191 0)
(8.28904864 -7.20666266 0)
(8.676691957 -7.225391504 0)
(9.083410201 -7.245041946 0)
(9.510142 -7.265659336 0)
(9.957872169 -7.287291254 0)
(10.42763398 -7.309987623 0)
(10.92051157 -7.333800822 0)
(11.43764238 -7.358785807 0)
(11.98021987 -7.385000238 0)
(12.54949619 -7.412504614 0)
(13.14678514 -7.44136241 0)
(13.77346513 -7.471640222 0)
(14.43098242 -7.503407928 0)
(15.12085444 -7.536738841 0)
(15.84467329 -7.571709882 0)
(16.60410939 -7.608401758 0)
(17.40091538 -7.646899146 0)
(18.23693014 -7.687290891 0)
(19.11408303 -7.72967021 0)
(20.03439834 -7.774134905 0)
(21 -7.820787594 0)
(1.02896805 -6.313558625 0)
(1.059361542 -6.315130979 0)
(1.09125062 -6.316780705 0)
(1.124708877 -6.31851161 0)
(1.159813529 -6.320327688 0)
(1.19664559 -6.322233131 0)
(1.235290062 -6.324232335 0)
(1.275836128 -6.326329916 0)
(1.318377361 -6.328530712 0)
(1.363011939 -6.330839805 0)
(1.409842869 -6.333262522 0)
(1.458978229 -6.335804454 0)
(1.510531412 -6.338471468 0)
(1.564621395 -6.34126972 0)
(1.621373006 -6.344205665 0)
(1.680917217 -6.347286082 0)
(1.743391445 -6.350518077 0)
(1.808939869 -6.353909111 0)
(1.877713761 -6.357467009 0)
(1.949871839 -6.361199982 0)
(2.02558063 -6.365116644 0)
(2.105014855 -6.369226036 0)
(2.188357834 -6.37353764 0)
(2.275801905 -6.378061407 0)
(2.367548873 -6.382807777 0)
(2.463810472 -6.387787703 0)
(2.564808856 -6.393012679 0)
(2.670777111 -6.398494763 0)
(2.781959789 -6.404246605 0)
(2.89861348 -6.410281481 0)
(3.021007398 -6.416613318 0)
(3.149424004 -6.423256728 0)
(3.284159661 -6.430227043 0)
(3.425525311 -6.437540349 0)
(3.5738472 -6.445213524 0)
(3.729467626 -6.453264276 0)
(3.892745732 -6.461711185 0)
(4.064058332 -6.470573745 0)
(4.243800782 -6.479872408 0)
(4.432387895 -6.489628634 0)
(4.630254892 -6.49986494 0)
(4.837858414 -6.510604947 0)
(5.055677569 -6.521873442 0)
(5.284215043 -6.533696431 0)
(5.523998255 -6.546101199 0)
(5.775580581 -6.559116373 0)
(6.039542623 -6.572771991 0)
(6.316493556 -6.587099566 0)
(6.60707253 -6.602132164 0)
(6.911950144 -6.617904477 0)
(7.231829999 -6.634452905 0)
(7.567450316 -6.651815639 0)
(7.919585643 -6.670032748 0)
(8.28904864 -6.689146274 0)
(8.676691957 -6.709200327 0)
(9.083410201 -6.730241189 0)
(9.510142 -6.752317416 0)
(9.957872169 -6.775479958 0)
(10.42763398 -6.799782269 0)
(10.92051157 -6.825280434 0)
(11.43764238 -6.852033298 0)
(11.98021987 -6.880102601 0)
(12.54949619 -6.909553122 0)
(13.14678514 -6.940452828 0)
(13.77346513 -6.972873028 0)
(14.43098242 -7.006888542 0)
(15.12085444 -7.042577872 0)
(15.84467329 -7.080023382 0)
(16.60410939 -7.119311488 0)
(17.40091538 -7.160532861 0)
(18.23693014 -7.203782631 0)
(19.11408303 -7.249160611 0)
(20.03439834 -7.296771524 0)
(21 -7.346725247 0)
(1.02896805 -5.809540352 0)
(1.059361542 -5.811197646 0)
(1.09125062 -5.812936492 0)
(1.124708877 -5.814760901 0)
(1.159813529 -5.816675086 0)
(1.19664559 -5.818683462 0)
(1.235290062 -5.820790665 0)
(1.275836128 -5.823001559 0)
(1.318377361 -5.825321244 0)
(1.363011939 -5.827755076 0)
(1.409842869 -5.83030867 0)
(1.458978229 -5.832987919 0)
(1.510531412 -5.835799008 0)
(1.564621395 -5.838748423 0)
(1.621373006 -5.841842971 0)
(1.680917217 -5.845089794 0)
(1.743391445 -5.848496385 0)
(1.808939869 -5.852070605 0)
(1.877713761 -5.855820704 0)
(1.949871839 -5.859755335 0)
(2.02558063 -5.863883579 0)
(2.105014855 -5.868214963 0)
(2.188357834 -5.872759484 0)
(2.275801905 -5.877527629 0)
(2.367548873 -5.882530402 0)
(2.463810472 -5.887779348 0)
(2.564808856 -5.893286581 0)
(2.670777111 -5.899064812 0)
(2.781959789 -5.905127374 0)
(2.89861348 -5.911488259 0)
(3.021007398 -5.918162146 0)
(3.149424004 -5.925164439 0)
(3.284159661 -5.932511296 0)
(3.425525311 -5.940219673 0)
(3.5738472 -5.94830736 0)
(3.729467626 -5.956793021 0)
(3.892745732 -5.965696239 0)
(4.064058332 -5.975037561 0)
(4.243800782 -5.984838546 0)
(4.432387895 -5.995121812 0)
(4.630254892 -6.005911091 0)
(4.837858414 -6.017231283 0)
(5.055677569 -6.029108512 0)
(5.284215043 -6.041570189 0)
(5.523998255 -6.054645073 0)
(5.775580581 -6.068363338 0)
(6.039542623 -6.082756643 0)
(6.316493556 -6.097858206 0)
(6.60707253 -6.113702878 0)
(6.911950144 -6.130327225 0)
(7.231829999 -6.147769613 0)
(7.567450316 -6.166070296 0)
(7.919585643 -6.185271509 0)
(8.28904864 -6.205417564 0)
(8.676691957 -6.226554954 0)
(9.083410201 -6.24873246 0)
(9.510142 -6.272001265 0)
(9.957872169 -6.296415067 0)
(10.42763398 -6.322030209 0)
(10.92051157 -6.348905807 0)
(11.43764238 -6.377103883 0)
(11.98021987 -6.406689514 0)
(12.54949619 -6.437730977 0)
(13.14678514 -6.47029991 0)
(13.77346513 -6.504471477 0)
(14.43098242 -6.540324538 0)
(15.12085444 -6.577941836 0)
(15.84467329 -6.617410184 0)
(16.60410939 -6.658820667 0)
(17.40091538 -6.702268853 0)
(18.23693014 -6.747855013 0)
(19.11408303 -6.79568435 0)
(20.03439834 -6.845867245 0)
(21 -6.89851951 0)
(1.02896805 -5.341132287 0)
(1.059361542 -5.342857531 0)
(1.09125062 -5.34466767 0)
(1.124708877 -5.346566881 0)
(1.159813529 -5.348559548 0)
(1.19664559 -5.350650269 0)
(1.235290062 -5.352843868 0)
(1.275836128 -5.355145409 0)
(1.318377361 -5.357560203 0)
(1.363011939 -5.360093823 0)
(1.409842869 -5.362752115 0)
(1.458978229 -5.365541215 0)
(1.510531412 -5.36846756 0)
(1.564621395 -5.371537903 0)
(1.621373006 -5.374759329 0)
(1.680917217 -5.378139273 0)
(1.743391445 -5.381685535 0)
(1.808939869 -5.3854063 0)
(1.877713761 -5.389310155 0)
(1.949871839 -5.393406107 0)
(2.02558063 -5.397703611 0)
(2.105014855 -5.402212585 0)
(2.188357834 -5.406943433 0)
(2.275801905 -5.411907074 0)
(2.367548873 -5.417114962 0)
(2.463810472 -5.422579118 0)
(2.564808856 -5.428312151 0)
(2.670777111 -5.434327291 0)
(2.781959789 -5.440638421 0)
(2.89861348 -5.447260105 0)
(3.021007398 -5.454207625 0)
(3.149424004 -5.461497015 0)
(3.284159661 -5.469145097 0)
(3.425525311 -5.477169521 0)
(3.5738472 -5.485588806 0)
(3.729467626 -5.494422383 0)
(3.892745732 -5.503690637 0)
(4.064058332 -5.513414958 0)
(4.243800782 -5.523617788 0)
(4.432387895 -5.534322673 0)
(4.630254892 -5.545554317 0)
(4.837858414 -5.557338642 0)
(5.055677569 -5.569702843 0)
(5.284215043 -5.582675454 0)
(5.523998255 -5.596286414 0)
(5.775580581 -5.610567135 0)
(6.039542623 -5.625550572 0)
(6.316493556 -5.641271306 0)
(6.60707253 -5.657765617 0)
(6.911950144 -5.67507157 0)
(7.231829999 -5.693229104 0)
(7.567450316 -5.712280124 0)
(7.919585643 -5.732268595 0)
(8.28904864 -5.753240648 0)
(8.676691957 -5.77524468 0)
(9.083410201 -5.798331475 0)
(9.510142 -5.822554311 0)
(9.957872169 -5.84796909 0)
(10.42763398 -5.874634466 0)
(10.92051157 -5.902611975 0)
(11.43764238 -5.931966185 0)
(11.98021987 -5.96276484 0)
(12.54949619 -5.995079018 0)
(13.14678514 -6.028983293 0)
(13.77346513 -6.064555909 0)
(14.43098242 -6.101878963 0)
(15.12085444 -6.141038587 0)
(15.84467329 -6.182125155 0)
(16.60410939 -6.225233488 0)
(17.40091538 -6.27046307 0)
(18.23693014 -6.317918283 0)
(19.11408303 -6.367708645 0)
(20.03439834 -6.419949062 0)
(21 -6.474760094 0)
(1.02896805 -4.905818307 0)
(1.059361542 -4.907596311 0)
(1.09125062 -4.909461806 0)
(1.124708877 -4.911419097 0)
(1.159813529 -4.913472701 0)
(1.19664559 -4.915627358 0)
(1.235290062 -4.917888041 0)
(1.275836128 -4.920259965 0)
(1.318377361 -4.922748606 0)
(1.363011939 -4.925359706 0)
(1.409842869 -4.928099292 0)
(1.458978229 -4.930973686 0)
(1.510531412 -4.933989521 0)
(1.564621395 -4.937153758 0)
(1.621373006 -4.940473699 0)
(1.680917217 -4.943957005 0)
(1.743391445 -4.947611716 0)
(1.808939869 -4.951446266 0)
(1.877713761 -4.955469504 0)
(1.949871839 -4.959690715 0)
(2.02558063 -4.964119642 0)
(2.105014855 -4.968766504 0)
(2.188357834 -4.973642026 0)
(2.275801905 -4.97875746 0)
(2.367548873 -4.984124612 0)
(2.463810472 -4.989755867 0)
(2.564808856 -4.995664222 0)
(2.670777111 -5.001863311 0)
(2.781959789 -5.008367442 0)
(2.89861348 -5.015191624 0)
(3.021007398 -5.022351607 0)
(3.149424004 -5.029863914 0)
(3.284159661 -5.037745882 0)
(3.425525311 -5.046015701 0)
(3.5738472 -5.054692457 0)
(3.729467626 -5.063796174 0)
(3.892745732 -5.073347861 0)
(4.064058332 -5.083369562 0)
(4.243800782 -5.093884405 0)
(4.432387895 -5.104916656 0)
(4.630254892 -5.116491776 0)
(4.837858414 -5.128636478 0)
(5.055677569 -5.141378789 0)
(5.284215043 -5.154748116 0)
(5.523998255 -5.168775313 0)
(5.775580581 -5.183492753 0)
(6.039542623 -5.1989344 0)
(6.316493556 -5.21513589 0)
(6.60707253 -5.232134614 0)
(6.911950144 -5.249969801 0)
(7.231829999 -5.268682612 0)
(7.567450316 -5.288316231 0)
(7.919585643 -5.308915971 0)
(8.28904864 -5.33052937 0)
(8.676691957 -5.35320631 0)
(9.083410201 -5.376999122 0)
(9.510142 -5.401962718 0)
(9.957872169 -5.428154708 0)
(10.42763398 -5.455635538 0)
(10.92051157 -5.484468628 0)
(11.43764238 -5.514720521 0)
(11.98021987 -5.546461031 0)
(12.54949619 -5.57976341 0)
(13.14678514 -5.614704513 0)
(13.77346513 -5.651364977 0)
(14.43098242 -5.689829408 0)
(15.12085444 -5.730186575 0)
(15.84467329 -5.772529613 0)
(16.60410939 -5.816956243 0)
(17.40091538 -5.863568993 0)
(18.23693014 -5.912475436 0)
(19.11408303 -5.963788439 0)
(20.03439834 -6.017626422 0)
(21 -6.074113633 0)
(1.02896805 -4.501260081 0)
(1.059361542 -4.503077295 0)
(1.09125062 -4.504983929 0)
(1.124708877 -4.506984384 0)
(1.159813529 -4.509083276 0)
(1.19664559 -4.511285449 0)
(1.235290062 -4.513595985 0)
(1.275836128 -4.516020217 0)
(1.318377361 -4.518563739 0)
(1.363011939 -4.521232421 0)
(1.409842869 -4.524032422 0)
(1.458978229 -4.526970204 0)
(1.510531412 -4.530052547 0)
(1.564621395 -4.533286564 0)
(1.621373006 -4.536679718 0)
(1.680917217 -4.540239841 0)
(1.743391445 -4.543975148 0)
(1.808939869 -4.54789426 0)
(1.877713761 -4.552006221 0)
(1.949871839 -4.556320522 0)
(2.02558063 -4.560847118 0)
(2.105014855 -4.565596456 0)
(2.188357834 -4.570579497 0)
(2.275801905 -4.57580774 0)
(2.367548873 -4.581293252 0)
(2.463810472 -4.587048692 0)
(2.564808856 -4.593087342 0)
(2.670777111 -4.599423138 0)
(2.781959789 -4.606070702 0)
(2.89861348 -4.613045376 0)
(3.021007398 -4.620363256 0)
(3.149424004 -4.62804123 0)
(3.284159661 -4.636097016 0)
(3.425525311 -4.644549208 0)
(3.5738472 -4.65341731 0)
(3.729467626 -4.662721788 0)
(3.892745732 -4.672484116 0)
(4.064058332 -4.682726822 0)
(4.243800782 -4.693473546 0)
(4.432387895 -4.704749088 0)
(4.630254892 -4.716579471 0)
(4.837858414 -4.728991996 0)
(5.055677569 -4.74201531 0)
(5.284215043 -4.755679467 0)
(5.523998255 -4.770016002 0)
(5.775580581 -4.785058001 0)
(6.039542623 -4.800840178 0)
(6.316493556 -4.817398955 0)
(6.60707253 -4.834772547 0)
(6.911950144 -4.853001048 0)
(7.231829999 -4.872126527 0)
(7.567450316 -4.892193121 0)
(7.919585643 -4.913247141 0)
(8.28904864 -4.935337174 0)
(8.676691957 -4.958514202 0)
(9.083410201 -4.98283171 0)
(9.510142 -5.008345821 0)
(9.957872169 -5.035115415 0)
(10.42763398 -5.063202272 0)
(10.92051157 -5.09267121 0)
(11.43764238 -5.123590239 0)
(11.98021987 -5.156030713 0)
(12.54949619 -5.1900675 0)
(13.14678514 -5.225779149 0)
(13.77346513 -5.263248076 0)
(14.43098242 -5.302560752 0)
(15.12085444 -5.343807903 0)
(15.84467329 -5.38708472 0)
(16.60410939 -5.432491078 0)
(17.40091538 -5.480131765 0)
(18.23693014 -5.530116728 0)
(19.11408303 -5.582561321 0)
(20.03439834 -5.637586578 0)
(21 -5.695319485 0)
(1.02896805 -4.125284506 0)
(1.059361542 -4.127128873 0)
(1.09125062 -4.129063996 0)
(1.124708877 -4.131094342 0)
(1.159813529 -4.133224596 0)
(1.19664559 -4.135459675 0)
(1.235290062 -4.137804735 0)
(1.275836128 -4.140265191 0)
(1.318377361 -4.142846718 0)
(1.363011939 -4.145555277 0)
(1.409842869 -4.148397116 0)
(1.458978229 -4.151378795 0)
(1.510531412 -4.154507194 0)
(1.564621395 -4.157789534 0)
(1.621373006 -4.16123339 0)
(1.680917217 -4.164846709 0)
(1.743391445 -4.16863783 0)
(1.808939869 -4.172615502 0)
(1.877713761 -4.176788905 0)
(1.949871839 -4.18116767 0)
(2.02558063 -4.185761904 0)
(2.105014855 -4.190582207 0)
(2.188357834 -4.195639706 0)
(2.275801905 -4.20094607 0)
(2.367548873 -4.206513548 0)
(2.463810472 -4.212354986 0)
(2.564808856 -4.218483867 0)
(2.670777111 -4.224914334 0)
(2.781959789 -4.231661227 0)
(2.89861348 -4.238740118 0)
(3.021007398 -4.246167343 0)
(3.149424004 -4.253960042 0)
(3.284159661 -4.2621362 0)
(3.425525311 -4.270714686 0)
(3.5738472 -4.279715296 0)
(3.729467626 -4.289158804 0)
(3.892745732 -4.299067002 0)
(4.064058332 -4.309462757 0)
(4.243800782 -4.320370061 0)
(4.432387895 -4.331814084 0)
(4.630254892 -4.343821238 0)
(4.837858414 -4.356419234 0)
(5.055677569 -4.369637144 0)
(5.284215043 -4.383505474 0)
(5.523998255 -4.398056228 0)
(5.775580581 -4.413322987 0)
(6.039542623 -4.429340984 0)
(6.316493556 -4.446147186 0)
(6.60707253 -4.463780377 0)
(6.911950144 -4.482281252 0)
(7.231829999 -4.501692507 0)
(7.567450316 -4.522058941 0)
(7.919585643 -4.543427553 0)
(8.28904864 -4.56584766 0)
(8.676691957 -4.589371003 0)
(9.083410201 -4.614051868 0)
(9.510142 -4.639947215 0)
(9.957872169 -4.667116806 0)
(10.42763398 -4.695623341 0)
(10.92051157 -4.72553261 0)
(11.43764238 -4.756913637 0)
(11.98021987 -4.789838843 0)
(12.54949619 -4.824384213 0)
(13.14678514 -4.860629472 0)
(13.77346513 -4.898658267 0)
(14.43098242 -4.93855836 0)
(15.12085444 -4.980421834 0)
(15.84467329 -5.024345302 0)
(16.60410939 -5.07043013 0)
(17.40091538 -5.118782673 0)
(18.23693014 -5.16951452 0)
(19.11408303 -5.222742751 0)
(20.03439834 -5.278590205 0)
(21 -5.337185768 0)
(1.02896805 -3.775872032 0)
(1.059361542 -3.777732854 0)
(1.09125062 -3.779685242 0)
(1.124708877 -3.781733702 0)
(1.159813529 -3.783882962 0)
(1.19664559 -3.786137981 0)
(1.235290062 -3.788503964 0)
(1.275836128 -3.790986371 0)
(1.318377361 -3.793590931 0)
(1.363011939 -3.796323654 0)
(1.409842869 -3.799190848 0)
(1.458978229 -3.802199128 0)
(1.510531412 -3.805355439 0)
(1.564621395 -3.808667063 0)
(1.621373006 -3.812141644 0)
(1.680917217 -3.8157872 0)
(1.743391445 -3.819612144 0)
(1.808939869 -3.823625304 0)
(1.877713761 -3.827835942 0)
(1.949871839 -3.832253774 0)
(2.02558063 -3.836888996 0)
(2.105014855 -3.841752305 0)
(2.188357834 -3.846854925 0)
(2.275801905 -3.852208632 0)
(2.367548873 -3.857825781 0)
(2.463810472 -3.863719336 0)
(2.564808856 -3.869902897 0)
(2.670777111 -3.876390735 0)
(2.781959789 -3.883197823 0)
(2.89861348 -3.89033987 0)
(3.021007398 -3.897833359 0)
(3.149424004 -3.905695583 0)
(3.284159661 -3.913944687 0)
(3.425525311 -3.922599707 0)
(3.5738472 -3.93168062 0)
(3.729467626 -3.94120838 0)
(3.892745732 -3.951204977 0)
(4.064058332 -3.961693481 0)
(4.243800782 -3.972698096 0)
(4.432387895 -3.984244221 0)
(4.630254892 -3.996358501 0)
(4.837858414 -4.009068893 0)
(5.055677569 -4.02240473 0)
(5.284215043 -4.03639679 0)
(5.523998255 -4.051077363 0)
(5.775580581 -4.066480329 0)
(6.039542623 -4.082641235 0)
(6.316493556 -4.099597377 0)
(6.60707253 -4.117387888 0)
(6.911950144 -4.136053824 0)
(7.231829999 -4.155638262 0)
(7.567450316 -4.1761864 0)
(7.919585643 -4.197745658 0)
(8.28904864 -4.220365792 0)
(8.676691957 -4.244099005 0)
(9.083410201 -4.269000068 0)
(9.510142 -4.295126447 0)
(9.957872169 -4.322538439 0)
(10.42763398 -4.351299303 0)
(10.92051157 -4.381475416 0)
(11.43764238 -4.413136417 0)
(11.98021987 -4.446355375 0)
(12.54949619 -4.481208951 0)
(13.14678514 -4.517777582 0)
(13.77346513 -4.556145661 0)
(14.43098242 -4.596401734 0)
(15.12085444 -4.638638705 0)
(15.84467329 -4.682954048 0)
(16.60410939 -4.729450034 0)
(17.40091538 -4.778233968 0)
(18.23693014 -4.829418434 0)
(19.11408303 -4.883121554 0)
(20.03439834 -4.939467267 0)
(21 -4.998585607 0)
(1.02896805 -3.451145811 0)
(1.059361542 -3.453013625 0)
(1.09125062 -3.454973349 0)
(1.124708877 -3.457029506 0)
(1.159813529 -3.459186841 0)
(1.19664559 -3.461450334 0)
(1.235290062 -3.463825206 0)
(1.275836128 -3.466316941 0)
(1.318377361 -3.468931286 0)
(1.363011939 -3.471674278 0)
(1.409842869 -3.474552244 0)
(1.458978229 -3.477571828 0)
(1.510531412 -3.480739998 0)
(1.564621395 -3.484064066 0)
(1.621373006 -3.487551702 0)
(1.680917217 -3.491210956 0)
(1.743391445 -3.495050272 0)
(1.808939869 -3.499078511 0)
(1.877713761 -3.503304969 0)
(1.949871839 -3.507739401 0)
(2.02558063 -3.512392039 0)
(2.105014855 -3.517273621 0)
(2.188357834 -3.522395414 0)
(2.275801905 -3.527769237 0)
(2.367548873 -3.533407492 0)
(2.463810472 -3.539323191 0)
(2.564808856 -3.545529986 0)
(2.670777111 -3.552042201 0)
(2.781959789 -3.558874866 0)
(2.89861348 -3.566043748 0)
(3.021007398 -3.573565393 0)
(3.149424004 -3.581457159 0)
(3.284159661 -3.589737258 0)
(3.425525311 -3.598424799 0)
(3.5738472 -3.607539831 0)
(3.729467626 -3.617103391 0)
(3.892745732 -3.627137549 0)
(4.064058332 -3.637665462 0)
(4.243800782 -3.648711427 0)
(4.432387895 -3.660300934 0)
(4.630254892 -3.672460732 0)
(4.837858414 -3.685218882 0)
(5.055677569 -3.698604827 0)
(5.284215043 -3.71264946 0)
(5.523998255 -3.727385194 0)
(5.775580581 -3.742846035 0)
(6.039542623 -3.759067663 0)
(6.316493556 -3.776087517 0)
(6.60707253 -3.793944873 0)
(6.911950144 -3.812680944 0)
(7.231829999 -3.832338968 0)
(7.567450316 -3.852964313 0)
(7.919585643 -3.874604579 0)
(8.28904864 -3.897309705 0)
(8.676691957 -3.921132093 0)
(9.083410201 -3.946126718 0)
(9.510142 -3.972351265 0)
(9.957872169 -3.999866253 0)
(10.42763398 -4.028735184 0)
(10.92051157 -4.05902468 0)
(11.43764238 -4.090804643 0)
(11.98021987 -4.124148417 0)
(12.54949619 -4.159132952 0)
(13.14678514 -4.195838985 0)
(13.77346513 -4.234351228 0)
(14.43098242 -4.274758559 0)
(15.12085444 -4.31715423 0)
(15.84467329 -4.361636082 0)
(16.60410939 -4.408306772 0)
(17.40091538 -4.457274006 0)
(18.23693014 -4.508650791 0)
(19.11408303 -4.562555695 0)
(20.03439834 -4.61911312 0)
(21 -4.67845359 0)
(1.02896805 -3.149361613 0)
(1.059361542 -3.151228077 0)
(1.09125062 -3.153186385 0)
(1.124708877 -3.155241056 0)
(1.159813529 -3.157396832 0)
(1.19664559 -3.159658689 0)
(1.235290062 -3.162031845 0)
(1.275836128 -3.164521779 0)
(1.318377361 -3.167134235 0)
(1.363011939 -3.169875244 0)
(1.409842869 -3.172751131 0)
(1.458978229 -3.175768533 0)
(1.510531412 -3.178934413 0)
(1.564621395 -3.182256078 0)
(1.621373006 -3.185741194 0)
(1.680917217 -3.189397803 0)
(1.743391445 -3.193234344 0)
(1.808939869 -3.197259672 0)
(1.877713761 -3.201483076 0)
(1.949871839 -3.205914303 0)
(2.02558063 -3.210563579 0)
(2.105014855 -3.215441633 0)
(2.188357834 -3.220559724 0)
(2.275801905 -3.225929664 0)
(2.367548873 -3.231563844 0)
(2.463810472 -3.237475267 0)
(2.564808856 -3.243677577 0)
(2.670777111 -3.250185086 0)
(2.781959789 -3.257012812 0)
(2.89861348 -3.264176514 0)
(3.021007398 -3.271692723 0)
(3.149424004 -3.279578785 0)
(3.284159661 -3.2878529 0)
(3.425525311 -3.296534163 0)
(3.5738472 -3.305642608 0)
(3.729467626 -3.315199256 0)
(3.892745732 -3.325226162 0)
(4.064058332 -3.335746467 0)
(4.243800782 -3.346784448 0)
(4.432387895 -3.35836558 0)
(4.630254892 -3.37051659 0)
(4.837858414 -3.383265519 0)
(5.055677569 -3.396641791 0)
(5.284215043 -3.410676274 0)
(5.523998255 -3.425401358 0)
(5.775580581 -3.440851025 0)
(6.039542623 -3.457060931 0)
(6.316493556 -3.474068484 0)
(6.60707253 -3.491912935 0)
(6.911950144 -3.510635465 0)
(7.231829999 -3.530279282 0)
(7.567450316 -3.550889721 0)
(7.919585643 -3.572514347 0)
(8.28904864 -3.595203065 0)
(8.676691957 -3.619008236 0)
(9.083410201 -3.643984798 0)
(9.510142 -3.670190392 0)
(9.957872169 -3.697685495 0)
(10.42763398 -3.726533562 0)
(10.92051157 -3.756801168 0)
(11.43764238 -3.788558164 0)
(11.98021987 -3.82187784 0)
(12.54949619 -3.856837092 0)
(13.14678514 -3.893516598 0)
(13.77346513 -3.932001008 0)
(14.43098242 -3.972379136 0)
(15.12085444 -4.014744168 0)
(15.84467329 -4.059193873 0)
(16.60410939 -4.105830834 0)
(17.40091538 -4.154762679 0)
(18.23693014 -4.206102334 0)
(19.11408303 -4.259968281 0)
(20.03439834 -4.316484832 0)
(21 -4.375782417 0)
(1.02896805 -2.868898456 0)
(1.059361542 -2.870756246 0)
(1.09125062 -2.872705453 0)
(1.124708877 -2.874750576 0)
(1.159813529 -2.876896333 0)
(1.19664559 -2.879147678 0)
(1.235290062 -2.881509806 0)
(1.275836128 -2.883988168 0)
(1.318377361 -2.886588484 0)
(1.363011939 -2.889316754 0)
(1.409842869 -2.892179276 0)
(1.458978229 -2.895182655 0)
(1.510531412 -2.898333823 0)
(1.564621395 -2.901640051 0)
(1.621373006 -2.90510897 0)
(1.680917217 -2.908748586 0)
(1.743391445 -2.912567298 0)
(1.808939869 -2.916573919 0)
(1.877713761 -2.920777696 0)
(1.949871839 -2.925188329 0)
(2.02558063 -2.929815998 0)
(2.105014855 -2.934671383 0)
(2.188357834 -2.939765689 0)
(2.275801905 -2.945110673 0)
(2.367548873 -2.950718669 0)
(2.463810472 -2.956602621 0)
(2.564808856 -2.962776106 0)
(2.670777111 -2.969253373 0)
(2.781959789 -2.976049369 0)
(2.89861348 -2.983179779 0)
(3.021007398 -2.990661058 0)
(3.149424004 -2.998510471 0)
(3.284159661 -3.006746134 0)
(3.425525311 -3.015387052 0)
(3.5738472 -3.024453168 0)
(3.729467626 -3.033965403 0)
(3.892745732 -3.043945712 0)
(4.064058332 -3.054417125 0)
(4.243800782 -3.06540381 0)
(4.432387895 -3.076931121 0)
(4.630254892 -3.089025662 0)
(4.837858414 -3.101715343 0)
(5.055677569 -3.115029451 0)
(5.284215043 -3.128998712 0)
(5.523998255 -3.143655364 0)
(5.775580581 -3.159033232 0)
(6.039542623 -3.175167806 0)
(6.316493556 -3.19209632 0)
(6.60707253 -3.209857842 0)
(6.911950144 -3.228493363 0)
(7.231829999 -3.24804589 0)
(7.567450316 -3.268560547 0)
(7.919585643 -3.290084677 0)
(8.28904864 -3.312667953 0)
(8.676691957 -3.336362495 0)
(9.083410201 -3.361222983 0)
(9.510142 -3.387306792 0)
(9.957872169 -3.414674118 0)
(10.42763398 -3.44338812 0)
(10.92051157 -3.473515063 0)
(11.43764238 -3.505124475 0)
(11.98021987 -3.538289305 0)
(12.54949619 -3.573086091 0)
(13.14678514 -3.609595137 0)
(13.77346513 -3.647900698 0)
(14.43098242 -3.688091178 0)
(15.12085444 -3.730259327 0)
(15.84467329 -3.774502462 0)
(16.60410939 -3.820922687 0)
(17.40091538 -3.869627132 0)
(18.23693014 -3.920728197 0)
(19.11408303 -3.974343813 0)
(20.03439834 -4.030597715 0)
(21 -4.089619727 0)
(1.02896805 -2.608249896 0)
(1.059361542 -2.61009261 0)
(1.09125062 -2.612025999 0)
(1.124708877 -2.614054525 0)
(1.159813529 -2.61618287 0)
(1.19664559 -2.618415946 0)
(1.235290062 -2.620758905 0)
(1.275836128 -2.623217155 0)
(1.318377361 -2.62579637 0)
(1.363011939 -2.6285025 0)
(1.409842869 -2.631341793 0)
(1.458978229 -2.6343208 0)
(1.510531412 -2.637446396 0)
(1.564621395 -2.640725794 0)
(1.621373006 -2.644166564 0)
(1.680917217 -2.647776644 0)
(1.743391445 -2.651564368 0)
(1.808939869 -2.655538475 0)
(1.877713761 -2.659708139 0)
(1.949871839 -2.66408298 0)
(2.02558063 -2.668673096 0)
(2.105014855 -2.67348908 0)
(2.188357834 -2.678542046 0)
(2.275801905 -2.683843655 0)
(2.367548873 -2.689406143 0)
(2.463810472 -2.695242347 0)
(2.564808856 -2.701365735 0)
(2.670777111 -2.707790439 0)
(2.781959789 -2.714531287 0)
(2.89861348 -2.721603834 0)
(3.021007398 -2.729024402 0)
(3.149424004 -2.736810118 0)
(3.284159661 -2.744978949 0)
(3.425525311 -2.753549747 0)
(3.5738472 -2.762542292 0)
(3.729467626 -2.771977337 0)
(3.892745732 -2.781876655 0)
(4.064058332 -2.792263094 0)
(4.243800782 -2.803160623 0)
(4.432387895 -2.814594391 0)
(4.630254892 -2.826590785 0)
(4.837858414 -2.839177491 0)
(5.055677569 -2.852383556 0)
(5.284215043 -2.866239457 0)
(5.523998255 -2.880777171 0)
(5.775580581 -2.896030249 0)
(6.039542623 -2.912033892 0)
(6.316493556 -2.928825032 0)
(6.60707253 -2.946442421 0)
(6.911950144 -2.964926717 0)
(7.231829999 -2.984320576 0)
(7.567450316 -3.004668758 0)
(7.919585643 -3.026018221 0)
(8.28904864 -3.048418236 0)
(8.676691957 -3.071920498 0)
(9.083410201 -3.096579245 0)
(9.510142 -3.122451386 0)
(9.957872169 -3.149596628 0)
(10.42763398 -3.178077618 0)
(10.92051157 -3.207960083 0)
(11.43764238 -3.239312988 0)
(11.98021987 -3.272208688 0)
(12.54949619 -3.3067231 0)
(13.14678514 -3.342935877 0)
(13.77346513 -3.380930592 0)
(14.43098242 -3.420794929 0)
(15.12085444 -3.462620886 0)
(15.84467329 -3.506504992 0)
(16.60410939 -3.55254852 0)
(17.40091538 -3.600857732 0)
(18.23693014 -3.651544116 0)
(19.11408303 -3.704724645 0)
(20.03439834 -3.760522051 0)
(21 -3.819065104 0)
(1.02896805 -2.366015931 0)
(1.059361542 -2.367838002 0)
(1.09125062 -2.369749733 0)
(1.124708877 -2.371755536 0)
(1.159813529 -2.373860038 0)
(1.19664559 -2.376068098 0)
(1.235290062 -2.378384811 0)
(1.275836128 -2.380815523 0)
(1.318377361 -2.383365844 0)
(1.363011939 -2.38604166 0)
(1.409842869 -2.388849146 0)
(1.458978229 -2.391794781 0)
(1.510531412 -2.394885364 0)
(1.564621395 -2.398128026 0)
(1.621373006 -2.40153025 0)
(1.680917217 -2.40509989 0)
(1.743391445 -2.408845182 0)
(1.808939869 -2.412774771 0)
(1.877713761 -2.416897724 0)
(1.949871839 -2.421223557 0)
(2.02558063 -2.425762253 0)
(2.105014855 -2.430524287 0)
(2.188357834 -2.435520649 0)
(2.275801905 -2.440762868 0)
(2.367548873 -2.446263043 0)
(2.463810472 -2.452033868 0)
(2.564808856 -2.45808866 0)
(2.670777111 -2.464441393 0)
(2.781959789 -2.471106727 0)
(2.89861348 -2.478100046 0)
(3.021007398 -2.485437487 0)
(3.149424004 -2.493135985 0)
(3.284159661 -2.501213307 0)
(3.425525311 -2.509688092 0)
(3.5738472 -2.5185799 0)
(3.729467626 -2.52790925 0)
(3.892745732 -2.537697674 0)
(4.064058332 -2.547967761 0)
(4.243800782 -2.558743213 0)
(4.432387895 -2.570048896 0)
(4.630254892 -2.581910903 0)
(4.837858414 -2.594356609 0)
(5.055677569 -2.607414736 0)
(5.284215043 -2.62111542 0)
(5.523998255 -2.635490278 0)
(5.775580581 -2.650572487 0)
(6.039542623 -2.666396852 0)
(6.316493556 -2.682999893 0)
(6.60707253 -2.700419928 0)
(6.911950144 -2.718697156 0)
(7.231829999 -2.737873761 0)
(7.567450316 -2.757993996 0)
(7.919585643 -2.779104296 0)
(8.28904864 -2.80125338 0)
(8.676691957 -2.824492363 0)
(9.083410201 -2.848874876 0)
(9.510142 -2.87445719 0)
(9.957872169 -2.901298343 0)
(10.42763398 -2.929460281 0)
(10.92051157 -2.959007994 0)
(11.43764238 -2.990009674 0)
(11.98021987 -3.022536867 0)
(12.54949619 -3.056664639 0)
(13.14678514 -3.092471751 0)
(13.77346513 -3.130040838 0)
(14.43098242 -3.169458603 0)
(15.12085444 -3.210816015 0)
(15.84467329 -3.254208517 0)
(16.60410939 -3.299736253 0)
(17.40091538 -3.347504292 0)
(18.23693014 -3.397622872 0)
(19.11408303 -3.450207658 0)
(20.03439834 -3.505380005 0)
(21 -3.563267242 0)
(1.02896805 -2.140895485 0)
(1.059361542 -2.142692102 0)
(1.09125062 -2.144577127 0)
(1.124708877 -2.146554908 0)
(1.159813529 -2.148630011 0)
(1.19664559 -2.150807224 0)
(1.235290062 -2.153091573 0)
(1.275836128 -2.155488328 0)
(1.318377361 -2.158003021 0)
(1.363011939 -2.160641456 0)
(1.409842869 -2.163409722 0)
(1.458978229 -2.166314207 0)
(1.510531412 -2.169361614 0)
(1.564621395 -2.172558976 0)
(1.621373006 -2.175913672 0)
(1.680917217 -2.179433444 0)
(1.743391445 -2.183126414 0)
(1.808939869 -2.187001107 0)
(1.877713761 -2.191066463 0)
(1.949871839 -2.195331864 0)
(2.02558063 -2.199807155 0)
(2.105014855 -2.204502664 0)
(2.188357834 -2.209429226 0)
(2.275801905 -2.214598212 0)
(2.367548873 -2.22002155 0)
(2.463810472 -2.225711757 0)
(2.564808856 -2.231681964 0)
(2.670777111 -2.23794595 0)
(2.781959789 -2.24451817 0)
(2.89861348 -2.251413792 0)
(3.021007398 -2.25864873 0)
(3.149424004 -2.26623968 0)
(3.284159661 -2.274204162 0)
(3.425525311 -2.282560555 0)
(3.5738472 -2.291328145 0)
(3.729467626 -2.300527165 0)
(3.892745732 -2.310178845 0)
(4.064058332 -2.32030546 0)
(4.243800782 -2.330930379 0)
(4.432387895 -2.342078123 0)
(4.630254892 -2.353774418 0)
(4.837858414 -2.366046258 0)
(5.055677569 -2.378921964 0)
(5.284215043 -2.39243125 0)
(5.523998255 -2.406605293 0)
(5.775580581 -2.421476804 0)
(6.039542623 -2.437080104 0)
(6.316493556 -2.453451201 0)
(6.60707253 -2.470627879 0)
(6.911950144 -2.488649776 0)
(7.231829999 -2.507558484 0)
(7.567450316 -2.527397641 0)
(7.919585643 -2.548213032 0)
(8.28904864 -2.570052694 0)
(8.676691957 -2.59296703 0)
(9.083410201 -2.617008921 0)
(9.510142 -2.642233851 0)
(9.957872169 -2.668700035 0)
(10.42763398 -2.696468552 0)
(10.92051157 -2.725603486 0)
(11.43764238 -2.756172075 0)
(11.98021987 -2.788244865 0)
(12.54949619 -2.821895874 0)
(13.14678514 -2.857202762 0)
(13.77346513 -2.894247012 0)
(14.43098242 -2.933114113 0)
(15.12085444 -2.973893764 0)
(15.84467329 -3.016680076 0)
(16.60410939 -3.061571792 0)
(17.40091538 -3.108672514 0)
(18.23693014 -3.158090941 0)
(19.11408303 -3.209941121 0)
(20.03439834 -3.264342714 0)
(21 -3.321421269 0)
(1.02896805 -1.931679414 0)
(1.059361542 -1.933446448 0)
(1.09125062 -1.935300432 0)
(1.124708877 -1.937245647 0)
(1.159813529 -1.93928658 0)
(1.19664559 -1.941427943 0)
(1.235290062 -1.943674676 0)
(1.275836128 -1.946031966 0)
(1.318377361 -1.948505251 0)
(1.363011939 -1.951100241 0)
(1.409842869 -1.953822923 0)
(1.458978229 -1.956679581 0)
(1.510531412 -1.959676809 0)
(1.564621395 -1.962821522 0)
(1.621373006 -1.966120978 0)
(1.680917217 -1.969582792 0)
(1.743391445 -1.973214953 0)
(1.808939869 -1.977025843 0)
(1.877713761 -1.981024257 0)
(1.949871839 -1.985219423 0)
(2.02558063 -1.989621022 0)
(2.105014855 -1.994239213 0)
(2.188357834 -1.999084653 0)
(2.275801905 -2.004168524 0)
(2.367548873 -2.009502559 0)
(2.463810472 -2.015099069 0)
(2.564808856 -2.020970968 0)
(2.670777111 -2.027131809 0)
(2.781959789 -2.033595808 0)
(2.89861348 -2.040377885 0)
(3.021007398 -2.047493689 0)
(3.149424004 -2.054959644 0)
(3.284159661 -2.06279298 0)
(3.425525311 -2.071011773 0)
(3.5738472 -2.079634993 0)
(3.729467626 -2.088682538 0)
(3.892745732 -2.09817529 0)
(4.064058332 -2.108135156 0)
(4.243800782 -2.118585121 0)
(4.432387895 -2.129549302 0)
(4.630254892 -2.141053002 0)
(4.837858414 -2.153122769 0)
(5.055677569 -2.165786459 0)
(5.284215043 -2.179073295 0)
(5.523998255 -2.193013943 0)
(5.775580581 -2.207640574 0)
(6.039542623 -2.222986944 0)
(6.316493556 -2.239088469 0)
(6.60707253 -2.255982309 0)
(6.911950144 -2.273707451 0)
(7.231829999 -2.292304801 0)
(7.567450316 -2.311817279 0)
(7.919585643 -2.332289916 0)
(8.28904864 -2.353769958 0)
(8.676691957 -2.376306977 0)
(9.083410201 -2.399952985 0)
(9.510142 -2.424762553 0)
(9.957872169 -2.450792935 0)
(10.42763398 -2.478104204 0)
(10.92051157 -2.506759391 0)
(11.43764238 -2.536824626 0)
(11.98021987 -2.568369293 0)
(12.54949619 -2.601466192 0)
(13.14678514 -2.636191704 0)
(13.77346513 -2.672625969 0)
(14.43098242 -2.71085307 0)
(15.12085444 -2.750961227 0)
(15.84467329 -2.793043004 0)
(16.60410939 -2.837195516 0)
(17.40091538 -2.88352066 0)
(18.23693014 -2.932125344 0)
(19.11408303 -2.983121739 0)
(20.03439834 -3.036627535 0)
(21 -3.092766213 0)
(1.02896805 -1.73724401 0)
(1.059361542 -1.738977945 0)
(1.09125062 -1.740797203 0)
(1.124708877 -1.742705982 0)
(1.159813529 -1.744708687 0)
(1.19664559 -1.74680994 0)
(1.235290062 -1.74901459 0)
(1.275836128 -1.751327725 0)
(1.318377361 -1.753754684 0)
(1.363011939 -1.756301067 0)
(1.409842869 -1.758972751 0)
(1.458978229 -1.761775901 0)
(1.510531412 -1.764716988 0)
(1.564621395 -1.767802797 0)
(1.621373006 -1.771040452 0)
(1.680917217 -1.774437423 0)
(1.743391445 -1.77800155 0)
(1.808939869 -1.781741059 0)
(1.877713761 -1.785664579 0)
(1.949871839 -1.789781166 0)
(2.02558063 -1.794100319 0)
(2.105014855 -1.798632007 0)
(2.188357834 -1.803386687 0)
(2.275801905 -1.808375333 0)
(2.367548873 -1.813609457 0)
(2.463810472 -1.819101139 0)
(2.564808856 -1.824863053 0)
(2.670777111 -1.830908495 0)
(2.781959789 -1.837251418 0)
(2.89861348 -1.84390646 0)
(3.021007398 -1.850888979 0)
(3.149424004 -1.85821509 0)
(3.284159661 -1.8659017 0)
(3.425525311 -1.873966548 0)
(3.5738472 -1.882428247 0)
(3.729467626 -1.891306324 0)
(3.892745732 -1.900621268 0)
(4.064058332 -1.910394576 0)
(4.243800782 -1.920648804 0)
(4.432387895 -1.931407616 0)
(4.630254892 -1.942695841 0)
(4.837858414 -1.954539531 0)
(5.055677569 -1.966966018 0)
(5.284215043 -1.980003981 0)
(5.523998255 -1.993683507 0)
(5.775580581 -2.008036169 0)
(6.039542623 -2.023095087 0)
(6.316493556 -2.038895016 0)
(6.60707253 -2.055472419 0)
(6.911950144 -2.072865553 0)
(7.231829999 -2.091114558 0)
(7.567450316 -2.11026155 0)
(7.919585643 -2.130350715 0)
(8.28904864 -2.151428417 0)
(8.676691957 -2.173543298 0)
(9.083410201 -2.196746395 0)
(9.510142 -2.221091256 0)
(9.957872169 -2.246634066 0)
(10.42763398 -2.273433771 0)
(10.92051157 -2.30155222 0)
(11.43764238 -2.331054306 0)
(11.98021987 -2.362008113 0)
(12.54949619 -2.394485077 0)
(13.14678514 -2.428560149 0)
(13.77346513 -2.464311967 0)
(14.43098242 -2.50182304 0)
(15.12085444 -2.541179936 0)
(15.84467329 -2.582473483 0)
(16.60410939 -2.625798979 0)
(17.40091538 -2.67125641 0)
(18.23693014 -2.718950685 0)
(19.11408303 -2.768991872 0)
(20.03439834 -2.821495456 0)
(21 -2.876582606 0)
(1.02896805 -1.556544963 0)
(1.059361542 -1.55824284 0)
(1.09125062 -1.560024265 0)
(1.124708877 -1.56189335 0)
(1.159813529 -1.563854407 0)
(1.19664559 -1.565911963 0)
(1.235290062 -1.568070766 0)
(1.275836128 -1.570335798 0)
(1.318377361 -1.572712286 0)
(1.363011939 -1.575205716 0)
(1.409842869 -1.57782184 0)
(1.458978229 -1.580566697 0)
(1.510531412 -1.583446622 0)
(1.564621395 -1.58646826 0)
(1.621373006 -1.589638585 0)
(1.680917217 -1.592964914 0)
(1.743391445 -1.596454923 0)
(1.808939869 -1.600116666 0)
(1.877713761 -1.603958594 0)
(1.949871839 -1.607989573 0)
(2.02558063 -1.612218907 0)
(2.105014855 -1.616656355 0)
(2.188357834 -1.621312158 0)
(2.275801905 -1.626197062 0)
(2.367548873 -1.631322338 0)
(2.463810472 -1.636699817 0)
(2.564808856 -1.642341908 0)
(2.670777111 -1.648261631 0)
(2.781959789 -1.654472648 0)
(2.89861348 -1.660989294 0)
(3.021007398 -1.667826607 0)
(3.149424004 -1.675000366 0)
(3.284159661 -1.682527128 0)
(3.425525311 -1.690424262 0)
(3.5738472 -1.698709993 0)
(3.729467626 -1.707403445 0)
(3.892745732 -1.716524678 0)
(4.064058332 -1.726094744 0)
(4.243800782 -1.736135728 0)
(4.432387895 -1.746670803 0)
(4.630254892 -1.757724282 0)
(4.837858414 -1.769321673 0)
(5.055677569 -1.781489743 0)
(5.284215043 -1.794256572 0)
(5.523998255 -1.807651624 0)
(5.775580581 -1.821705811 0)
(6.039542623 -1.836451569 0)
(6.316493556 -1.851922928 0)
(6.60707253 -1.868155592 0)
(6.911950144 -1.885187023 0)
(7.231829999 -1.903056528 0)
(7.567450316 -1.921805344 0)
(7.919585643 -1.941476742 0)
(8.28904864 -1.962116118 0)
(8.676691957 -1.983771105 0)
(9.083410201 -2.006491677 0)
(9.510142 -2.030330271 0)
(9.957872169 -2.055341899 0)
(10.42763398 -2.081584286 0)
(10.92051157 -2.109117993 0)
(11.43764238 -2.138006562 0)
(11.98021987 -2.168316663 0)
(12.54949619 -2.200118247 0)
(13.14678514 -2.233484704 0)
(13.77346513 -2.268493038 0)
(14.43098242 -2.305224042 0)
(15.12085444 -2.343762483 0)
(15.84467329 -2.384197302 0)
(16.60410939 -2.426621815 0)
(17.40091538 -2.471133927 0)
(18.23693014 -2.517836366 0)
(19.11408303 -2.566836912 0)
(20.03439834 -2.618248648 0)
(21 -2.672190222 0)
(1.02896805 -1.388611756 0)
(1.059361542 -1.390271112 0)
(1.09125062 -1.392012122 0)
(1.124708877 -1.393838802 0)
(1.159813529 -1.395755368 0)
(1.19664559 -1.397766243 0)
(1.235290062 -1.399876068 0)
(1.275836128 -1.402089713 0)
(1.318377361 -1.404412285 0)
(1.363011939 -1.406849144 0)
(1.409842869 -1.409405916 0)
(1.458978229 -1.412088499 0)
(1.510531412 -1.414903086 0)
(1.564621395 -1.417856171 0)
(1.621373006 -1.42095457 0)
(1.680917217 -1.424205433 0)
(1.743391445 -1.427616262 0)
(1.808939869 -1.43119493 0)
(1.877713761 -1.434949695 0)
(1.949871839 -1.438889222 0)
(2.02558063 -1.443022603 0)
(2.105014855 -1.447359377 0)
(2.188357834 -1.451909552 0)
(2.275801905 -1.45668363 0)
(2.367548873 -1.461692628 0)
(2.463810472 -1.466948105 0)
(2.564808856 -1.472462191 0)
(2.670777111 -1.478247612 0)
(2.781959789 -1.484317717 0)
(2.89861348 -1.490686517 0)
(3.021007398 -1.497368709 0)
(3.149424004 -1.504379715 0)
(3.284159661 -1.511735714 0)
(3.425525311 -1.519453683 0)
(3.5738472 -1.527551433 0)
(3.729467626 -1.536047652 0)
(3.892745732 -1.544961949 0)
(4.064058332 -1.554314895 0)
(4.243800782 -1.564128075 0)
(4.432387895 -1.574424137 0)
(4.630254892 -1.585226841 0)
(4.837858414 -1.596561118 0)
(5.055677569 -1.608453126 0)
(5.284215043 -1.620930309 0)
(5.523998255 -1.634021462 0)
(5.775580581 -1.647756797 0)
(6.039542623 -1.662168012 0)
(6.316493556 -1.677288366 0)
(6.60707253 -1.693152753 0)
(6.911950144 -1.709797786 0)
(7.231829999 -1.727261878 0)
(7.567450316 -1.745585333 0)
(7.919585643 -1.764810438 0)
(8.28904864 -1.78498156 0)
(8.676691957 -1.806145252 0)
(9.083410201 -1.828350354 0)
(9.510142 -1.851648112 0)
(9.957872169 -1.876092292 0)
(10.42763398 -1.901739308 0)
(10.92051157 -1.928648346 0)
(11.43764238 -1.95688151 0)
(11.98021987 -1.986503954 0)
(12.54949619 -2.017584042 0)
(13.14678514 -2.050193501 0)
(13.77346513 -2.084407588 0)
(14.43098242 -2.120305261 0)
(15.12085444 -2.157969366 0)
(15.84467329 -2.197486825 0)
(16.60410939 -2.238948836 0)
(17.40091538 -2.282451085 0)
(18.23693014 -2.328093967 0)
(19.11408303 -2.375982818 0)
(20.03439834 -2.426228156 0)
(21 -2.478945937 0)
(1.02896805 -1.232542442 0)
(1.059361542 -1.234161264 0)
(1.09125062 -1.235859743 0)
(1.124708877 -1.237641801 0)
(1.159813529 -1.239511549 0)
(1.19664559 -1.241473302 0)
(1.235290062 -1.243531588 0)
(1.275836128 -1.245691157 0)
(1.318377361 -1.247956993 0)
(1.363011939 -1.250334324 0)
(1.409842869 -1.252828638 0)
(1.458978229 -1.255445691 0)
(1.510531412 -1.258191522 0)
(1.564621395 -1.261072469 0)
(1.621373006 -1.264095179 0)
(1.680917217 -1.267266629 0)
(1.743391445 -1.270594139 0)
(1.808939869 -1.274085386 0)
(1.877713761 -1.277748428 0)
(1.949871839 -1.28159172 0)
(2.02558063 -1.285624129 0)
(2.105014855 -1.289854964 0)
(2.188357834 -1.294293986 0)
(2.275801905 -1.298951442 0)
(2.367548873 -1.303838079 0)
(2.463810472 -1.308965175 0)
(2.564808856 -1.314344562 0)
(2.670777111 -1.319988654 0)
(2.781959789 -1.325910478 0)
(2.89861348 -1.332123699 0)
(3.021007398 -1.338642658 0)
(3.149424004 -1.345482397 0)
(3.284159661 -1.352658702 0)
(3.425525311 -1.360188134 0)
(3.5738472 -1.368088071 0)
(3.729467626 -1.376376743 0)
(3.892745732 -1.385073279 0)
(4.064058332 -1.394197749 0)
(4.243800782 -1.403771211 0)
(4.432387895 -1.413815758 0)
(4.630254892 -1.424354572 0)
(4.837858414 -1.435411973 0)
(5.055677569 -1.44701348 0)
(5.284215043 -1.459185868 0)
(5.523998255 -1.471957227 0)
(5.775580581 -1.485357032 0)
(6.039542623 -1.499416207 0)
(6.316493556 -1.514167198 0)
(6.60707253 -1.529644046 0)
(6.911950144 -1.545882471 0)
(7.231829999 -1.562919946 0)
(7.567450316 -1.580795792 0)
(7.919585643 -1.599551261 0)
(8.28904864 -1.61922964 0)
(8.676691957 -1.63987634 0)
(9.083410201 -1.661539011 0)
(9.510142 -1.684267646 0)
(9.957872169 -1.708114699 0)
(10.42763398 -1.733135203 0)
(10.92051157 -1.759386902 0)
(11.43764238 -1.78693038 0)
(11.98021987 -1.8158292 0)
(12.54949619 -1.846150058 0)
(13.14678514 -1.877962926 0)
(13.77346513 -1.911341223 0)
(14.43098242 -1.94636198 0)
(15.12085444 -1.983106019 0)
(15.84467329 -2.021658136 0)
(16.60410939 -2.062107304 0)
(17.40091538 -2.104546871 0)
(18.23693014 -2.149074779 0)
(19.11408303 -2.195793791 0)
(20.03439834 -2.244811725 0)
(21 -2.296241705 0)
(1.02896805 -1.087498808 0)
(1.059361542 -1.08907548 0)
(1.09125062 -1.090729737 0)
(1.124708877 -1.092465395 0)
(1.159813529 -1.09428646 0)
(1.19664559 -1.096197135 0)
(1.235290062 -1.09820183 0)
(1.275836128 -1.10030517 0)
(1.318377361 -1.102512011 0)
(1.363011939 -1.104827444 0)
(1.409842869 -1.107256814 0)
(1.458978229 -1.109805727 0)
(1.510531412 -1.112480065 0)
(1.564621395 -1.115286001 0)
(1.621373006 -1.118230009 0)
(1.680917217 -1.121318885 0)
(1.743391445 -1.124559756 0)
(1.808939869 -1.127960102 0)
(1.877713761 -1.13152777 0)
(1.949871839 -1.135270994 0)
(2.02558063 -1.139198412 0)
(2.105014855 -1.143319089 0)
(2.188357834 -1.147642533 0)
(2.275801905 -1.152178723 0)
(2.367548873 -1.156938127 0)
(2.463810472 -1.161931729 0)
(2.564808856 -1.167171054 0)
(2.670777111 -1.172668192 0)
(2.781959789 -1.178435829 0)
(2.89861348 -1.184487278 0)
(3.021007398 -1.190836503 0)
(3.149424004 -1.197498156 0)
(3.284159661 -1.204487613 0)
(3.425525311 -1.211821002 0)
(3.5738472 -1.219515249 0)
(3.729467626 -1.227588109 0)
(3.892745732 -1.236058215 0)
(4.064058332 -1.244945112 0)
(4.243800782 -1.254269311 0)
(4.432387895 -1.264052329 0)
(4.630254892 -1.274316744 0)
(4.837858414 -1.285086245 0)
(5.055677569 -1.296385685 0)
(5.284215043 -1.308241142 0)
(5.523998255 -1.320679974 0)
(5.775580581 -1.33373089 0)
(6.039542623 -1.347424008 0)
(6.316493556 -1.361790928 0)
(6.60707253 -1.376864808 0)
(6.911950144 -1.392680434 0)
(7.231829999 -1.409274306 0)
(7.567450316 -1.426684721 0)
(7.919585643 -1.444951856 0)
(8.28904864 -1.46411787 0)
(8.676691957 -1.484226995 0)
(9.083410201 -1.505325637 0)
(9.510142 -1.527462489 0)
(9.957872169 -1.550688638 0)
(10.42763398 -1.575057687 0)
(10.92051157 -1.600625873 0)
(11.43764238 -1.627452204 0)
(11.98021987 -1.655598589 0)
(12.54949619 -1.685129985 0)
(13.14678514 -1.716114545 0)
(13.77346513 -1.748623775 0)
(14.43098242 -1.7827327 0)
(15.12085444 -1.818520038 0)
(15.84467329 -1.856068378 0)
(16.60410939 -1.895464375 0)
(17.40091538 -1.936798947 0)
(18.23693014 -1.980167487 0)
(19.11408303 -2.025670081 0)
(20.03439834 -2.07341174 0)
(21 -2.123502642 0)
(1.02896805 -0.9527018627 0)
(1.059361542 -0.9542351304 0)
(1.09125062 -0.9558438463 0)
(1.124708877 -0.9575317229 0)
(1.159813529 -0.9593026555 0)
(1.19664559 -0.9611607312 0)
(1.235290062 -0.9631102379 0)
(1.275836128 -0.9651556749 0)
(1.318377361 -0.9673017625 0)
(1.363011939 -0.9695534536 0)
(1.409842869 -0.9719159446 0)
(1.458978229 -0.9743946877 0)
(1.510531412 -0.9769954033 0)
(1.564621395 -0.9797240934 0)
(1.621373006 -0.9825870553 0)
(1.680917217 -0.9855908962 0)
(1.743391445 -0.9887425483 0)
(1.808939869 -0.9920492851 0)
(1.877713761 -0.9955187379 0)
(1.949871839 -0.9991589135 0)
(2.02558063 -1.002978213 0)
(2.105014855 -1.00698545 0)
(2.188357834 -1.011189873 0)
(2.275801905 -1.015601184 0)
(2.367548873 -1.020229565 0)
(2.463810472 -1.025085697 0)
(2.564808856 -1.030180786 0)
(2.670777111 -1.035526592 0)
(2.781959789 -1.041135451 0)
(2.89861348 -1.047020307 0)
(3.021007398 -1.053194742 0)
(3.149424004 -1.059673005 0)
(3.284159661 -1.066470046 0)
(3.425525311 -1.073601552 0)
(3.5738472 -1.081083982 0)
(3.729467626 -1.088934602 0)
(3.892745732 -1.097171531 0)
(4.064058332 -1.105813778 0)
(4.243800782 -1.114881288 0)
(4.432387895 -1.124394987 0)
(4.630254892 -1.13437683 0)
(4.837858414 -1.144849854 0)
(5.055677569 -1.155838228 0)
(5.284215043 -1.167367312 0)
(5.523998255 -1.179463712 0)
(5.775580581 -1.192155345 0)
(6.039542623 -1.2054715 0)
(6.316493556 -1.219442909 0)
(6.60707253 -1.234101815 0)
(6.911950144 -1.249482048 0)
(7.231829999 -1.265619103 0)
(7.567450316 -1.28255022 0)
(7.919585643 -1.300314474 0)
(8.28904864 -1.318952861 0)
(8.676691957 -1.338508395 0)
(9.083410201 -1.359026206 0)
(9.510142 -1.380553646 0)
(9.957872169 -1.403140395 0)
(10.42763398 -1.42683858 0)
(10.92051157 -1.451702892 0)
(11.43764238 -1.477790712 0)
(11.98021987 -1.505162247 0)
(12.54949619 -1.533880664 0)
(13.14678514 -1.56401224 0)
(13.77346513 -1.595626513 0)
(14.43098242 -1.628796444 0)
(15.12085444 -1.66359858 0)
(15.84467329 -1.70011324 0)
(16.60410939 -1.738424693 0)
(17.40091538 -1.778621352 0)
(18.23693014 -1.820795986 0)
(19.11408303 -1.865045925 0)
(20.03439834 -1.911473289 0)
(21 -1.960185223 0)
(1.02896805 -0.8274276589 0)
(1.059361542 -0.828916586 0)
(1.09125062 -0.8304787793 0)
(1.124708877 -0.8321178441 0)
(1.159813529 -0.8338375631 0)
(1.19664559 -0.835641905 0)
(1.235290062 -0.8375350339 0)
(1.275836128 -0.8395213188 0)
(1.318377361 -0.8416053436 0)
(1.363011939 -0.843791918 0)
(1.409842869 -0.846086088 0)
(1.458978229 -0.8484931481 0)
(1.510531412 -0.8510186536 0)
(1.564621395 -0.8536684326 0)
(1.621373006 -0.8564486004 0)
(1.680917217 -0.859365573 0)
(1.743391445 -0.8624260824 0)
(1.808939869 -0.8656371915 0)
(1.877713761 -0.8690063111 0)
(1.949871839 -0.8725412163 0)
(2.02558063 -0.876250065 0)
(2.105014855 -0.8801414167 0)
(2.188357834 -0.8842242517 0)
(2.275801905 -0.8885079925 0)
(2.367548873 -0.8930025251 0)
(2.463810472 -0.897718222 0)
(2.564808856 -0.9026659662 0)
(2.670777111 -0.9078571762 0)
(2.781959789 -0.9133038322 0)
(2.89861348 -0.919018504 0)
(3.021007398 -0.9250143801 0)
(3.149424004 -0.9313052978 0)
(3.284159661 -0.9379057754 0)
(3.425525311 -0.9448310453 0)
(3.5738472 -0.95209709 0)
(3.729467626 -0.9597206779 0)
(3.892745732 -0.9677194029 0)
(4.064058332 -0.9761117246 0)
(4.243800782 -0.9849170107 0)
(4.432387895 -0.9941555822 0)
(4.630254892 -1.00384876 0)
(4.837858414 -1.014018914 0)
(5.055677569 -1.024689515 0)
(5.284215043 -1.035885189 0)
(5.523998255 -1.047631773 0)
(5.775580581 -1.059956376 0)
(6.039542623 -1.072887441 0)
(6.316493556 -1.08645481 0)
(6.60707253 -1.100689795 0)
(6.911950144 -1.115625246 0)
(7.231829999 -1.131295632 0)
(7.567450316 -1.147737118 0)
(7.919585643 -1.164987647 0)
(8.28904864 -1.183087029 0)
(8.676691957 -1.202077036 0)
(9.083410201 -1.222001492 0)
(9.510142 -1.242906379 0)
(9.957872169 -1.264839941 0)
(10.42763398 -1.287852797 0)
(10.92051157 -1.311998057 0)
(11.43764238 -1.337331442 0)
(11.98021987 -1.363911418 0)
(12.54949619 -1.391799326 0)
(13.14678514 -1.421059526 0)
(13.77346513 -1.451759545 0)
(14.43098242 -1.483970233 0)
(15.12085444 -1.517765925 0)
(15.84467329 -1.553224616 0)
(16.60410939 -1.590428138 0)
(17.40091538 -1.629462349 0)
(18.23693014 -1.670417332 0)
(19.11408303 -1.713387605 0)
(20.03439834 -1.758472334 0)
(21 -1.805775566 0)
(1.02896805 -0.7110034001 0)
(1.059361542 -0.7124473351 0)
(1.09125062 -0.7139623225 0)
(1.124708877 -0.7155518584 0)
(1.159813529 -0.7172196113 0)
(1.19664559 -0.71896943 0)
(1.235290062 -0.7208053528 0)
(1.275836128 -0.7227316166 0)
(1.318377361 -0.7247526669 0)
(1.363011939 -0.7268731678 0)
(1.409842869 -0.7290980131 0)
(1.458978229 -0.7314323373 0)
(1.510531412 -0.7338815276 0)
(1.564621395 -0.7364512362 0)
(1.621373006 -0.7391473935 0)
(1.680917217 -0.7419762218 0)
(1.743391445 -0.7449442494 0)
(1.808939869 -0.748058326 0)
(1.877713761 -0.7513256383 0)
(1.949871839 -0.7547537265 0)
(2.02558063 -0.7583505022 0)
(2.105014855 -0.7621242659 0)
(2.188357834 -0.7660837267 0)
(2.275801905 -0.7702380224 0)
(2.367548873 -0.7745967403 0)
(2.463810472 -0.7791699394 0)
(2.564808856 -0.7839681738 0)
(2.670777111 -0.789002517 0)
(2.781959789 -0.7942845872 0)
(2.89861348 -0.7998265745 0)
(3.021007398 -0.8056412686 0)
(3.149424004 -0.8117420888 0)
(3.284159661 -0.8181431146 0)
(3.425525311 -0.8248591184 0)
(3.5738472 -0.8319055994 0)
(3.729467626 -0.8392988196 0)
(3.892745732 -0.847055841 0)
(4.064058332 -0.8551945654 0)
(4.243800782 -0.8637337754 0)
(4.432387895 -0.8726931779 0)
(4.630254892 -0.8820934495 0)
(4.837858414 -0.8919562842 0)
(5.055677569 -0.9023044435 0)
(5.284215043 -0.9131618091 0)
(5.523998255 -0.9245534375 0)
(5.775580581 -0.9365056186 0)
(6.039542623 -0.9490459357 0)
(6.316493556 -0.9622033294 0)
(6.60707253 -0.9760081645 0)
(6.911950144 -0.9904922998 0)
(7.231829999 -1.005689162 0)
(7.567450316 -1.021633823 0)
(7.919585643 -1.038363079 0)
(8.28904864 -1.055915539 0)
(8.676691957 -1.07433171 0)
(9.083410201 -1.093654093 0)
(9.510142 -1.113927281 0)
(9.957872169 -1.13519806 0)
(10.42763398 -1.157515519 0)
(10.92051157 -1.180931163 0)
(11.43764238 -1.20549903 0)
(11.98021987 -1.231275818 0)
(12.54949619 -1.258321016 0)
(13.14678514 -1.286697038 0)
(13.77346513 -1.316469371 0)
(14.43098242 -1.347706723 0)
(15.12085444 -1.380481185 0)
(15.84467329 -1.414868394 0)
(16.60410939 -1.450947708 0)
(17.40091538 -1.488802393 0)
(18.23693014 -1.528519808 0)
(19.11408303 -1.570191615 0)
(20.03439834 -1.613913985 0)
(21 -1.659787819 0)
(1.02896805 -0.6028038275 0)
(1.059361542 -0.6042023716 0)
(1.09125062 -0.6056697343 0)
(1.124708877 -0.6072093022 0)
(1.159813529 -0.6088246283 0)
(1.19664559 -0.6105194404 0)
(1.235290062 -0.6122976498 0)
(1.275836128 -0.6141633604 0)
(1.318377361 -0.6161208777 0)
(1.363011939 -0.6181747194 0)
(1.409842869 -0.6203296253 0)
(1.458978229 -0.6225905686 0)
(1.510531412 -0.6249627671 0)
(1.564621395 -0.6274516953 0)
(1.621373006 -0.6300630973 0)
(1.680917217 -0.6328029996 0)
(1.743391445 -0.6356777255 0)
(1.808939869 -0.6386939092 0)
(1.877713761 -0.6418585115 0)
(1.949871839 -0.6451788357 0)
(2.02558063 -0.6486625445 0)
(2.105014855 -0.6523176776 0)
(2.188357834 -0.6561526704 0)
(2.275801905 -0.6601763732 0)
(2.367548873 -0.6643980721 0)
(2.463810472 -0.6688275099 0)
(2.564808856 -0.6734749089 0)
(2.670777111 -0.6783509945 0)
(2.781959789 -0.6834670195 0)
(2.89861348 -0.688834791 0)
(3.021007398 -0.6944666967 0)
(3.149424004 -0.7003757339 0)
(3.284159661 -0.7065755396 0)
(3.425525311 -0.7130804217 0)
(3.5738472 -0.7199053922 0)
(3.729467626 -0.727066202 0)
(3.892745732 -0.7345793767 0)
(4.064058332 -0.7424622553 0)
(4.243800782 -0.75073303 0)
(4.432387895 -0.7594107883 0)
(4.630254892 -0.7685155566 0)
(4.837858414 -0.778068347 0)
(5.055677569 -0.7880912056 0)
(5.284215043 -0.7986072632 0)
(5.523998255 -0.8096407889 0)
(5.775580581 -0.8212172458 0)
(6.039542623 -0.8333633504 0)
(6.316493556 -0.8461071333 0)
(6.60707253 -0.859478005 0)
(6.911950144 -0.8735068227 0)
(7.231829999 -0.8882259623 0)
(7.567450316 -0.9036693928 0)
(7.919585643 -0.9198727546 0)
(8.28904864 -0.9368734421 0)
(8.676691957 -0.9547106895 0)
(9.083410201 -0.9734256618 0)
(9.510142 -0.9930615495 0)
(9.957872169 -1.013663669 0)
(10.42763398 -1.035279565 0)
(10.92051157 -1.057959124 0)
(11.43764238 -1.081754685 0)
(11.98021987 -1.106721164 0)
(12.54949619 -1.132916179 0)
(13.14678514 -1.160400184 0)
(13.77346513 -1.189236605 0)
(14.43098242 -1.219491992 0)
(15.12085444 -1.251236169 0)
(15.84467329 -1.284542395 0)
(16.60410939 -1.319487534 0)
(17.40091538 -1.356152233 0)
(18.23693014 -1.394621107 0)
(19.11408303 -1.434982936 0)
(20.03439834 -1.477330865 0)
(21 -1.521762627 0)
(1.02896805 -0.5022478607 0)
(1.059361542 -0.5036008382 0)
(1.09125062 -0.5050203923 0)
(1.124708877 -0.5065097989 0)
(1.159813529 -0.5080724954 0)
(1.19664559 -0.5097120881 0)
(1.235290062 -0.511432361 0)
(1.275836128 -0.513237284 0)
(1.318377361 -0.5151310227 0)
(1.363011939 -0.5171179473 0)
(1.409842869 -0.5192026434 0)
(1.458978229 -0.521389922 0)
(1.510531412 -0.5236848309 0)
(1.564621395 -0.5260926664 0)
(1.621373006 -0.5286189852 0)
(1.680917217 -0.5312696177 0)
(1.743391445 -0.5340506809 0)
(1.808939869 -0.5369685931 0)
(1.877713761 -0.5400300882 0)
(1.949871839 -0.5432422316 0)
(2.02558063 -0.5466124363 0)
(2.105014855 -0.5501484801 0)
(2.188357834 -0.5538585234 0)
(2.275801905 -0.5577511284 0)
(2.367548873 -0.5618352784 0)
(2.463810472 -0.5661203989 0)
(2.564808856 -0.5706163791 0)
(2.670777111 -0.5753335949 0)
(2.781959789 -0.5802829328 0)
(2.89861348 -0.5854758147 0)
(3.021007398 -0.590924225 0)
(3.149424004 -0.5966407375 0)
(3.284159661 -0.6026385448 0)
(3.425525311 -0.6089314887 0)
(3.5738472 -0.6155340921 0)
(3.729467626 -0.6224615926 0)
(3.892745732 -0.6297299776 0)
(4.064058332 -0.637356021 0)
(4.243800782 -0.6453573223 0)
(4.432387895 -0.6537523469 0)
(4.630254892 -0.6625604691 0)
(4.837858414 -0.6718020163 0)
(5.055677569 -0.6814983161 0)
(5.284215043 -0.6916717458 0)
(5.523998255 -0.7023457837 0)
(5.775580581 -0.7135450634 0)
(6.039542623 -0.7252954308 0)
(6.316493556 -0.7376240035 0)
(6.60707253 -0.7505592333 0)
(6.911950144 -0.7641309725 0)
(7.231829999 -0.7783705419 0)
(7.567450316 -0.7933108038 0)
(7.919585643 -0.8089862373 0)
(8.28904864 -0.8254330185 0)
(8.676691957 -0.8426891034 0)
(9.083410201 -0.8607943156 0)
(9.510142 -0.8797904386 0)
(9.957872169 -0.8997213118 0)
(10.42763398 -0.9206329318 0)
(10.92051157 -0.9425735586 0)
(11.43764238 -0.965593827 0)
(11.98021987 -0.9897468634 0)
(12.54949619 -1.015088408 0)
(13.14678514 -1.041676945 0)
(13.77346513 -1.069573836 0)
(14.43098242 -1.09884346 0)
(15.12085444 -1.129553367 0)
(15.84467329 -1.161774429 0)
(16.60410939 -1.195581006 0)
(17.40091538 -1.231051118 0)
(18.23693014 -1.268266623 0)
(19.11408303 -1.307313406 0)
(20.03439834 -1.348281581 0)
(21 -1.391265694 0)
(1.02896805 -0.4107588307 0)
(1.059361542 -0.4120632751 0)
(1.09125062 -0.4134319078 0)
(1.124708877 -0.4148678874 0)
(1.159813529 -0.4163745279 0)
(1.19664559 -0.4179553062 0)
(1.235290062 -0.4196138706 0)
(1.275836128 -0.4213540487 0)
(1.318377361 -0.4231798564 0)
(1.363011939 -0.4250955074 0)
(1.409842869 -0.4271054227 0)
(1.458978229 -0.4292142406 0)
(1.510531412 -0.4314268281 0)
(1.564621395 -0.4337482913 0)
(1.621373006 -0.4361839877 0)
(1.680917217 -0.4387395385 0)
(1.743391445 -0.4414208413 0)
(1.808939869 -0.444234084 0)
(1.877713761 -0.4471857592 0)
(1.949871839 -0.4502826787 0)
(2.02558063 -0.4535319897 0)
(2.105014855 -0.4569411908 0)
(2.188357834 -0.4605181499 0)
(2.275801905 -0.464271122 0)
(2.367548873 -0.4682087681 0)
(2.463810472 -0.4723401756 0)
(2.564808856 -0.476674879 0)
(2.670777111 -0.481222882 0)
(2.781959789 -0.4859946804 0)
(2.89861348 -0.4910012868 0)
(3.021007398 -0.4962542553 0)
(3.149424004 -0.5017657088 0)
(3.284159661 -0.5075483668 0)
(3.425525311 -0.5136155744 0)
(3.5738472 -0.5199813336 0)
(3.729467626 -0.5266603354 0)
(3.892745732 -0.5336679937 0)
(4.064058332 -0.5410204807 0)
(4.243800782 -0.5487347647 0)
(4.432387895 -0.5568286486 0)
(4.630254892 -0.5653208117 0)
(4.837858414 -0.5742308521 0)
(5.055677569 -0.5835793327 0)
(5.284215043 -0.5933878279 0)
(5.523998255 -0.6036789738 0)
(5.775580581 -0.6144765204 0)
(6.039542623 -0.6258053865 0)
(6.316493556 -0.6376917167 0)
(6.60707253 -0.6501629427 0)
(6.911950144 -0.6632478454 0)
(7.231829999 -0.6769766224 0)
(7.567450316 -0.6913809571 0)
(7.919585643 -0.706494092 0)
(8.28904864 -0.7223509051 0)
(8.676691957 -0.7389879912 0)
(9.083410201 -0.7564437453 0)
(9.510142 -0.7747584519 0)
(9.957872169 -0.7939743781 0)
(10.42763398 -0.8141358703 0)
(10.92051157 -0.8352894575 0)
(11.43764238 -0.8574839582 0)
(11.98021987 -0.8807705929 0)
(12.54949619 -0.9052031028 0)
(13.14678514 -0.9308378735 0)
(13.77346513 -0.957734065 0)
(14.43098242 -0.9859537488 0)
(15.12085444 -1.01556205 0)
(15.84467329 -1.0466273 0)
(16.60410939 -1.07922119 0)
(17.40091538 -1.113418942 0)
(18.23693014 -1.149299476 0)
(19.11408303 -1.186945599 0)
(20.03439834 -1.226444191 0)
(21 -1.267886406 0)
(1.02896805 -0.335360089 0)
(1.059361542 -0.3366017542 0)
(1.09125062 -0.3379045185 0)
(1.124708877 -0.3392713885 0)
(1.159813529 -0.3407055187 0)
(1.19664559 -0.3422102186 0)
(1.235290062 -0.343788961 0)
(1.275836128 -0.3454453893 0)
(1.318377361 -0.347183326 0)
(1.363011939 -0.3490067822 0)
(1.409842869 -0.350919966 0)
(1.458978229 -0.3529272925 0)
(1.510531412 -0.3550333945 0)
(1.564621395 -0.3572431322 0)
(1.621373006 -0.3595616055 0)
(1.680917217 -0.3619941648 0)
(1.743391445 -0.3645464241 0)
(1.808939869 -0.3672242735 0)
(1.877713761 -0.370033893 0)
(1.949871839 -0.3729817666 0)
(2.02558063 -0.3760746974 0)
(2.105014855 -0.3793198234 0)
(2.188357834 -0.3827246336 0)
(2.275801905 -0.3862969858 0)
(2.367548873 -0.3900451242 0)
(2.463810472 -0.3939776988 0)
(2.564808856 -0.3981037852 0)
(2.670777111 -0.4024329058 0)
(2.781959789 -0.4069750511 0)
(2.89861348 -0.4117407037 0)
(3.021007398 -0.4167408618 0)
(3.149424004 -0.4219870647 0)
(3.284159661 -0.4274914198 0)
(3.425525311 -0.4332666299 0)
(3.5738472 -0.4393260233 0)
(3.729467626 -0.4456835837 0)
(3.892745732 -0.4523539833 0)
(4.064058332 -0.459352616 0)
(4.243800782 -0.4666956334 0)
(4.432387895 -0.4743999817 0)
(4.630254892 -0.4824834411 0)
(4.837858414 -0.4909646666 0)
(5.055677569 -0.4998632314 0)
(5.284215043 -0.5091996716 0)
(5.523998255 -0.5189955339 0)
(5.775580581 -0.5292734253 0)
(6.039542623 -0.5400570652 0)
(6.316493556 -0.5513713402 0)
(6.60707253 -0.5632423614 0)
(6.911950144 -0.575697525 0)
(7.231829999 -0.588765575 0)
(7.567450316 -0.60247667 0)
(7.919585643 -0.6168624526 0)
(8.28904864 -0.6319561224 0)
(8.676691957 -0.6477925128 0)
(9.083410201 -0.664408171 0)
(9.510142 -0.6818414429 0)
(9.957872169 -0.7001325611 0)
(10.42763398 -0.7193237381 0)
(10.92051157 -0.7394592633 0)
(11.43764238 -0.7605856057 0)
(11.98021987 -0.7827515208 0)
(12.54949619 -0.8060081635 0)
(13.14678514 -0.8304092055 0)
(13.77346513 -0.8560109598 0)
(14.43098242 -0.8828725103 0)
(15.12085444 -0.9110558484 0)
(15.84467329 -0.9406260158 0)
(16.60410939 -0.9716512548 0)
(17.40091538 -1.004203166 0)
(18.23693014 -1.038356872 0)
(19.11408303 -1.074191194 0)
(20.03439834 -1.111788831 0)
(21 -1.15123655 0)
(1.02896805 -0.2732191811 0)
(1.059361542 -0.274387573 0)
(1.09125062 -0.2756134585 0)
(1.124708877 -0.2768996667 0)
(1.159813529 -0.2782491659 0)
(1.19664559 -0.2796650704 0)
(1.235290062 -0.2811506479 0)
(1.275836128 -0.2827093269 0)
(1.318377361 -0.2843447045 0)
(1.363011939 -0.2860605547 0)
(1.409842869 -0.2878608375 0)
(1.458978229 -0.2897497076 0)
(1.510531412 -0.2917315241 0)
(1.564621395 -0.2938108607 0)
(1.621373006 -0.295992516 0)
(1.680917217 -0.298281525 0)
(1.743391445 -0.3006831702 0)
(1.808939869 -0.3032029942 0)
(1.877713761 -0.3058468122 0)
(1.949871839 -0.3086207256 0)
(2.02558063 -0.3115311362 0)
(2.105014855 -0.3145847606 0)
(2.188357834 -0.3177886459 0)
(2.275801905 -0.3211501862 0)
(2.367548873 -0.3246771392 0)
(2.463810472 -0.3283776445 0)
(2.564808856 -0.332260242 0)
(2.670777111 -0.3363338922 0)
(2.781959789 -0.3406079961 0)
(2.89861348 -0.3450924177 0)
(3.021007398 -0.3497975061 0)
(3.149424004 -0.3547341198 0)
(3.284159661 -0.3599136515 0)
(3.425525311 -0.3653480545 0)
(3.5738472 -0.3710498705 0)
(3.729467626 -0.3770322582 0)
(3.892745732 -0.3833090237 0)
(4.064058332 -0.3898946526 0)
(4.243800782 -0.3968043433 0)
(4.432387895 -0.4040540421 0)
(4.630254892 -0.4116604798 0)
(4.837858414 -0.4196412107 0)
(5.055677569 -0.4280146528 0)
(5.284215043 -0.4368001303 0)
(5.523998255 -0.4460179185 0)
(5.775580581 -0.4556892903 0)
(6.039542623 -0.4658365653 0)
(6.316493556 -0.4764831615 0)
(6.60707253 -0.4876536492 0)
(6.911950144 -0.4993738078 0)
(7.231829999 -0.5116706851 0)
(7.567450316 -0.5245726601 0)
(7.919585643 -0.5381095079 0)
(8.28904864 -0.552312469 0)
(8.676691957 -0.5672143212 0)
(9.083410201 -0.5828494551 0)
(9.510142 -0.5992539536 0)
(9.957872169 -0.6164656751 0)
(10.42763398 -0.6345243409 0)
(10.92051157 -0.6534716271 0)
(11.43764238 -0.6733512604 0)
(11.98021987 -0.6942091191 0)
(12.54949619 -0.7160933391 0)
(13.14678514 -0.7390544251 0)
(13.77346513 -0.7631453669 0)
(14.43098242 -0.7884217618 0)
(15.12085444 -0.8149419428 0)
(15.84467329 -0.8427671135 0)
(16.60410939 -0.8719614889 0)
(17.40091538 -0.9025924443 0)
(18.23693014 -0.9347306698 0)
(19.11408303 -0.9684503345 0)
(20.03439834 -1.003829257 0)
(21 -1.040949085 0)
(1.02896805 -0.2220024076 0)
(1.059361542 -0.2230900557 0)
(1.09125062 -0.2242312243 0)
(1.124708877 -0.2254285468 0)
(1.159813529 -0.2266847864 0)
(1.19664559 -0.2280028424 0)
(1.235290062 -0.2293857565 0)
(1.275836128 -0.2308367202 0)
(1.318377361 -0.2323590821 0)
(1.363011939 -0.2339563555 0)
(1.409842869 -0.2356322266 0)
(1.458978229 -0.237390563 0)
(1.510531412 -0.2392354226 0)
(1.564621395 -0.241171063 0)
(1.621373006 -0.2432019512 0)
(1.680917217 -0.2453327742 0)
(1.743391445 -0.2475684495 0)
(1.808939869 -0.2499141366 0)
(1.877713761 -0.2523752489 0)
(1.949871839 -0.2549574662 0)
(2.02558063 -0.2576667478 0)
(2.105014855 -0.2605093461 0)
(2.188357834 -0.2634918213 0)
(2.275801905 -0.2666210564 0)
(2.367548873 -0.2699042731 0)
(2.463810472 -0.2733490485 0)
(2.564808856 -0.2769633323 0)
(2.670777111 -0.2807554657 0)
(2.781959789 -0.2847342002 0)
(2.89861348 -0.288908718 0)
(3.021007398 -0.293288653 0)
(3.149424004 -0.2978841133 0)
(3.284159661 -0.3027057043 0)
(3.425525311 -0.3077645534 0)
(3.5738472 -0.3130723354 0)
(3.729467626 -0.3186412996 0)
(3.892745732 -0.3244842982 0)
(4.064058332 -0.3306148157 0)
(4.243800782 -0.3370470001 0)
(4.432387895 -0.3437956957 0)
(4.630254892 -0.3508764772 0)
(4.837858414 -0.3583056857 0)
(5.055677569 -0.3661004663 0)
(5.284215043 -0.374278808 0)
(5.523998255 -0.3828595848 0)
(5.775580581 -0.3918625994 0)
(6.039542623 -0.4013086291 0)
(6.316493556 -0.4112194736 0)
(6.60707253 -0.4216180052 0)
(6.911950144 -0.4325282216 0)
(7.231829999 -0.4439753017 0)
(7.567450316 -0.455985663 0)
(7.919585643 -0.4685870231 0)
(8.28904864 -0.4818084637 0)
(8.676691957 -0.4956804973 0)
(9.083410201 -0.5102351377 0)
(9.510142 -0.5255059745 0)
(9.957872169 -0.5415282498 0)
(10.42763398 -0.5583389398 0)
(10.92051157 -0.5759768405 0)
(11.43764238 -0.5944826568 0)
(11.98021987 -0.6138990965 0)
(12.54949619 -0.6342709691 0)
(13.14678514 -0.655645289 0)
(13.77346513 -0.6780713839 0)
(14.43098242 -0.7016010092 0)
(15.12085444 -0.7262884665 0)
(15.84467329 -0.7521907298 0)
(16.60410939 -0.7793675767 0)
(17.40091538 -0.8078817261 0)
(18.23693014 -0.8377989831 0)
(19.11408303 -0.8691883912 0)
(20.03439834 -0.902122391 0)
(21 -0.9366769878 0)
(1.02896805 -0.1797869927 0)
(1.059361542 -0.1807888534 0)
(1.09125062 -0.1818400132 0)
(1.124708877 -0.1829428978 0)
(1.159813529 -0.1841000525 0)
(1.19664559 -0.1853141478 0)
(1.235290062 -0.1865879856 0)
(1.275836128 -0.1879245057 0)
(1.318377361 -0.1893267925 0)
(1.363011939 -0.1907980822 0)
(1.409842869 -0.1923417702 0)
(1.458978229 -0.1939614192 0)
(1.510531412 -0.1956607669 0)
(1.564621395 -0.1974437351 0)
(1.621373006 -0.1993144386 0)
(1.680917217 -0.2012771946 0)
(1.743391445 -0.2033365327 0)
(1.808939869 -0.2054972056 0)
(1.877713761 -0.2077641996 0)
(1.949871839 -0.2101427465 0)
(2.02558063 -0.2126383355 0)
(2.105014855 -0.2152567261 0)
(2.188357834 -0.2180039609 0)
(2.275801905 -0.22088638 0)
(2.367548873 -0.2239106355 0)
(2.463810472 -0.2270837068 0)
(2.564808856 -0.2304129168 0)
(2.670777111 -0.2339059486 0)
(2.781959789 -0.2375708635 0)
(2.89861348 -0.2414161194 0)
(3.021007398 -0.2454505904 0)
(3.149424004 -0.2496835873 0)
(3.284159661 -0.2541248791 0)
(3.425525311 -0.2587847153 0)
(3.5738472 -0.2636738501 0)
(3.729467626 -0.2688035666 0)
(3.892745732 -0.2741857032 0)
(4.064058332 -0.2798326808 0)
(4.243800782 -0.2857575316 0)
(4.432387895 -0.291973929 0)
(4.630254892 -0.2984962193 0)
(4.837858414 -0.3053394547 0)
(5.055677569 -0.312519428 0)
(5.284215043 -0.3200527093 0)
(5.523998255 -0.3279566839 0)
(5.775580581 -0.3362495927 0)
(6.039542623 -0.3449505741 0)
(6.316493556 -0.3540797084 0)
(6.60707253 -0.3636580638 0)
(6.911950144 -0.3737077453 0)
(7.231829999 -0.3842519457 0)
(7.567450316 -0.395314999 0)
(7.919585643 -0.4069224366 0)
(8.28904864 -0.4191010462 0)
(8.676691957 -0.4318789338 0)
(9.083410201 -0.4452855883 0)
(9.510142 -0.4593519496 0)
(9.957872169 -0.4741104802 0)
(10.42763398 -0.48959524 0)
(10.92051157 -0.5058419649 0)
(11.43764238 -0.5228881491 0)
(11.98021987 -0.5407731321 0)
(12.54949619 -0.559538189 0)
(13.14678514 -0.5792266258 0)
(13.77346513 -0.5998838798 0)
(14.43098242 -0.6215576239 0)
(15.12085444 -0.6442978771 0)
(15.84467329 -0.6681571194 0)
(16.60410939 -0.6931904134 0)
(17.40091538 -0.7194555312 0)
(18.23693014 -0.7470130876 0)
(19.11408303 -0.7759266803 0)
(20.03439834 -0.8062630362 0)
(21 -0.8380921659 0)
(1.02896805 -0.1449887204 0)
(1.059361542 -0.145901689 0)
(1.09125062 -0.1468595825 0)
(1.124708877 -0.1478646114 0)
(1.159813529 -0.1489190952 0)
(1.19664559 -0.1500254674 0)
(1.235290062 -0.1511862814 0)
(1.275836128 -0.152404216 0)
(1.318377361 -0.153682082 0)
(1.363011939 -0.1550228285 0)
(1.409842869 -0.1564295497 0)
(1.458978229 -0.157905492 0)
(1.510531412 -0.1594540616 0)
(1.564621395 -0.1610788323 0)
(1.621373006 -0.1627835538 0)
(1.680917217 -0.1645721602 0)
(1.743391445 -0.1664487793 0)
(1.808939869 -0.1684177421 0)
(1.877713761 -0.1704835924 0)
(1.949871839 -0.1726510978 0)
(2.02558063 -0.1749252606 0)
(2.105014855 -0.1773113291 0)
(2.188357834 -0.1798148099 0)
(2.275801905 -0.1824414805 0)
(2.367548873 -0.1851974027 0)
(2.463810472 -0.1880889368 0)
(2.564808856 -0.1911227558 0)
(2.670777111 -0.1943058612 0)
(2.781959789 -0.197645599 0)
(2.89861348 -0.2011496767 0)
(3.021007398 -0.204826181 0)
(3.149424004 -0.2086835966 0)
(3.284159661 -0.2127308257 0)
(3.425525311 -0.2169772084 0)
(3.5738472 -0.2214325447 0)
(3.729467626 -0.2261071166 0)
(3.892745732 -0.2310117121 0)
(4.064058332 -0.2361576501 0)
(4.243800782 -0.2415568064 0)
(4.432387895 -0.2472216412 0)
(4.630254892 -0.253165228 0)
(4.837858414 -0.2594012833 0)
(5.055677569 -0.2659441988 0)
(5.284215043 -0.2728090743 0)
(5.523998255 -0.2800117525 0)
(5.775580581 -0.287568856 0)
(6.039542623 -0.2954978251 0)
(6.316493556 -0.3038169582 0)
(6.60707253 -0.3125454544 0)
(6.911950144 -0.3217034574 0)
(7.231829999 -0.331312102 0)
(7.567450316 -0.3413935633 0)
(7.919585643 -0.3519711072 0)
(8.28904864 -0.3630691448 0)
(8.676691957 -0.3747132881 0)
(9.083410201 -0.3869304097 0)
(9.510142 -0.3997487043 0)
(9.957872169 -0.4131977541 0)
(10.42763398 -0.4273085969 0)
(10.92051157 -0.4421137979 0)
(11.43764238 -0.4576475245 0)
(11.98021987 -0.4739456258 0)
(12.54949619 -0.4910457146 0)
(13.14678514 -0.5089872545 0)
(13.77346513 -0.5278116514 0)
(14.43098242 -0.5475623482 0)
(15.12085444 -0.5682849259 0)
(15.84467329 -0.5900272081 0)
(16.60410939 -0.6128393718 0)
(17.40091538 -0.6367740633 0)
(18.23693014 -0.6618865191 0)
(19.11408303 -0.6882346941 0)
(20.03439834 -0.7158793947 0)
(21 -0.7448844197 0)
(1.02896805 -0.1163023144 0)
(1.059361542 -0.1171248262 0)
(1.09125062 -0.1179878118 0)
(1.124708877 -0.1188932627 0)
(1.159813529 -0.1198432684 0)
(1.19664559 -0.1208400215 0)
(1.235290062 -0.1218858222 0)
(1.275836128 -0.1229830841 0)
(1.318377361 -0.1241343394 0)
(1.363011939 -0.125342245 0)
(1.409842869 -0.1266095886 0)
(1.458978229 -0.1279392948 0)
(1.510531412 -0.1293344324 0)
(1.564621395 -0.1307982212 0)
(1.621373006 -0.1323340392 0)
(1.680917217 -0.1339454309 0)
(1.743391445 -0.135636115 0)
(1.808939869 -0.1374099933 0)
(1.877713761 -0.1392711596 0)
(1.949871839 -0.141223909 0)
(2.02558063 -0.1432727482 0)
(2.105014855 -0.1454224055 0)
(2.188357834 -0.1476778419 0)
(2.275801905 -0.1500442625 0)
(2.367548873 -0.1525271286 0)
(2.463810472 -0.1551321701 0)
(2.564808856 -0.1578653989 0)
(2.670777111 -0.1607331229 0)
(2.781959789 -0.1637419601 0)
(2.89861348 -0.1668988545 0)
(3.021007398 -0.1702110915 0)
(3.149424004 -0.1736863152 0)
(3.284159661 -0.1773325456 0)
(3.425525311 -0.1811581976 0)
(3.5738472 -0.1851721001 0)
(3.729467626 -0.1893835163 0)
(3.892745732 -0.1938021655 0)
(4.064058332 -0.198438245 0)
(4.243800782 -0.203302454 0)
(4.432387895 -0.2084060181 0)
(4.630254892 -0.2137607155 0)
(4.837858414 -0.2193789037 0)
(5.055677569 -0.2252735485 0)
(5.284215043 -0.2314582535 0)
(5.523998255 -0.2379472919 0)
(5.775580581 -0.2447556391 0)
(6.039542623 -0.2518990075 0)
(6.316493556 -0.2593938826 0)
(6.60707253 -0.2672575612 0)
(6.911950144 -0.275508191 0)
(7.231829999 -0.2841648131 0)
(7.567450316 -0.2932474053 0)
(7.919585643 -0.3027769283 0)
(8.28904864 -0.3127753745 0)
(8.676691957 -0.3232658185 0)
(9.083410201 -0.3342724702 0)
(9.510142 -0.3458207308 0)
(9.957872169 -0.3579372514 0)
(10.42763398 -0.3706499948 0)
(10.92051157 -0.3839882994 0)
(11.43764238 -0.3979829476 0)
(11.98021987 -0.4126662363 0)
(12.54949619 -0.4280720518 0)
(13.14678514 -0.4442359476 0)
(13.77346513 -0.4611952271 0)
(14.43098242 -0.4789890289 0)
(15.12085444 -0.4976584177 0)
(15.84467329 -0.517246479 0)
(16.60410939 -0.5377984182 0)
(17.40091538 -0.5593616653 0)
(18.23693014 -0.5819859841 0)
(19.11408303 -0.6057235872 0)
(20.03439834 -0.6306292565 0)
(21 -0.6567604696 0)
(1.02896805 -0.09265231692 0)
(1.059361542 -0.09338402218 0)
(1.09125062 -0.09415173276 0)
(1.124708877 -0.0949572204 0)
(1.159813529 -0.09580234401 0)
(1.19664559 -0.09668905396 0)
(1.235290062 -0.09761939663 0)
(1.275836128 -0.09859551906 0)
(1.318377361 -0.09961967395 0)
(1.363011939 -0.1006942249 0)
(1.409842869 -0.1018216516 0)
(1.458978229 -0.1030045562 0)
(1.510531412 -0.1042456684 0)
(1.564621395 -0.1055478526 0)
(1.621373006 -0.1069141139 0)
(1.680917217 -0.1083476053 0)
(1.743391445 -0.1098516352 0)
(1.808939869 -0.1114296745 0)
(1.877713761 -0.1130853651 0)
(1.949871839 -0.1148225279 0)
(2.02558063 -0.116645172 0)
(2.105014855 -0.1185575037 0)
(2.188357834 -0.1205639363 0)
(2.275801905 -0.1226691003 0)
(2.367548873 -0.124877854 0)
(2.463810472 -0.1271952948 0)
(2.564808856 -0.1296267708 0)
(2.670777111 -0.1321778935 0)
(2.781959789 -0.1348545503 0)
(2.89861348 -0.1376629185 0)
(3.021007398 -0.1406094793 0)
(3.149424004 -0.1437010327 0)
(3.284159661 -0.1469447135 0)
(3.425525311 -0.1503480074 0)
(3.5738472 -0.1539187687 0)
(3.729467626 -0.1576652379 0)
(3.892745732 -0.1615960612 0)
(4.064058332 -0.1657203101 0)
(4.243800782 -0.1700475027 0)
(4.432387895 -0.1745876252 0)
(4.630254892 -0.1793511555 0)
(4.837858414 -0.1843490868 0)
(5.055677569 -0.1895929534 0)
(5.284215043 -0.1950948571 0)
(5.523998255 -0.2008674953 0)
(5.775580581 -0.2069241902 0)
(6.039542623 -0.2132789193 0)
(6.316493556 -0.2199463483 0)
(6.60707253 -0.2269418642 0)
(6.911950144 -0.2342816115 0)
(7.231829999 -0.2419825287 0)
(7.567450316 -0.2500623882 0)
(7.919585643 -0.2585398367 0)
(8.28904864 -0.2674344386 0)
(8.676691957 -0.2767667209 0)
(9.083410201 -0.2865582207 0)
(9.510142 -0.2968315349 0)
(9.957872169 -0.3076103724 0)
(10.42763398 -0.3189196087 0)
(10.92051157 -0.3307853433 0)
(11.43764238 -0.34323496 0)
(11.98021987 -0.3562971903 0)
(12.54949619 -0.3700021792 0)
(13.14678514 -0.3843815552 0)
(13.77346513 -0.3994685032 0)
(14.43098242 -0.415297841 0)
(15.12085444 -0.4319060996 0)
(15.84467329 -0.4493316077 0)
(16.60410939 -0.4676145802 0)
(17.40091538 -0.4867972104 0)
(18.23693014 -0.5069237685 0)
(19.11408303 -0.5280407024 0)
(20.03439834 -0.5501967462 0)
(21 -0.5734430317 0)
(1.02896805 -0.07315261912 0)
(1.059361542 -0.07379411746 0)
(1.09125062 -0.07446718228 0)
(1.124708877 -0.07517336687 0)
(1.159813529 -0.07591430099 0)
(1.19664559 -0.07669169456 0)
(1.235290062 -0.07750734167 0)
(1.275836128 -0.07836312466 0)
(1.318377361 -0.07926101852 0)
(1.363011939 -0.08020309542 0)
(1.409842869 -0.0811915295 0)
(1.458978229 -0.08222860186 0)
(1.510531412 -0.08331670588 0)
(1.564621395 -0.08445835269 0)
(1.621373006 -0.08565617699 0)
(1.680917217 -0.08691294314 0)
(1.743391445 -0.0882315515 0)
(1.808939869 -0.08961504517 0)
(1.877713761 -0.091066617 0)
(1.949871839 -0.09258961693 0)
(2.02558063 -0.09418755975 0)
(2.105014855 -0.09586413322 0)
(2.188357834 -0.09762320653 0)
(2.275801905 -0.09946883931 0)
(2.367548873 -0.1014052909 0)
(2.463810472 -0.1034370303 0)
(2.564808856 -0.1055687463 0)
(2.670777111 -0.1078053586 0)
(2.781959789 -0.1101520288 0)
(2.89861348 -0.1126141726 0)
(3.021007398 -0.1151974721 0)
(3.149424004 -0.1179078891 0)
(3.284159661 -0.1207516787 0)
(3.425525311 -0.1237354039 0)
(3.5738472 -0.1268659505 0)
(3.729467626 -0.1301505433 0)
(3.892745732 -0.1335967623 0)
(4.064058332 -0.1372125609 0)
(4.243800782 -0.1410062836 0)
(4.432387895 -0.1449866856 0)
(4.630254892 -0.1491629529 0)
(4.837858414 -0.1535447236 0)
(5.055677569 -0.1581421098 0)
(5.284215043 -0.1629657216 0)
(5.523998255 -0.1680266909 0)
(5.775580581 -0.1733366974 0)
(6.039542623 -0.1789079956 0)
(6.316493556 -0.184753443 0)
(6.60707253 -0.1908865298 0)
(6.911950144 -0.19732141 0)
(7.231829999 -0.204072934 0)
(7.567450316 -0.211156683 0)
(7.919585643 -0.2185890051 0)
(8.28904864 -0.2263870526 0)
(8.676691957 -0.2345688218 0)
(9.083410201 -0.2431531948 0)
(9.510142 -0.2521599826 0)
(9.957872169 -0.2616099712 0)
(10.42763398 -0.2715249694 0)
(10.92051157 -0.281927859 0)
(11.43764238 -0.2928426479 0)
(11.98021987 -0.3042945255 0)
(12.54949619 -0.3163099204 0)
(13.14678514 -0.3289165618 0)
(13.77346513 -0.3421435435 0)
(14.43098242 -0.3560213909 0)
(15.12085444 -0.3705821313 0)
(15.84467329 -0.3858593681 0)
(16.60410939 -0.4018883583 0)
(17.40091538 -0.4187060938 0)
(18.23693014 -0.4363513866 0)
(19.11408303 -0.4548649587 0)
(20.03439834 -0.4742895359 0)
(21 -0.4946699464 0)
(1.02896805 -0.05707311733 0)
(1.059361542 -0.05762574236 0)
(1.09125062 -0.05820556064 0)
(1.124708877 -0.05881391029 0)
(1.159813529 -0.05945219525 0)
(1.19664559 -0.06012188857 0)
(1.235290062 -0.06082453576 0)
(1.275836128 -0.06156175842 0)
(1.318377361 -0.06233525789 0)
(1.363011939 -0.06314681928 0)
(1.409842869 -0.0639983155 0)
(1.458978229 -0.06489171166 0)
(1.510531412 -0.06582906954 0)
(1.564621395 -0.06681255238 0)
(1.621373006 -0.06784442987 0)
(1.680917217 -0.06892708339 0)
(1.743391445 -0.07006301149 0)
(1.808939869 -0.07125483569 0)
(1.877713761 -0.07250530647 0)
(1.949871839 -0.0738173097 0)
(2.02558063 -0.07519387321 0)
(2.105014855 -0.07663817387 0)
(2.188357834 -0.07815354483 0)
(2.275801905 -0.07974348328 0)
(2.367548873 -0.0814116585 0)
(2.463810472 -0.08316192032 0)
(2.564808856 -0.084998308 0)
(2.670777111 -0.08692505958 0)
(2.781959789 -0.08894662163 0)
(2.89861348 -0.09106765953 0)
(3.021007398 -0.09329306823 0)
(3.149424004 -0.09562798355 0)
(3.284159661 -0.09807779403 0)
(3.425525311 -0.1006481534 0)
(3.5738472 -0.1033449934 0)
(3.729467626 -0.106174538 0)
(3.892745732 -0.1091433172 0)
(4.064058332 -0.1122581824 0)
(4.243800782 -0.115526322 0)
(4.432387895 -0.1189552784 0)
(4.630254892 -0.1225529648 0)
(4.837858414 -0.1263276841 0)
(5.055677569 -0.1302881476 0)
(5.284215043 -0.1344434952 0)
(5.523998255 -0.1388033169 0)
(5.775580581 -0.143377674 0)
(6.039542623 -0.1481771235 0)
(6.316493556 -0.1532127415 0)
(6.60707253 -0.1584961493 0)
(6.911950144 -0.1640395399 0)
(7.231829999 -0.1698557065 0)
(7.567450316 -0.1759580716 0)
(7.919585643 -0.1823607183 0)
(8.28904864 -0.1890784228 0)
(8.676691957 -0.1961266881 0)
(9.083410201 -0.2035217804 0)
(9.510142 -0.2112807661 0)
(9.957872169 -0.2194215515 0)
(10.42763398 -0.2279629238 0)
(10.92051157 -0.2369245951 0)
(11.43764238 -0.2463272471 0)
(11.98021987 -0.2561925793 0)
(12.54949619 -0.2665433591 0)
(13.14678514 -0.277403474 0)
(13.77346513 -0.2887979871 0)
(14.43098242 -0.3007531948 0)
(15.12085444 -0.3132966874 0)
(15.84467329 -0.3264574129 0)
(16.60410939 -0.3402657437 0)
(17.40091538 -0.3547535468 0)
(18.23693014 -0.3699542574 0)
(19.11408303 -0.3859029556 0)
(20.03439834 -0.4026364482 0)
(21 -0.4201933527 0)
(1.02896805 -0.04381224182 0)
(1.059361542 -0.04427788605 0)
(1.09125062 -0.04476644342 0)
(1.124708877 -0.04527904144 0)
(1.159813529 -0.04581686308 0)
(1.19664559 -0.04638114954 0)
(1.235290062 -0.04697320308 0)
(1.275836128 -0.04759439004 0)
(1.318377361 -0.04824614402 0)
(1.363011939 -0.04892996912 0)
(1.409842869 -0.04964744349 0)
(1.458978229 -0.05040022292 0)
(1.510531412 -0.05119004469 0)
(1.564621395 -0.05201873155 0)
(1.621373006 -0.05288819594 0)
(1.680917217 -0.05380044444 0)
(1.743391445 -0.05475758233 0)
(1.808939869 -0.0557618185 0)
(1.877713761 -0.05681547054 0)
(1.949871839 -0.05792097008 0)
(2.02558063 -0.0590808684 0)
(2.105014855 -0.06029784232 0)
(2.188357834 -0.06157470039 0)
(2.275801905 -0.06291438934 0)
(2.367548873 -0.06432000093 0)
(2.463810472 -0.06579477904 0)
(2.564808856 -0.06734212718 0)
(2.670777111 -0.06896561631 0)
(2.781959789 -0.07066899316 0)
(2.89861348 -0.07245618879 0)
(3.021007398 -0.0743313277 0)
(3.149424004 -0.07629873736 0)
(3.284159661 -0.07836295816 0)
(3.425525311 -0.08052875394 0)
(3.5738472 -0.08280112295 0)
(3.729467626 -0.08518530936 0)
(3.892745732 -0.08768681544 0)
(4.064058332 -0.09031141417 0)
(4.243800782 -0.09306516263 0)
(4.432387895 -0.09595441594 0)
(4.630254892 -0.09898584195 0)
(4.837858414 -0.1021664366 0)
(5.055677569 -0.1055035401 0)
(5.284215043 -0.1090048539 0)
(5.523998255 -0.1126784582 0)
(5.775580581 -0.1165328312 0)
(6.039542623 -0.1205768679 0)
(6.316493556 -0.1248199012 0)
(6.60707253 -0.1292717232 0)
(6.911950144 -0.1339426079 0)
(7.231829999 -0.1388433348 0)
(7.567450316 -0.1439852138 0)
(7.919585643 -0.1493801114 0)
(8.28904864 -0.155040478 0)
(8.676691957 -0.1609793766 0)
(9.083410201 -0.167210513 0)
(9.510142 -0.1737482676 0)
(9.957872169 -0.1806077283 0)
(10.42763398 -0.1878047252 0)
(10.92051157 -0.1953558679 0)
(11.43764238 -0.2032785827 0)
(11.98021987 -0.2115911539 0)
(12.54949619 -0.2203127653 0)
(13.14678514 -0.2294635447 0)
(13.77346513 -0.2390646103 0)
(14.43098242 -0.2491381195 0)
(15.12085444 -0.2597073201 0)
(15.84467329 -0.2707966039 0)
(16.60410939 -0.2824315626 0)
(17.40091538 -0.2946390476 0)
(18.23693014 -0.3074472315 0)
(19.11408303 -0.320885673 0)
(20.03439834 -0.3349853855 0)
(21 -0.3497789085 0)
(1.02896805 -0.0328743233 0)
(1.059361542 -0.03325529637 0)
(1.09125062 -0.03365501613 0)
(1.124708877 -0.03407440507 0)
(1.159813529 -0.03451443106 0)
(1.19664559 -0.03497610959 0)
(1.235290062 -0.03546050613 0)
(1.275836128 -0.03596873858 0)
(1.318377361 -0.03650197983 0)
(1.363011939 -0.0370614605 0)
(1.409842869 -0.03764847178 0)
(1.458978229 -0.03826436836 0)
(1.510531412 -0.03891057163 0)
(1.564621395 -0.03958857289 0)
(1.621373006 -0.04029993684 0)
(1.680917217 -0.04104630518 0)
(1.743391445 -0.04182940037 0)
(1.808939869 -0.04265102966 0)
(1.877713761 -0.04351308921 0)
(1.949871839 -0.04441756848 0)
(2.02558063 -0.04536655484 0)
(2.105014855 -0.04636223837 0)
(2.188357834 -0.04740691691 0)
(2.275801905 -0.04850300139 0)
(2.367548873 -0.04965302136 0)
(2.463810472 -0.05085963084 0)
(2.564808856 -0.05212561446 0)
(2.670777111 -0.05345389386 0)
(2.781959789 -0.05484753447 0)
(2.89861348 -0.05630975253 0)
(3.021007398 -0.05784392257 0)
(3.149424004 -0.05945358515 0)
(3.284159661 -0.06114245508 0)
(3.425525311 -0.06291442993 0)
(3.5738472 -0.0647735991 0)
(3.729467626 -0.06672425318 0)
(3.892745732 -0.06877089391 0)
(4.064058332 -0.07091824454 0)
(4.243800782 -0.07317126076 0)
(4.432387895 -0.0755351421 0)
(4.630254892 -0.07801534393 0)
(4.837858414 -0.08061759009 0)
(5.055677569 -0.08334788606 0)
(5.284215043 -0.08621253285 0)
(5.523998255 -0.08921814152 0)
(5.775580581 -0.09237164843 0)
(6.039542623 -0.09568033128 0)
(6.316493556 -0.09915182586 0)
(6.60707253 -0.1027941437 0)
(6.911950144 -0.1066156907 0)
(7.231829999 -0.1106252861 0)
(7.567450316 -0.1148321833 0)
(7.919585643 -0.1192460911 0)
(8.28904864 -0.1238771959 0)
(8.676691957 -0.1287361854 0)
(9.083410201 -0.1338342732 0)
(9.510142 -0.1391832248 0)
(9.957872169 -0.1447953845 0)
(10.42763398 -0.150683704 0)
(10.92051157 -0.1568617726 0)
(11.43764238 -0.163343848 0)
(11.98021987 -0.1701448896 0)
(12.54949619 -0.1772805928 0)
(13.14678514 -0.1847674257 0)
(13.77346513 -0.1926226662 0)
(14.43098242 -0.2008644428 0)
(15.12085444 -0.209511776 0)
(15.84467329 -0.2185846221 0)
(16.60410939 -0.2281039196 0)
(17.40091538 -0.2380916371 0)
(18.23693014 -0.2485708245 0)
(19.11408303 -0.2595656656 0)
(20.03439834 -0.2711015344 0)
(21 -0.2832050535 0)
(1.02896805 -0.02385094511 0)
(1.059361542 -0.02414985943 0)
(1.09125062 -0.02446348255 0)
(1.124708877 -0.02479253826 0)
(1.159813529 -0.02513778595 0)
(1.19664559 -0.02550002238 0)
(1.235290062 -0.02588008354 0)
(1.275836128 -0.02627884652 0)
(1.318377361 -0.0266972316 0)
(1.363011939 -0.02713620433 0)
(1.409842869 -0.02759677778 0)
(1.458978229 -0.02808001486 0)
(1.510531412 -0.02858703078 0)
(1.564621395 -0.02911899565 0)
(1.621373006 -0.02967713714 0)
(1.680917217 -0.03026274333 0)
(1.743391445 -0.03087716569 0)
(1.808939869 -0.03152182218 0)
(1.877713761 -0.03219820056 0)
(1.949871839 -0.03290786178 0)
(2.02558063 -0.03365244359 0)
(2.105014855 -0.03443366434 0)
(2.188357834 -0.03525332696 0)
(2.275801905 -0.03611332306 0)
(2.367548873 -0.03701563734 0)
(2.463810472 -0.03796235218 0)
(2.564808856 -0.03895565242 0)
(2.670777111 -0.03999783039 0)
(2.781959789 -0.04109129125 0)
(2.89861348 -0.0422385585 0)
(3.021007398 -0.04344227981 0)
(3.149424004 -0.04470523314 0)
(3.284159661 -0.04603033314 0)
(3.425525311 -0.04742063789 0)
(3.5738472 -0.04887935595 0)
(3.729467626 -0.05040985376 0)
(3.892745732 -0.05201566341 0)
(4.064058332 -0.05370049081 0)
(4.243800782 -0.05546822422 0)
(4.432387895 -0.05732294323 0)
(4.630254892 -0.05926892817 0)
(4.837858414 -0.06131067001 0)
(5.055677569 -0.06345288069 0)
(5.284215043 -0.06570050403 0)
(5.523998255 -0.06805872712 0)
(5.775580581 -0.07053299227 0)
(6.039542623 -0.07312900963 0)
(6.316493556 -0.07585277029 0)
(6.60707253 -0.07871056019 0)
(6.911950144 -0.08170897455 0)
(7.231829999 -0.08485493315 0)
(7.567450316 -0.08815569624 0)
(7.919585643 -0.09161888137 0)
(8.28904864 -0.09525248089 0)
(8.676691957 -0.09906488047 0)
(9.083410201 -0.1030648784 0)
(9.510142 -0.1072617059 0)
(9.957872169 -0.1116650484 0)
(10.42763398 -0.1162850681 0)
(10.92051157 -0.121132427 0)
(11.43764238 -0.1262183119 0)
(11.98021987 -0.1315544601 0)
(12.54949619 -0.1371531864 0)
(13.14678514 -0.1430274115 0)
(13.77346513 -0.1491906921 0)
(14.43098242 -0.1556572518 0)
(15.12085444 -0.1624420142 0)
(15.84467329 -0.1695606373 0)
(16.60410939 -0.1770295494 0)
(17.40091538 -0.1848659874 0)
(18.23693014 -0.1930880363 0)
(19.11408303 -0.201714671 0)
(20.03439834 -0.2107658002 0)
(21 -0.220262312 0)
(1.02896805 -0.01640557942 0)
(1.059361542 -0.01662525816 0)
(1.09125062 -0.01685574673 0)
(1.124708877 -0.01709757704 0)
(1.159813529 -0.01735130719 0)
(1.19664559 -0.01761752275 0)
(1.235290062 -0.01789683809 0)
(1.275836128 -0.01818989782 0)
(1.318377361 -0.01849737827 0)
(1.363011939 -0.01881998903 0)
(1.409842869 -0.01915847463 0)
(1.458978229 -0.01951361624 0)
(1.510531412 -0.01988623344 0)
(1.564621395 -0.02027718618 0)
(1.621373006 -0.0206873767 0)
(1.680917217 -0.02111775163 0)
(1.743391445 -0.02156930419 0)
(1.808939869 -0.0220430765 0)
(1.877713761 -0.02254016192 0)
(1.949871839 -0.02306170763 0)
(2.02558063 -0.02360891725 0)
(2.105014855 -0.02418305365 0)
(2.188357834 -0.02478544182 0)
(2.275801905 -0.02541747196 0)
(2.367548873 -0.02608060266 0)
(2.463810472 -0.02677636432 0)
(2.564808856 -0.02750636261 0)
(2.670777111 -0.02827228224 0)
(2.781959789 -0.02907589079 0)
(2.89861348 -0.02991904284 0)
(3.021007398 -0.03080368424 0)
(3.149424004 -0.03173185654 0)
(3.284159661 -0.03270570182 0)
(3.425525311 -0.0337274675 0)
(3.5738472 -0.03479951164 0)
(3.729467626 -0.0359243083 0)
(3.892745732 -0.0371044533 0)
(4.064058332 -0.03834267019 0)
(4.243800782 -0.03964181654 0)
(4.432387895 -0.04100489053 0)
(4.630254892 -0.04243503786 0)
(4.837858414 -0.04393555906 0)
(5.055677569 -0.04550991703 0)
(5.284215043 -0.04716174509 0)
(5.523998255 -0.04889485535 0)
(5.775580581 -0.05071324749 0)
(6.039542623 -0.05262111801 0)
(6.316493556 -0.05462286992 0)
(6.60707253 -0.05672312287 0)
(6.911950144 -0.05892672384 0)
(7.231829999 -0.06123875833 0)
(7.567450316 -0.06366456207 0)
(7.919585643 -0.06620973335 0)
(8.28904864 -0.06888014594 0)
(8.676691957 -0.07168196264 0)
(9.083410201 -0.07462164951 0)
(9.510142 -0.07770599078 0)
(9.957872169 -0.08094210452 0)
(10.42763398 -0.08433745906 0)
(10.92051157 -0.08789989023 0)
(11.43764238 -0.09163761945 0)
(11.98021987 -0.09555927268 0)
(12.54949619 -0.09967390033 0)
(13.14678514 -0.1039909982 0)
(13.77346513 -0.1085205293 0)
(14.43098242 -0.1132729469 0)
(15.12085444 -0.1182592188 0)
(15.84467329 -0.1234908522 0)
(16.60410939 -0.1289799208 0)
(17.40091538 -0.1347390922 0)
(18.23693014 -0.1407816577 0)
(19.11408303 -0.1471215621 0)
(20.03439834 -0.153773437 0)
(21 -0.1607526334 0)
(1.02896805 -0.01026092902 0)
(1.059361542 -0.01040433238 0)
(1.09125062 -0.01055479226 0)
(1.124708877 -0.01071265587 0)
(1.159813529 -0.01087828755 0)
(1.19664559 -0.01105206953 0)
(1.235290062 -0.01123440288 0)
(1.275836128 -0.01142570838 0)
(1.318377361 -0.01162642753 0)
(1.363011939 -0.01183702355 0)
(1.409842869 -0.01205798246 0)
(1.458978229 -0.01228981418 0)
(1.510531412 -0.01253305375 0)
(1.564621395 -0.01278826251 0)
(1.621373006 -0.01305602943 0)
(1.680917217 -0.01333697247 0)
(1.743391445 -0.01363173999 0)
(1.808939869 -0.01394101226 0)
(1.877713761 -0.01426550302 0)
(1.949871839 -0.01460596114 0)
(2.02558063 -0.01496317232 0)
(2.105014855 -0.01533796093 0)
(2.188357834 -0.01573119193 0)
(2.275801905 -0.01614377281 0)
(2.367548873 -0.01657665574 0)
(2.463810472 -0.01703083971 0)
(2.564808856 -0.0175073729 0)
(2.670777111 -0.01800735506 0)
(2.781959789 -0.01853194006 0)
(2.89861348 -0.01908233852 0)
(3.021007398 -0.01965982068 0)
(3.149424004 -0.02026571924 0)
(3.284159661 -0.0209014325 0)
(3.425525311 -0.02156842758 0)
(3.5738472 -0.02226824375 0)
(3.729467626 -0.02300249608 0)
(3.892745732 -0.02377287907 0)
(4.064058332 -0.02458117062 0)
(4.243800782 -0.0254292361 0)
(4.432387895 -0.0263190327 0)
(4.630254892 -0.0272526139 0)
(4.837858414 -0.02823213421 0)
(5.055677569 -0.02925985419 0)
(5.284215043 -0.03033814562 0)
(5.523998255 -0.03146949699 0)
(5.775580581 -0.03265651923 0)
(6.039542623 -0.03390195178 0)
(6.316493556 -0.03520866884 0)
(6.60707253 -0.03657968608 0)
(6.911950144 -0.03801816754 0)
(7.231829999 -0.03952743296 0)
(7.567450316 -0.04111096544 0)
(7.919585643 -0.04277241946 0)
(8.28904864 -0.04451562934 0)
(8.676691957 -0.04634461808 0)
(9.083410201 -0.04826360664 0)
(9.510142 -0.05027702367 0)
(9.957872169 -0.05238951575 0)
(10.42763398 -0.05460595812 0)
(10.92051157 -0.05693146589 0)
(11.43764238 -0.0593714059 0)
(11.98021987 -0.06193140906 0)
(12.54949619 -0.06461738336 0)
(13.14678514 -0.06743552752 0)
(13.77346513 -0.07039234529 0)
(14.43098242 -0.07349466042 0)
(15.12085444 -0.07674963248 0)
(15.84467329 -0.08016477331 0)
(16.60410939 -0.0837479644 0)
(17.40091538 -0.08750747507 0)
(18.23693014 -0.09145198156 0)
(19.11408303 -0.09559058703 0)
(20.03439834 -0.0999328426 0)
(21 -0.1044887693 0)
(1.02896805 -0.005188498155 0)
(1.059361542 -0.005258664666 0)
(1.09125062 -0.005332283891 0)
(1.124708877 -0.005409525727 0)
(1.159813529 -0.005490568435 0)
(1.19664559 -0.005575599046 0)
(1.235290062 -0.005664813793 0)
(1.275836128 -0.005758418568 0)
(1.318377361 -0.005856629392 0)
(1.363011939 -0.005959672917 0)
(1.409842869 -0.006067786948 0)
(1.458978229 -0.006181220991 0)
(1.510531412 -0.006300236831 0)
(1.564621395 -0.006425109133 0)
(1.621373006 -0.006556126079 0)
(1.680917217 -0.006693590031 0)
(1.743391445 -0.006837818228 0)
(1.808939869 -0.006989143523 0)
(1.877713761 -0.007147915145 0)
(1.949871839 -0.007314499509 0)
(2.02558063 -0.007489281059 0)
(2.105014855 -0.007672663158 0)
(2.188357834 -0.007865069017 0)
(2.275801905 -0.008066942672 0)
(2.367548873 -0.008278750008 0)
(2.463810472 -0.008500979836 0)
(2.564808856 -0.00873414502 0)
(2.670777111 -0.008978783661 0)
(2.781959789 -0.009235460338 0)
(2.89861348 -0.009504767412 0)
(3.021007398 -0.009787326392 0)
(3.149424004 -0.01008378937 0)
(3.284159661 -0.01039484053 0)
(3.425525311 -0.01072119771 0)
(3.5738472 -0.01106361408 0)
(3.729467626 -0.01142287988 0)
(3.892745732 -0.01179982422 0)
(4.064058332 -0.01219531702 0)
(4.243800782 -0.012610271 0)
(4.432387895 -0.0130456438 0)
(4.630254892 -0.01350244017 0)
(4.837858414 -0.0139817143 0)
(5.055677569 -0.01448457228 0)
(5.284215043 -0.0150121746 0)
(5.523998255 -0.01556573887 0)
(5.775580581 -0.01614654261 0)
(6.039542623 -0.01675592621 0)
(6.316493556 -0.01739529599 0)
(6.60707253 -0.01806612751 0)
(6.911950144 -0.01876996892 0)
(7.231829999 -0.01950844455 0)
(7.567450316 -0.02028325866 0)
(7.919585643 -0.02109619937 0)
(8.28904864 -0.0219491428 0)
(8.676691957 -0.02284405736 0)
(9.083410201 -0.02378300837 0)
(9.510142 -0.02476816273 0)
(9.957872169 -0.02580179399 0)
(10.42763398 -0.02688628758 0)
(10.92051157 -0.0280241463 0)
(11.43764238 -0.0292179961 0)
(11.98021987 -0.03047059218 0)
(12.54949619 -0.03178482527 0)
(13.14678514 -0.03316372839 0)
(13.77346513 -0.03461048376 0)
(14.43098242 -0.03612843024 0)
(15.12085444 -0.03772107094 0)
(15.84467329 -0.03939208137 0)
(16.60410939 -0.04114531792 0)
(17.40091538 -0.04298482672 0)
(18.23693014 -0.04491485299 0)
(19.11408303 -0.04693985087 0)
(20.03439834 -0.04906449367 0)
(21 -0.05129368466 0)
(1.02896805 -0.001 0)
(1.059361542 -0.001 0)
(1.09125062 -0.001 0)
(1.124708877 -0.001 0)
(1.159813529 -0.001 0)
(1.19664559 -0.001 0)
(1.235290062 -0.001 0)
(1.275836128 -0.001 0)
(1.318377361 -0.001 0)
(1.363011939 -0.001 0)
(1.409842869 -0.001 0)
(1.458978229 -0.001 0)
(1.510531412 -0.001 0)
(1.564621395 -0.001 0)
(1.621373006 -0.001 0)
(1.680917217 -0.001 0)
(1.743391445 -0.001 0)
(1.808939869 -0.001 0)
(1.877713761 -0.001 0)
(1.949871839 -0.001 0)
(2.02558063 -0.001 0)
(2.105014855 -0.001 0)
(2.188357834 -0.001 0)
(2.275801905 -0.001 0)
(2.367548873 -0.001 0)
(2.463810472 -0.001 0)
(2.564808856 -0.001 0)
(2.670777111 -0.001 0)
(2.781959789 -0.001 0)
(2.89861348 -0.001 0)
(3.021007398 -0.001 0)
(3.149424004 -0.001 0)
(3.284159661 -0.001 0)
(3.425525311 -0.001 0)
(3.5738472 -0.001 0)
(3.729467626 -0.001 0)
(3.892745732 -0.001 0)
(4.064058332 -0.001 0)
(4.243800782 -0.001 0)
(4.432387895 -0.001 0)
(4.630254892 -0.001 0)
(4.837858414 -0.001 0)
(5.055677569 -0.001 0)
(5.284215043 -0.001 0)
(5.523998255 -0.001 0)
(5.775580581 -0.001 0)
(6.039542623 -0.001 0)
(6.316493556 -0.001 0)
(6.60707253 -0.001 0)
(6.911950144 -0.001 0)
(7.231829999 -0.001 0)
(7.567450316 -0.001 0)
(7.919585643 -0.001 0)
(8.28904864 -0.001 0)
(8.676691957 -0.001 0)
(9.083410201 -0.001 0)
(9.510142 -0.001 0)
(9.957872169 -0.001 0)
(10.42763398 -0.001 0)
(10.92051157 -0.001 0)
(11.43764238 -0.001 0)
(11.98021987 -0.001 0)
(12.54949619 -0.001 0)
(13.14678514 -0.001 0)
(13.77346513 -0.001 0)
(14.43098242 -0.001 0)
(15.12085444 -0.001 0)
(15.84467329 -0.001 0)
(16.60410939 -0.001 0)
(17.40091538 -0.001 0)
(18.23693014 -0.001 0)
(19.11408303 -0.001 0)
(20.03439834 -0.001 0)
(21 -0.001 0)
(1.02896805 -12 0.3)
(1.059361542 -12 0.3)
(1.09125062 -12 0.3)
(1.124708877 -12 0.3)
(1.159813529 -12 0.3)
(1.19664559 -12 0.3)
(1.235290062 -12 0.3)
(1.275836128 -12 0.3)
(1.318377361 -12 0.3)
(1.363011939 -12 0.3)
(1.409842869 -12 0.3)
(1.458978229 -12 0.3)
(1.510531412 -12 0.3)
(1.564621395 -12 0.3)
(1.621373006 -12 0.3)
(1.680917217 -12 0.3)
(1.743391445 -12 0.3)
(1.808939869 -12 0.3)
(1.877713761 -12 0.3)
(1.949871839 -12 0.3)
(2.02558063 -12 0.3)
(2.105014855 -12 0.3)
(2.188357834 -12 0.3)
(2.275801905 -12 0.3)
(2.367548873 -12 0.3)
(2.463810472 -12 0.3)
(2.564808856 -12 0.3)
(2.670777111 -12 0.3)
(2.781959789 -12 0.3)
(2.89861348 -12 0.3)
(3.021007398 -12 0.3)
(3.149424004 -12 0.3)
(3.284159661 -12 0.3)
(3.425525311 -12 0.3)
(3.5738472 -12 0.3)
(3.729467626 -12 0.3)
(3.892745732 -12 0.3)
(4.064058332 -12 0.3)
(4.243800782 -12 0.3)
(4.432387895 -12 0.3)
(4.630254892 -12 0.3)
(4.837858414 -12 0.3)
(5.055677569 -12 0.3)
(5.284215043 -12 0.3)
(5.523998255 -12 0.3)
(5.775580581 -12 0.3)
(6.039542623 -12 0.3)
(6.316493556 -12 0.3)
(6.60707253 -12 0.3)
(6.911950144 -12 0.3)
(7.231829999 -12 0.3)
(7.567450316 -12 0.3)
(7.919585643 -12 0.3)
(8.28904864 -12 0.3)
(8.676691957 -12 0.3)
(9.083410201 -12 0.3)
(9.510142 -12 0.3)
(9.957872169 -12 0.3)
(10.42763398 -12 0.3)
(10.92051157 -12 0.3)
(11.43764238 -12 0.3)
(11.98021987 -12 0.3)
(12.54949619 -12 0.3)
(13.14678514 -12 0.3)
(13.77346513 -12 0.3)
(14.43098242 -12 0.3)
(15.12085444 -12 0.3)
(15.84467329 -12 0.3)
(16.60410939 -12 0.3)
(17.40091538 -12 0.3)
(18.23693014 -12 0.3)
(19.11408303 -12 0.3)
(20.03439834 -12 0.3)
(21 -12 0.3)
(1.02896805 -11.09421036 0.3)
(1.059361542 -11.09452049 0.3)
(1.09125062 -11.09484588 0.3)
(1.124708877 -11.09518729 0.3)
(1.159813529 -11.09554549 0.3)
(1.19664559 -11.09592132 0.3)
(1.235290062 -11.09631564 0.3)
(1.275836128 -11.09672937 0.3)
(1.318377361 -11.09716346 0.3)
(1.363011939 -11.0976189 0.3)
(1.409842869 -11.09809676 0.3)
(1.458978229 -11.09859813 0.3)
(1.510531412 -11.09912417 0.3)
(1.564621395 -11.0996761 0.3)
(1.621373006 -11.10025519 0.3)
(1.680917217 -11.10086277 0.3)
(1.743391445 -11.10150025 0.3)
(1.808939869 -11.1021691 0.3)
(1.877713761 -11.10287086 0.3)
(1.949871839 -11.10360715 0.3)
(2.02558063 -11.10437967 0.3)
(2.105014855 -11.10519021 0.3)
(2.188357834 -11.10604063 0.3)
(2.275801905 -11.1069329 0.3)
(2.367548873 -11.10786908 0.3)
(2.463810472 -11.10885132 0.3)
(2.564808856 -11.1098819 0.3)
(2.670777111 -11.11096318 0.3)
(2.781959789 -11.11209768 0.3)
(2.89861348 -11.113288 0.3)
(3.021007398 -11.11453689 0.3)
(3.149424004 -11.11584724 0.3)
(3.284159661 -11.11722207 0.3)
(3.425525311 -11.11866454 0.3)
(3.5738472 -11.120178 0.3)
(3.729467626 -11.12176594 0.3)
(3.892745732 -11.12343201 0.3)
(4.064058332 -11.12518006 0.3)
(4.243800782 -11.12701413 0.3)
(4.432387895 -11.12893845 0.3)
(4.630254892 -11.13095746 0.3)
(4.837858414 -11.13307582 0.3)
(5.055677569 -11.13529842 0.3)
(5.284215043 -11.13763039 0.3)
(5.523998255 -11.14007711 0.3)
(5.775580581 -11.14264423 0.3)
(6.039542623 -11.14533767 0.3)
(6.316493556 -11.14816364 0.3)
(6.60707253 -11.15112867 0.3)
(6.911950144 -11.15423961 0.3)
(7.231829999 -11.15750363 0.3)
(7.567450316 -11.16092826 0.3)
(7.919585643 -11.1645214 0.3)
(8.28904864 -11.16829136 0.3)
(8.676691957 -11.17224683 0.3)
(9.083410201 -11.17639693 0.3)
(9.510142 -11.18075125 0.3)
(9.957872169 -11.18531984 0.3)
(10.42763398 -11.19011323 0.3)
(10.92051157 -11.1951425 0.3)
(11.43764238 -11.20041924 0.3)
(11.98021987 -11.20595563 0.3)
(12.54949619 -11.21176446 0.3)
(13.14678514 -11.21785913 0.3)
(13.77346513 -11.2242537 0.3)
(14.43098242 -11.23096292 0.3)
(15.12085444 -11.2380023 0.3)
(15.84467329 -11.24538806 0.3)
(16.60410939 -11.25313725 0.3)
(17.40091538 -11.26126777 0.3)
(18.23693014 -11.26979836 0.3)
(19.11408303 -11.27874873 0.3)
(20.03439834 -11.28813952 0.3)
(21 -11.2979924 0.3)
(1.02896805 -10.25241954 0.3)
(1.059361542 -10.25300067 0.3)
(1.09125062 -10.25361041 0.3)
(1.124708877 -10.25425014 0.3)
(1.159813529 -10.25492136 0.3)
(1.19664559 -10.2556256 0.3)
(1.235290062 -10.2563645 0.3)
(1.275836128 -10.25713976 0.3)
(1.318377361 -10.25795317 0.3)
(1.363011939 -10.2588066 0.3)
(1.409842869 -10.25970203 0.3)
(1.458978229 -10.26064151 0.3)
(1.510531412 -10.26162723 0.3)
(1.564621395 -10.26266146 0.3)
(1.621373006 -10.26374657 0.3)
(1.680917217 -10.26488508 0.3)
(1.743391445 -10.26607962 0.3)
(1.808939869 -10.26733293 0.3)
(1.877713761 -10.26864792 0.3)
(1.949871839 -10.27002761 0.3)
(2.02558063 -10.27147519 0.3)
(2.105014855 -10.27299401 0.3)
(2.188357834 -10.27458756 0.3)
(2.275801905 -10.27625953 0.3)
(2.367548873 -10.27801377 0.3)
(2.463810472 -10.27985433 0.3)
(2.564808856 -10.28178547 0.3)
(2.670777111 -10.28381162 0.3)
(2.781959789 -10.28593748 0.3)
(2.89861348 -10.28816795 0.3)
(3.021007398 -10.29050818 0.3)
(3.149424004 -10.29296356 0.3)
(3.284159661 -10.29553976 0.3)
(3.425525311 -10.29824273 0.3)
(3.5738472 -10.30107871 0.3)
(3.729467626 -10.30405424 0.3)
(3.892745732 -10.30717618 0.3)
(4.064058332 -10.31045175 0.3)
(4.243800782 -10.3138885 0.3)
(4.432387895 -10.31749437 0.3)
(4.630254892 -10.32127767 0.3)
(4.837858414 -10.32524714 0.3)
(5.055677569 -10.32941193 0.3)
(5.284215043 -10.33378167 0.3)
(5.523998255 -10.33836642 0.3)
(5.775580581 -10.34317678 0.3)
(6.039542623 -10.34822385 0.3)
(6.316493556 -10.35351927 0.3)
(6.60707253 -10.35907526 0.3)
(6.911950144 -10.36490465 0.3)
(7.231829999 -10.37102089 0.3)
(7.567450316 -10.37743809 0.3)
(7.919585643 -10.38417107 0.3)
(8.28904864 -10.39123536 0.3)
(8.676691957 -10.39864727 0.3)
(9.083410201 -10.40642389 0.3)
(9.510142 -10.41458318 0.3)
(9.957872169 -10.42314398 0.3)
(10.42763398 -10.43212602 0.3)
(10.92051157 -10.44155005 0.3)
(11.43764238 -10.45143781 0.3)
(11.98021987 -10.46181212 0.3)
(12.54949619 -10.47269693 0.3)
(13.14678514 -10.48411734 0.3)
(13.77346513 -10.49609973 0.3)
(14.43098242 -10.50867174 0.3)
(15.12085444 -10.52186239 0.3)
(15.84467329 -10.53570211 0.3)
(16.60410939 -10.55022285 0.3)
(17.40091538 -10.56545812 0.3)
(18.23693014 -10.58144308 0.3)
(19.11408303 -10.59821461 0.3)
(20.03439834 -10.61581143 0.3)
(21 -10.63427415 0.3)
(1.02896805 -9.470105422 0.3)
(1.059361542 -9.47092214 0.3)
(1.09125062 -9.471779047 0.3)
(1.124708877 -9.472678121 0.3)
(1.159813529 -9.473621435 0.3)
(1.19664559 -9.474611167 0.3)
(1.235290062 -9.475649602 0.3)
(1.275836128 -9.476739135 0.3)
(1.318377361 -9.477882282 0.3)
(1.363011939 -9.479081679 0.3)
(1.409842869 -9.480340096 0.3)
(1.458978229 -9.481660437 0.3)
(1.510531412 -9.483045747 0.3)
(1.564621395 -9.484499226 0.3)
(1.621373006 -9.486024226 0.3)
(1.680917217 -9.487624268 0.3)
(1.743391445 -9.489303044 0.3)
(1.808939869 -9.491064428 0.3)
(1.877713761 -9.492912485 0.3)
(1.949871839 -9.49485148 0.3)
(2.02558063 -9.496885888 0.3)
(2.105014855 -9.499020404 0.3)
(2.188357834 -9.501259954 0.3)
(2.275801905 -9.503609707 0.3)
(2.367548873 -9.506075085 0.3)
(2.463810472 -9.508661777 0.3)
(2.564808856 -9.511375755 0.3)
(2.670777111 -9.51422328 0.3)
(2.781959789 -9.517210924 0.3)
(2.89861348 -9.520345583 0.3)
(3.021007398 -9.52363449 0.3)
(3.149424004 -9.527085236 0.3)
(3.284159661 -9.530705784 0.3)
(3.425525311 -9.534504489 0.3)
(3.5738472 -9.53849012 0.3)
(3.729467626 -9.542671873 0.3)
(3.892745732 -9.547059399 0.3)
(4.064058332 -9.551662824 0.3)
(4.243800782 -9.556492772 0.3)
(4.432387895 -9.561560389 0.3)
(4.630254892 -9.56687737 0.3)
(4.837858414 -9.572455986 0.3)
(5.055677569 -9.578309112 0.3)
(5.284215043 -9.584450254 0.3)
(5.523998255 -9.590893587 0.3)
(5.775580581 -9.597653979 0.3)
(6.039542623 -9.604747033 0.3)
(6.316493556 -9.612189118 0.3)
(6.60707253 -9.619997408 0.3)
(6.911950144 -9.628189924 0.3)
(7.231829999 -9.636785573 0.3)
(7.567450316 -9.645804191 0.3)
(7.919585643 -9.655266593 0.3)
(8.28904864 -9.665194614 0.3)
(8.676691957 -9.675611168 0.3)
(9.083410201 -9.686540294 0.3)
(9.510142 -9.698007214 0.3)
(9.957872169 -9.710038391 0.3)
(10.42763398 -9.722661592 0.3)
(10.92051157 -9.735905948 0.3)
(11.43764238 -9.749802024 0.3)
(11.98021987 -9.76438189 0.3)
(12.54949619 -9.779679194 0.3)
(13.14678514 -9.795729239 0.3)
(13.77346513 -9.812569064 0.3)
(14.43098242 -9.830237535 0.3)
(15.12085444 -9.848775425 0.3)
(15.84467329 -9.868225517 0.3)
(16.60410939 -9.888632697 0.3)
(17.40091538 -9.910044063 0.3)
(18.23693014 -9.932509026 0.3)
(19.11408303 -9.956079432 0.3)
(20.03439834 -9.980809677 0.3)
(21 -10.00675683 0.3)
(1.02896805 -8.743065435 0.3)
(1.059361542 -8.744085703 0.3)
(1.09125062 -8.745156177 0.3)
(1.124708877 -8.746279325 0.3)
(1.159813529 -8.747457741 0.3)
(1.19664559 -8.748694143 0.3)
(1.235290062 -8.749991386 0.3)
(1.275836128 -8.751352462 0.3)
(1.318377361 -8.752780514 0.3)
(1.363011939 -8.754278837 0.3)
(1.409842869 -8.755850888 0.3)
(1.458978229 -8.757500295 0.3)
(1.510531412 -8.759230866 0.3)
(1.564621395 -8.761046593 0.3)
(1.621373006 -8.762951668 0.3)
(1.680917217 -8.764950487 0.3)
(1.743391445 -8.767047662 0.3)
(1.808939869 -8.769248034 0.3)
(1.877713761 -8.771556681 0.3)
(1.949871839 -8.77397893 0.3)
(2.02558063 -8.776520371 0.3)
(2.105014855 -8.779186871 0.3)
(2.188357834 -8.781984582 0.3)
(2.275801905 -8.784919961 0.3)
(2.367548873 -8.787999783 0.3)
(2.463810472 -8.791231155 0.3)
(2.564808856 -8.794621534 0.3)
(2.670777111 -8.798178745 0.3)
(2.781959789 -8.801910997 0.3)
(2.89861348 -8.805826903 0.3)
(3.021007398 -8.809935502 0.3)
(3.149424004 -8.814246274 0.3)
(3.284159661 -8.818769167 0.3)
(3.425525311 -8.823514621 0.3)
(3.5738472 -8.828493586 0.3)
(3.729467626 -8.833717553 0.3)
(3.892745732 -8.839198579 0.3)
(4.064058332 -8.844949311 0.3)
(4.243800782 -8.850983022 0.3)
(4.432387895 -8.857313636 0.3)
(4.630254892 -8.863955764 0.3)
(4.837858414 -8.870924733 0.3)
(5.055677569 -8.878236628 0.3)
(5.284215043 -8.885908322 0.3)
(5.523998255 -8.89395752 0.3)
(5.775580581 -8.902402798 0.3)
(6.039542623 -8.911263647 0.3)
(6.316493556 -8.920560515 0.3)
(6.60707253 -8.930314858 0.3)
(6.911950144 -8.940549187 0.3)
(7.231829999 -8.951287122 0.3)
(7.567450316 -8.962553442 0.3)
(7.919585643 -8.974374148 0.3)
(8.28904864 -8.986776521 0.3)
(8.676691957 -8.999789183 0.3)
(9.083410201 -9.013442165 0.3)
(9.510142 -9.027766974 0.3)
(9.957872169 -9.04279667 0.3)
(10.42763398 -9.058565939 0.3)
(10.92051157 -9.075111173 0.3)
(11.43764238 -9.092470555 0.3)
(11.98021987 -9.110684147 0.3)
(12.54949619 -9.129793984 0.3)
(13.14678514 -9.149844166 0.3)
(13.77346513 -9.170880966 0.3)
(14.43098242 -9.192952932 0.3)
(15.12085444 -9.216111003 0.3)
(15.84467329 -9.240408622 0.3)
(16.60410939 -9.265901865 0.3)
(17.40091538 -9.292649565 0.3)
(18.23693014 -9.320713449 0.3)
(19.11408303 -9.350158286 0.3)
(20.03439834 -9.381052026 0.3)
(21 -9.413465968 0.3)
(1.02896805 -8.067393967 0.3)
(1.059361542 -8.068588856 0.3)
(1.09125062 -8.069842543 0.3)
(1.124708877 -8.07115792 0.3)
(1.159813529 -8.072538024 0.3)
(1.19664559 -8.073986039 0.3)
(1.235290062 -8.075505307 0.3)
(1.275836128 -8.077099334 0.3)
(1.318377361 -8.078771799 0.3)
(1.363011939 -8.080526562 0.3)
(1.409842869 -8.082367673 0.3)
(1.458978229 -8.084299379 0.3)
(1.510531412 -8.08632614 0.3)
(1.564621395 -8.088452633 0.3)
(1.621373006 -8.090683765 0.3)
(1.680917217 -8.093024685 0.3)
(1.743391445 -8.095480795 0.3)
(1.808939869 -8.098057765 0.3)
(1.877713761 -8.10076154 0.3)
(1.949871839 -8.103598362 0.3)
(2.02558063 -8.106574776 0.3)
(2.105014855 -8.109697651 0.3)
(2.188357834 -8.112974196 0.3)
(2.275801905 -8.11641197 0.3)
(2.367548873 -8.120018909 0.3)
(2.463810472 -8.123803336 0.3)
(2.564808856 -8.127773984 0.3)
(2.670777111 -8.131940018 0.3)
(2.781959789 -8.136311052 0.3)
(2.89861348 -8.140897173 0.3)
(3.021007398 -8.145708965 0.3)
(3.149424004 -8.150757533 0.3)
(3.284159661 -8.156054528 0.3)
(3.425525311 -8.161612175 0.3)
(3.5738472 -8.167443299 0.3)
(3.729467626 -8.173561357 0.3)
(3.892745732 -8.17998047 0.3)
(4.064058332 -8.18671545 0.3)
(4.243800782 -8.193781842 0.3)
(4.432387895 -8.201195952 0.3)
(4.630254892 -8.208974891 0.3)
(4.837858414 -8.217136612 0.3)
(5.055677569 -8.225699951 0.3)
(5.284215043 -8.234684669 0.3)
(5.523998255 -8.244111501 0.3)
(5.775580581 -8.254002204 0.3)
(6.039542623 -8.264379603 0.3)
(6.316493556 -8.275267647 0.3)
(6.60707253 -8.286691463 0.3)
(6.911950144 -8.298677416 0.3)
(7.231829999 -8.311253167 0.3)
(7.567450316 -8.324447738 0.3)
(7.919585643 -8.33829158 0.3)
(8.28904864 -8.352816641 0.3)
(8.676691957 -8.368056443 0.3)
(9.083410201 -8.384046157 0.3)
(9.510142 -8.400822683 0.3)
(9.957872169 -8.418424739 0.3)
(10.42763398 -8.436892946 0.3)
(10.92051157 -8.456269926 0.3)
(11.43764238 -8.476600397 0.3)
(11.98021987 -8.497931279 0.3)
(12.54949619 -8.520311798 0.3)
(13.14678514 -8.543793604 0.3)
(13.77346513 -8.56843089 0.3)
(14.43098242 -8.594280512 0.3)
(15.12085444 -8.621402128 0.3)
(15.84467329 -8.649858329 0.3)
(16.60410939 -8.679714786 0.3)
(17.40091538 -8.711040402 0.3)
(18.23693014 -8.743907471 0.3)
(19.11408303 -8.778391843 0.3)
(20.03439834 -8.814573102 0.3)
(21 -8.852534748 0.3)
(1.02896805 -7.439461387 0.3)
(1.059361542 -7.440804805 0.3)
(1.09125062 -7.44221433 0.3)
(1.124708877 -7.443693214 0.3)
(1.159813529 -7.445244869 0.3)
(1.19664559 -7.446872878 0.3)
(1.235290062 -7.448580997 0.3)
(1.275836128 -7.450373168 0.3)
(1.318377361 -7.452253527 0.3)
(1.363011939 -7.454226414 0.3)
(1.409842869 -7.456296382 0.3)
(1.458978229 -7.458468207 0.3)
(1.510531412 -7.460746902 0.3)
(1.564621395 -7.463137726 0.3)
(1.621373006 -7.465646196 0.3)
(1.680917217 -7.468278101 0.3)
(1.743391445 -7.471039516 0.3)
(1.808939869 -7.473936813 0.3)
(1.877713761 -7.476976678 0.3)
(1.949871839 -7.480166127 0.3)
(2.02558063 -7.483512521 0.3)
(2.105014855 -7.487023582 0.3)
(2.188357834 -7.490707413 0.3)
(2.275801905 -7.494572517 0.3)
(2.367548873 -7.498627812 0.3)
(2.463810472 -7.502882657 0.3)
(2.564808856 -7.507346873 0.3)
(2.670777111 -7.512030761 0.3)
(2.781959789 -7.516945131 0.3)
(2.89861348 -7.522101324 0.3)
(3.021007398 -7.527511241 0.3)
(3.149424004 -7.533187366 0.3)
(3.284159661 -7.539142798 0.3)
(3.425525311 -7.545391281 0.3)
(3.5738472 -7.551947236 0.3)
(3.729467626 -7.558825793 0.3)
(3.892745732 -7.566042826 0.3)
(4.064058332 -7.57361499 0.3)
(4.243800782 -7.581559761 0.3)
(4.432387895 -7.589895474 0.3)
(4.630254892 -7.598641366 0.3)
(4.837858414 -7.60781762 0.3)
(5.055677569 -7.617445415 0.3)
(5.284215043 -7.627546968 0.3)
(5.523998255 -7.638145592 0.3)
(5.775580581 -7.649265748 0.3)
(6.039542623 -7.660933097 0.3)
(6.316493556 -7.673174567 0.3)
(6.60707253 -7.686018408 0.3)
(6.911950144 -7.699494261 0.3)
(7.231829999 -7.713633226 0.3)
(7.567450316 -7.728467933 0.3)
(7.919585643 -7.744032617 0.3)
(8.28904864 -7.7603632 0.3)
(8.676691957 -7.777497368 0.3)
(9.083410201 -7.795474665 0.3)
(9.510142 -7.814336578 0.3)
(9.957872169 -7.834126637 0.3)
(10.42763398 -7.854890514 0.3)
(10.92051157 -7.876676127 0.3)
(11.43764238 -7.899533754 0.3)
(11.98021987 -7.923516146 0.3)
(12.54949619 -7.94867865 0.3)
(13.14678514 -7.975079336 0.3)
(13.77346513 -8.002779131 0.3)
(14.43098242 -8.031841961 0.3)
(15.12085444 -8.062334899 0.3)
(15.84467329 -8.094328315 0.3)
(16.60410939 -8.127896045 0.3)
(17.40091538 -8.163115556 0.3)
(18.23693014 -8.200068128 0.3)
(19.11408303 -8.238839041 0.3)
(20.03439834 -8.27951777 0.3)
(21 -8.322198195 0.3)
(1.02896805 -6.85589454 0.3)
(1.059361542 -6.85736299 0.3)
(1.09125062 -6.858903699 0.3)
(1.124708877 -6.860520222 0.3)
(1.159813529 -6.862216291 0.3)
(1.19664559 -6.863995818 0.3)
(1.235290062 -6.865862912 0.3)
(1.275836128 -6.86782188 0.3)
(1.318377361 -6.869877244 0.3)
(1.363011939 -6.872033747 0.3)
(1.409842869 -6.874296366 0.3)
(1.458978229 -6.876670323 0.3)
(1.510531412 -6.879161096 0.3)
(1.564621395 -6.881774434 0.3)
(1.621373006 -6.884516367 0.3)
(1.680917217 -6.887393223 0.3)
(1.743391445 -6.890411643 0.3)
(1.808939869 -6.893578591 0.3)
(1.877713761 -6.896901376 0.3)
(1.949871839 -6.900387667 0.3)
(2.02558063 -6.904045509 0.3)
(2.105014855 -6.907883345 0.3)
(2.188357834 -6.91191003 0.3)
(2.275801905 -6.916134858 0.3)
(2.367548873 -6.920567579 0.3)
(2.463810472 -6.925218423 0.3)
(2.564808856 -6.930098123 0.3)
(2.670777111 -6.93521794 0.3)
(2.781959789 -6.94058969 0.3)
(2.89861348 -6.94622577 0.3)
(3.021007398 -6.952139187 0.3)
(3.149424004 -6.958343588 0.3)
(3.284159661 -6.964853292 0.3)
(3.425525311 -6.971683321 0.3)
(3.5738472 -6.978849439 0.3)
(3.729467626 -6.986368182 0.3)
(3.892745732 -6.994256904 0.3)
(4.064058332 -7.002533809 0.3)
(4.243800782 -7.011217999 0.3)
(4.432387895 -7.020329516 0.3)
(4.630254892 -7.029889387 0.3)
(4.837858414 -7.039919675 0.3)
(5.055677569 -7.050443527 0.3)
(5.284215043 -7.061485231 0.3)
(5.523998255 -7.073070269 0.3)
(5.775580581 -7.085225376 0.3)
(6.039542623 -7.097978605 0.3)
(6.316493556 -7.111359387 0.3)
(6.60707253 -7.125398603 0.3)
(6.911950144 -7.140128653 0.3)
(7.231829999 -7.15558353 0.3)
(7.567450316 -7.171798902 0.3)
(7.919585643 -7.188812191 0.3)
(8.28904864 -7.20666266 0.3)
(8.676691957 -7.225391504 0.3)
(9.083410201 -7.245041946 0.3)
(9.510142 -7.265659336 0.3)
(9.957872169 -7.287291254 0.3)
(10.42763398 -7.309987623 0.3)
(10.92051157 -7.333800822 0.3)
(11.43764238 -7.358785807 0.3)
(11.98021987 -7.385000238 0.3)
(12.54949619 -7.412504614 0.3)
(13.14678514 -7.44136241 0.3)
(13.77346513 -7.471640222 0.3)
(14.43098242 -7.503407928 0.3)
(15.12085444 -7.536738841 0.3)
(15.84467329 -7.571709882 0.3)
(16.60410939 -7.608401758 0.3)
(17.40091538 -7.646899146 0.3)
(18.23693014 -7.687290891 0.3)
(19.11408303 -7.72967021 0.3)
(20.03439834 -7.774134905 0.3)
(21 -7.820787594 0.3)
(1.02896805 -6.313558625 0.3)
(1.059361542 -6.315130979 0.3)
(1.09125062 -6.316780705 0.3)
(1.124708877 -6.31851161 0.3)
(1.159813529 -6.320327688 0.3)
(1.19664559 -6.322233131 0.3)
(1.235290062 -6.324232335 0.3)
(1.275836128 -6.326329916 0.3)
(1.318377361 -6.328530712 0.3)
(1.363011939 -6.330839805 0.3)
(1.409842869 -6.333262522 0.3)
(1.458978229 -6.335804454 0.3)
(1.510531412 -6.338471468 0.3)
(1.564621395 -6.34126972 0.3)
(1.621373006 -6.344205665 0.3)
(1.680917217 -6.347286082 0.3)
(1.743391445 -6.350518077 0.3)
(1.808939869 -6.353909111 0.3)
(1.877713761 -6.357467009 0.3)
(1.949871839 -6.361199982 0.3)
(2.02558063 -6.365116644 0.3)
(2.105014855 -6.369226036 0.3)
(2.188357834 -6.37353764 0.3)
(2.275801905 -6.378061407 0.3)
(2.367548873 -6.382807777 0.3)
(2.463810472 -6.387787703 0.3)
(2.564808856 -6.393012679 0.3)
(2.670777111 -6.398494763 0.3)
(2.781959789 -6.404246605 0.3)
(2.89861348 -6.410281481 0.3)
(3.021007398 -6.416613318 0.3)
(3.149424004 -6.423256728 0.3)
(3.284159661 -6.430227043 0.3)
(3.425525311 -6.437540349 0.3)
(3.5738472 -6.445213524 0.3)
(3.729467626 -6.453264276 0.3)
(3.892745732 -6.461711185 0.3)
(4.064058332 -6.470573745 0.3)
(4.243800782 -6.479872408 0.3)
(4.432387895 -6.489628634 0.3)
(4.630254892 -6.49986494 0.3)
(4.837858414 -6.510604947 0.3)
(5.055677569 -6.521873442 0.3)
(5.284215043 -6.533696431 0.3)
(5.523998255 -6.546101199 0.3)
(5.775580581 -6.559116373 0.3)
(6.039542623 -6.572771991 0.3)
(6.316493556 -6.587099566 0.3)
(6.60707253 -6.602132164 0.3)
(6.911950144 -6.617904477 0.3)
(7.231829999 -6.634452905 0.3)
(7.567450316 -6.651815639 0.3)
(7.919585643 -6.670032748 0.3)
(8.28904864 -6.689146274 0.3)
(8.676691957 -6.709200327 0.3)
(9.083410201 -6.730241189 0.3)
(9.510142 -6.752317416 0.3)
(9.957872169 -6.775479958 0.3)
(10.42763398 -6.799782269 0.3)
(10.92051157 -6.825280434 0.3)
(11.43764238 -6.852033298 0.3)
(11.98021987 -6.880102601 0.3)
(12.54949619 -6.909553122 0.3)
(13.14678514 -6.940452828 0.3)
(13.77346513 -6.972873028 0.3)
(14.43098242 -7.006888542 0.3)
(15.12085444 -7.042577872 0.3)
(15.84467329 -7.080023382 0.3)
(16.60410939 -7.119311488 0.3)
(17.40091538 -7.160532861 0.3)
(18.23693014 -7.203782631 0.3)
(19.11408303 -7.249160611 0.3)
(20.03439834 -7.296771524 0.3)
(21 -7.346725247 0.3)
(1.02896805 -5.809540352 0.3)
(1.059361542 -5.811197646 0.3)
(1.09125062 -5.812936492 0.3)
(1.124708877 -5.814760901 0.3)
(1.159813529 -5.816675086 0.3)
(1.19664559 -5.818683462 0.3)
(1.235290062 -5.820790665 0.3)
(1.275836128 -5.823001559 0.3)
(1.318377361 -5.825321244 0.3)
(1.363011939 -5.827755076 0.3)
(1.409842869 -5.83030867 0.3)
(1.458978229 -5.832987919 0.3)
(1.510531412 -5.835799008 0.3)
(1.564621395 -5.838748423 0.3)
(1.621373006 -5.841842971 0.3)
(1.680917217 -5.845089794 0.3)
(1.743391445 -5.848496385 0.3)
(1.808939869 -5.852070605 0.3)
(1.877713761 -5.855820704 0.3)
(1.949871839 -5.859755335 0.3)
(2.02558063 -5.863883579 0.3)
(2.105014855 -5.868214963 0.3)
(2.188357834 -5.872759484 0.3)
(2.275801905 -5.877527629 0.3)
(2.367548873 -5.882530402 0.3)
(2.463810472 -5.887779348 0.3)
(2.564808856 -5.893286581 0.3)
(2.670777111 -5.899064812 0.3)
(2.781959789 -5.905127374 0.3)
(2.89861348 -5.911488259 0.3)
(3.021007398 -5.918162146 0.3)
(3.149424004 -5.925164439 0.3)
(3.284159661 -5.932511296 0.3)
(3.425525311 -5.940219673 0.3)
(3.5738472 -5.94830736 0.3)
(3.729467626 -5.956793021 0.3)
(3.892745732 -5.965696239 0.3)
(4.064058332 -5.975037561 0.3)
(4.243800782 -5.984838546 0.3)
(4.432387895 -5.995121812 0.3)
(4.630254892 -6.005911091 0.3)
(4.837858414 -6.017231283 0.3)
(5.055677569 -6.029108512 0.3)
(5.284215043 -6.041570189 0.3)
(5.523998255 -6.054645073 0.3)
(5.775580581 -6.068363338 0.3)
(6.039542623 -6.082756643 0.3)
(6.316493556 -6.097858206 0.3)
(6.60707253 -6.113702878 0.3)
(6.911950144 -6.130327225 0.3)
(7.231829999 -6.147769613 0.3)
(7.567450316 -6.166070296 0.3)
(7.919585643 -6.185271509 0.3)
(8.28904864 -6.205417564 0.3)
(8.676691957 -6.226554954 0.3)
(9.083410201 -6.24873246 0.3)
(9.510142 -6.272001265 0.3)
(9.957872169 -6.296415067 0.3)
(10.42763398 -6.322030209 0.3)
(10.92051157 -6.348905807 0.3)
(11.43764238 -6.377103883 0.3)
(11.98021987 -6.406689514 0.3)
(12.54949619 -6.437730977 0.3)
(13.14678514 -6.47029991 0.3)
(13.77346513 -6.504471477 0.3)
(14.43098242 -6.540324538 0.3)
(15.12085444 -6.577941836 0.3)
(15.84467329 -6.617410184 0.3)
(16.60410939 -6.658820667 0.3)
(17.40091538 -6.702268853 0.3)
(18.23693014 -6.747855013 0.3)
(19.11408303 -6.79568435 0.3)
(20.03439834 -6.845867245 0.3)
(21 -6.89851951 0.3)
(1.02896805 -5.341132287 0.3)
(1.059361542 -5.342857531 0.3)
(1.09125062 -5.34466767 0.3)
(1.124708877 -5.346566881 0.3)
(1.159813529 -5.348559548 0.3)
(1.19664559 -5.350650269 0.3)
(1.235290062 -5.352843868 0.3)
(1.275836128 -5.355145409 0.3)
(1.318377361 -5.357560203 0.3)
(1.363011939 -5.360093823 0.3)
(1.409842869 -5.362752115 0.3)
(1.458978229 -5.365541215 0.3)
(1.510531412 -5.36846756 0.3)
(1.564621395 -5.371537903 0.3)
(1.621373006 -5.374759329 0.3)
(1.680917217 -5.378139273 0.3)
(1.743391445 -5.381685535 0.3)
(1.808939869 -5.3854063 0.3)
(1.877713761 -5.389310155 0.3)
(1.949871839 -5.393406107 0.3)
(2.02558063 -5.397703611 0.3)
(2.105014855 -5.402212585 0.3)
(2.188357834 -5.406943433 0.3)
(2.275801905 -5.411907074 0.3)
(2.367548873 -5.417114962 0.3)
(2.463810472 -5.422579118 0.3)
(2.564808856 -5.428312151 0.3)
(2.670777111 -5.434327291 0.3)
(2.781959789 -5.440638421 0.3)
(2.89861348 -5.447260105 0.3)
(3.021007398 -5.454207625 0.3)
(3.149424004 -5.461497015 0.3)
(3.284159661 -5.469145097 0.3)
(3.425525311 -5.477169521 0.3)
(3.5738472 -5.485588806 0.3)
(3.729467626 -5.494422383 0.3)
(3.892745732 -5.503690637 0.3)
(4.064058332 -5.513414958 0.3)
(4.243800782 -5.523617788 0.3)
(4.432387895 -5.534322673 0.3)
(4.630254892 -5.545554317 0.3)
(4.837858414 -5.557338642 0.3)
(5.055677569 -5.569702843 0.3)
(5.284215043 -5.582675454 0.3)
(5.523998255 -5.596286414 0.3)
(5.775580581 -5.610567135 0.3)
(6.039542623 -5.625550572 0.3)
(6.316493556 -5.641271306 0.3)
(6.60707253 -5.657765617 0.3)
(6.911950144 -5.67507157 0.3)
(7.231829999 -5.693229104 0.3)
(7.567450316 -5.712280124 0.3)
(7.919585643 -5.732268595 0.3)
(8.28904864 -5.753240648 0.3)
(8.676691957 -5.77524468 0.3)
(9.083410201 -5.798331475 0.3)
(9.510142 -5.822554311 0.3)
(9.957872169 -5.84796909 0.3)
(10.42763398 -5.874634466 0.3)
(10.92051157 -5.902611975 0.3)
(11.43764238 -5.931966185 0.3)
(11.98021987 -5.96276484 0.3)
(12.54949619 -5.995079018 0.3)
(13.14678514 -6.028983293 0.3)
(13.77346513 -6.064555909 0.3)
(14.43098242 -6.101878963 0.3)
(15.12085444 -6.141038587 0.3)
(15.84467329 -6.182125155 0.3)
(16.60410939 -6.225233488 0.3)
(17.40091538 -6.27046307 0.3)
(18.23693014 -6.317918283 0.3)
(19.11408303 -6.367708645 0.3)
(20.03439834 -6.419949062 0.3)
(21 -6.474760094 0.3)
(1.02896805 -4.905818307 0.3)
(1.059361542 -4.907596311 0.3)
(1.09125062 -4.909461806 0.3)
(1.124708877 -4.911419097 0.3)
(1.159813529 -4.913472701 0.3)
(1.19664559 -4.915627358 0.3)
(1.235290062 -4.917888041 0.3)
(1.275836128 -4.920259965 0.3)
(1.318377361 -4.922748606 0.3)
(1.363011939 -4.925359706 0.3)
(1.409842869 -4.928099292 0.3)
(1.458978229 -4.930973686 0.3)
(1.510531412 -4.933989521 0.3)
(1.564621395 -4.937153758 0.3)
(1.621373006 -4.940473699 0.3)
(1.680917217 -4.943957005 0.3)
(1.743391445 -4.947611716 0.3)
(1.808939869 -4.951446266 0.3)
(1.877713761 -4.955469504 0.3)
(1.949871839 -4.959690715 0.3)
(2.02558063 -4.964119642 0.3)
(2.105014855 -4.968766504 0.3)
(2.188357834 -4.973642026 0.3)
(2.275801905 -4.97875746 0.3)
(2.367548873 -4.984124612 0.3)
(2.463810472 -4.989755867 0.3)
(2.564808856 -4.995664222 0.3)
(2.670777111 -5.001863311 0.3)
(2.781959789 -5.008367442 0.3)
(2.89861348 -5.015191624 0.3)
(3.021007398 -5.022351607 0.3)
(3.149424004 -5.029863914 0.3)
(3.284159661 -5.037745882 0.3)
(3.425525311 -5.046015701 0.3)
(3.5738472 -5.054692457 0.3)
(3.729467626 -5.063796174 0.3)
(3.892745732 -5.073347861 0.3)
(4.064058332 -5.083369562 0.3)
(4.243800782 -5.093884405 0.3)
(4.432387895 -5.104916656 0.3)
(4.630254892 -5.116491776 0.3)
(4.837858414 -5.128636478 0.3)
(5.055677569 -5.141378789 0.3)
(5.284215043 -5.154748116 0.3)
(5.523998255 -5.168775313 0.3)
(5.775580581 -5.183492753 0.3)
(6.039542623 -5.1989344 0.3)
(6.316493556 -5.21513589 0.3)
(6.60707253 -5.232134614 0.3)
(6.911950144 -5.249969801 0.3)
(7.231829999 -5.268682612 0.3)
(7.567450316 -5.288316231 0.3)
(7.919585643 -5.308915971 0.3)
(8.28904864 -5.33052937 0.3)
(8.676691957 -5.35320631 0.3)
(9.083410201 -5.376999122 0.3)
(9.510142 -5.401962718 0.3)
(9.957872169 -5.428154708 0.3)
(10.42763398 -5.455635538 0.3)
(10.92051157 -5.484468628 0.3)
(11.43764238 -5.514720521 0.3)
(11.98021987 -5.546461031 0.3)
(12.54949619 -5.57976341 0.3)
(13.14678514 -5.614704513 0.3)
(13.77346513 -5.651364977 0.3)
(14.43098242 -5.689829408 0.3)
(15.12085444 -5.730186575 0.3)
(15.84467329 -5.772529613 0.3)
(16.60410939 -5.816956243 0.3)
(17.40091538 -5.863568993 0.3)
(18.23693014 -5.912475436 0.3)
(19.11408303 -5.963788439 0.3)
(20.03439834 -6.017626422 0.3)
(21 -6.074113633 0.3)
(1.02896805 -4.501260081 0.3)
(1.059361542 -4.503077295 0.3)
(1.09125062 -4.504983929 0.3)
(1.124708877 -4.506984384 0.3)
(1.159813529 -4.509083276 0.3)
(1.19664559 -4.511285449 0.3)
(1.235290062 -4.513595985 0.3)
(1.275836128 -4.516020217 0.3)
(1.318377361 -4.518563739 0.3)
(1.363011939 -4.521232421 0.3)
(1.409842869 -4.524032422 0.3)
(1.458978229 -4.526970204 0.3)
(1.510531412 -4.530052547 0.3)
(1.564621395 -4.533286564 0.3)
(1.621373006 -4.536679718 0.3)
(1.680917217 -4.540239841 0.3)
(1.743391445 -4.543975148 0.3)
(1.808939869 -4.54789426 0.3)
(1.877713761 -4.552006221 0.3)
(1.949871839 -4.556320522 0.3)
(2.02558063 -4.560847118 0.3)
(2.105014855 -4.565596456 0.3)
(2.188357834 -4.570579497 0.3)
(2.275801905 -4.57580774 0.3)
(2.367548873 -4.581293252 0.3)
(2.463810472 -4.587048692 0.3)
(2.564808856 -4.593087342 0.3)
(2.670777111 -4.599423138 0.3)
(2.781959789 -4.606070702 0.3)
(2.89861348 -4.613045376 0.3)
(3.021007398 -4.620363256 0.3)
(3.149424004 -4.62804123 0.3)
(3.284159661 -4.636097016 0.3)
(3.425525311 -4.644549208 0.3)
(3.5738472 -4.65341731 0.3)
(3.729467626 -4.662721788 0.3)
(3.892745732 -4.672484116 0.3)
(4.064058332 -4.682726822 0.3)
(4.243800782 -4.693473546 0.3)
(4.432387895 -4.704749088 0.3)
(4.630254892 -4.716579471 0.3)
(4.837858414 -4.728991996 0.3)
(5.055677569 -4.74201531 0.3)
(5.284215043 -4.755679467 0.3)
(5.523998255 -4.770016002 0.3)
(5.775580581 -4.785058001 0.3)
(6.039542623 -4.800840178 0.3)
(6.316493556 -4.817398955 0.3)
(6.60707253 -4.834772547 0.3)
(6.911950144 -4.853001048 0.3)
(7.231829999 -4.872126527 0.3)
(7.567450316 -4.892193121 0.3)
(7.919585643 -4.913247141 0.3)
(8.28904864 -4.935337174 0.3)
(8.676691957 -4.958514202 0.3)
(9.083410201 -4.98283171 0.3)
(9.510142 -5.008345821 0.3)
(9.957872169 -5.035115415 0.3)
(10.42763398 -5.063202272 0.3)
(10.92051157 -5.09267121 0.3)
(11.43764238 -5.123590239 0.3)
(11.98021987 -5.156030713 0.3)
(12.54949619 -5.1900675 0.3)
(13.14678514 -5.225779149 0.3)
(13.77346513 -5.263248076 0.3)
(14.43098242 -5.302560752 0.3)
(15.12085444 -5.343807903 0.3)
(15.84467329 -5.38708472 0.3)
(16.60410939 -5.432491078 0.3)
(17.40091538 -5.480131765 0.3)
(18.23693014 -5.530116728 0.3)
(19.11408303 -5.582561321 0.3)
(20.03439834 -5.637586578 0.3)
(21 -5.695319485 0.3)
(1.02896805 -4.125284506 0.3)
(1.059361542 -4.127128873 0.3)
(1.09125062 -4.129063996 0.3)
(1.124708877 -4.131094342 0.3)
(1.159813529 -4.133224596 0.3)
(1.19664559 -4.135459675 0.3)
(1.235290062 -4.137804735 0.3)
(1.275836128 -4.140265191 0.3)
(1.318377361 -4.142846718 0.3)
(1.363011939 -4.145555277 0.3)
(1.409842869 -4.148397116 0.3)
(1.458978229 -4.151378795 0.3)
(1.510531412 -4.154507194 0.3)
(1.564621395 -4.157789534 0.3)
(1.621373006 -4.16123339 0.3)
(1.680917217 -4.164846709 0.3)
(1.743391445 -4.16863783 0.3)
(1.808939869 -4.172615502 0.3)
(1.877713761 -4.176788905 0.3)
(1.949871839 -4.18116767 0.3)
(2.02558063 -4.185761904 0.3)
(2.105014855 -4.190582207 0.3)
(2.188357834 -4.195639706 0.3)
(2.275801905 -4.20094607 0.3)
(2.367548873 -4.206513548 0.3)
(2.463810472 -4.212354986 0.3)
(2.564808856 -4.218483867 0.3)
(2.670777111 -4.224914334 0.3)
(2.781959789 -4.231661227 0.3)
(2.89861348 -4.238740118 0.3)
(3.021007398 -4.246167343 0.3)
(3.149424004 -4.253960042 0.3)
(3.284159661 -4.2621362 0.3)
(3.425525311 -4.270714686 0.3)
(3.5738472 -4.279715296 0.3)
(3.729467626 -4.289158804 0.3)
(3.892745732 -4.299067002 0.3)
(4.064058332 -4.309462757 0.3)
(4.243800782 -4.320370061 0.3)
(4.432387895 -4.331814084 0.3)
(4.630254892 -4.343821238 0.3)
(4.837858414 -4.356419234 0.3)
(5.055677569 -4.369637144 0.3)
(5.284215043 -4.383505474 0.3)
(5.523998255 -4.398056228 0.3)
(5.775580581 -4.413322987 0.3)
(6.039542623 -4.429340984 0.3)
(6.316493556 -4.446147186 0.3)
(6.60707253 -4.463780377 0.3)
(6.911950144 -4.482281252 0.3)
(7.231829999 -4.501692507 0.3)
(7.567450316 -4.522058941 0.3)
(7.919585643 -4.543427553 0.3)
(8.28904864 -4.56584766 0.3)
(8.676691957 -4.589371003 0.3)
(9.083410201 -4.614051868 0.3)
(9.510142 -4.639947215 0.3)
(9.957872169 -4.667116806 0.3)
(10.42763398 -4.695623341 0.3)
(10.92051157 -4.72553261 0.3)
(11.43764238 -4.756913637 0.3)
(11.98021987 -4.789838843 0.3)
(12.54949619 -4.824384213 0.3)
(13.14678514 -4.860629472 0.3)
(13.77346513 -4.898658267 0.3)
(14.43098242 -4.93855836 0.3)
(15.12085444 -4.980421834 0.3)
(15.84467329 -5.024345302 0.3)
(16.60410939 -5.07043013 0.3)
(17.40091538 -5.118782673 0.3)
(18.23693014 -5.16951452 0.3)
(19.11408303 -5.222742751 0.3)
(20.03439834 -5.278590205 0.3)
(21 -5.337185768 0.3)
(1.02896805 -3.775872032 0.3)
(1.059361542 -3.777732854 0.3)
(1.09125062 -3.779685242 0.3)
(1.124708877 -3.781733702 0.3)
(1.159813529 -3.783882962 0.3)
(1.19664559 -3.786137981 0.3)
(1.235290062 -3.788503964 0.3)
(1.275836128 -3.790986371 0.3)
(1.318377361 -3.793590931 0.3)
(1.363011939 -3.796323654 0.3)
(1.409842869 -3.799190848 0.3)
(1.458978229 -3.802199128 0.3)
(1.510531412 -3.805355439 0.3)
(1.564621395 -3.808667063 0.3)
(1.621373006 -3.812141644 0.3)
(1.680917217 -3.8157872 0.3)
(1.743391445 -3.819612144 0.3)
(1.808939869 -3.823625304 0.3)
(1.877713761 -3.827835942 0.3)
(1.949871839 -3.832253774 0.3)
(2.02558063 -3.836888996 0.3)
(2.105014855 -3.841752305 0.3)
(2.188357834 -3.846854925 0.3)
(2.275801905 -3.852208632 0.3)
(2.367548873 -3.857825781 0.3)
(2.463810472 -3.863719336 0.3)
(2.564808856 -3.869902897 0.3)
(2.670777111 -3.876390735 0.3)
(2.781959789 -3.883197823 0.3)
(2.89861348 -3.89033987 0.3)
(3.021007398 -3.897833359 0.3)
(3.149424004 -3.905695583 0.3)
(3.284159661 -3.913944687 0.3)
(3.425525311 -3.922599707 0.3)
(3.5738472 -3.93168062 0.3)
(3.729467626 -3.94120838 0.3)
(3.892745732 -3.951204977 0.3)
(4.064058332 -3.961693481 0.3)
(4.243800782 -3.972698096 0.3)
(4.432387895 -3.984244221 0.3)
(4.630254892 -3.996358501 0.3)
(4.837858414 -4.009068893 0.3)
(5.055677569 -4.02240473 0.3)
(5.284215043 -4.03639679 0.3)
(5.523998255 -4.051077363 0.3)
(5.775580581 -4.066480329 0.3)
(6.039542623 -4.082641235 0.3)
(6.316493556 -4.099597377 0.3)
(6.60707253 -4.117387888 0.3)
(6.911950144 -4.136053824 0.3)
(7.231829999 -4.155638262 0.3)
(7.567450316 -4.1761864 0.3)
(7.919585643 -4.197745658 0.3)
(8.28904864 -4.220365792 0.3)
(8.676691957 -4.244099005 0.3)
(9.083410201 -4.269000068 0.3)
(9.510142 -4.295126447 0.3)
(9.957872169 -4.322538439 0.3)
(10.42763398 -4.351299303 0.3)
(10.92051157 -4.381475416 0.3)
(11.43764238 -4.413136417 0.3)
(11.98021987 -4.446355375 0.3)
(12.54949619 -4.481208951 0.3)
(13.14678514 -4.517777582 0.3)
(13.77346513 -4.556145661 0.3)
(14.43098242 -4.596401734 0.3)
(15.12085444 -4.638638705 0.3)
(15.84467329 -4.682954048 0.3)
(16.60410939 -4.729450034 0.3)
(17.40091538 -4.778233968 0.3)
(18.23693014 -4.829418434 0.3)
(19.11408303 -4.883121554 0.3)
(20.03439834 -4.939467267 0.3)
(21 -4.998585607 0.3)
(1.02896805 -3.451145811 0.3)
(1.059361542 -3.453013625 0.3)
(1.09125062 -3.454973349 0.3)
(1.124708877 -3.457029506 0.3)
(1.159813529 -3.459186841 0.3)
(1.19664559 -3.461450334 0.3)
(1.235290062 -3.463825206 0.3)
(1.275836128 -3.466316941 0.3)
(1.318377361 -3.468931286 0.3)
(1.363011939 -3.471674278 0.3)
(1.409842869 -3.474552244 0.3)
(1.458978229 -3.477571828 0.3)
(1.510531412 -3.480739998 0.3)
(1.564621395 -3.484064066 0.3)
(1.621373006 -3.487551702 0.3)
(1.680917217 -3.491210956 0.3)
(1.743391445 -3.495050272 0.3)
(1.808939869 -3.499078511 0.3)
(1.877713761 -3.503304969 0.3)
(1.949871839 -3.507739401 0.3)
(2.02558063 -3.512392039 0.3)
(2.105014855 -3.517273621 0.3)
(2.188357834 -3.522395414 0.3)
(2.275801905 -3.527769237 0.3)
(2.367548873 -3.533407492 0.3)
(2.463810472 -3.539323191 0.3)
(2.564808856 -3.545529986 0.3)
(2.670777111 -3.552042201 0.3)
(2.781959789 -3.558874866 0.3)
(2.89861348 -3.566043748 0.3)
(3.021007398 -3.573565393 0.3)
(3.149424004 -3.581457159 0.3)
(3.284159661 -3.589737258 0.3)
(3.425525311 -3.598424799 0.3)
(3.5738472 -3.607539831 0.3)
(3.729467626 -3.617103391 0.3)
(3.892745732 -3.627137549 0.3)
(4.064058332 -3.637665462 0.3)
(4.243800782 -3.648711427 0.3)
(4.432387895 -3.660300934 0.3)
(4.630254892 -3.672460732 0.3)
(4.837858414 -3.685218882 0.3)
(5.055677569 -3.698604827 0.3)
(5.284215043 -3.71264946 0.3)
(5.523998255 -3.727385194 0.3)
(5.775580581 -3.742846035 0.3)
(6.039542623 -3.759067663 0.3)
(6.316493556 -3.776087517 0.3)
(6.60707253 -3.793944873 0.3)
(6.911950144 -3.812680944 0.3)
(7.231829999 -3.832338968 0.3)
(7.567450316 -3.852964313 0.3)
(7.919585643 -3.874604579 0.3)
(8.28904864 -3.897309705 0.3)
(8.676691957 -3.921132093 0.3)
(9.083410201 -3.946126718 0.3)
(9.510142 -3.972351265 0.3)
(9.957872169 -3.999866253 0.3)
(10.42763398 -4.028735184 0.3)
(10.92051157 -4.05902468 0.3)
(11.43764238 -4.090804643 0.3)
(11.98021987 -4.124148417 0.3)
(12.54949619 -4.159132952 0.3)
(13.14678514 -4.195838985 0.3)
(13.77346513 -4.234351228 0.3)
(14.43098242 -4.274758559 0.3)
(15.12085444 -4.31715423 0.3)
(15.84467329 -4.361636082 0.3)
(16.60410939 -4.408306772 0.3)
(17.40091538 -4.457274006 0.3)
(18.23693014 -4.508650791 0.3)
(19.11408303 -4.562555695 0.3)
(20.03439834 -4.61911312 0.3)
(21 -4.67845359 0.3)
(1.02896805 -3.149361613 0.3)
(1.059361542 -3.151228077 0.3)
(1.09125062 -3.153186385 0.3)
(1.124708877 -3.155241056 0.3)
(1.159813529 -3.157396832 0.3)
(1.19664559 -3.159658689 0.3)
(1.235290062 -3.162031845 0.3)
(1.275836128 -3.164521779 0.3)
(1.318377361 -3.167134235 0.3)
(1.363011939 -3.169875244 0.3)
(1.409842869 -3.172751131 0.3)
(1.458978229 -3.175768533 0.3)
(1.510531412 -3.178934413 0.3)
(1.564621395 -3.182256078 0.3)
(1.621373006 -3.185741194 0.3)
(1.680917217 -3.189397803 0.3)
(1.743391445 -3.193234344 0.3)
(1.808939869 -3.197259672 0.3)
(1.877713761 -3.201483076 0.3)
(1.949871839 -3.205914303 0.3)
(2.02558063 -3.210563579 0.3)
(2.105014855 -3.215441633 0.3)
(2.188357834 -3.220559724 0.3)
(2.275801905 -3.225929664 0.3)
(2.367548873 -3.231563844 0.3)
(2.463810472 -3.237475267 0.3)
(2.564808856 -3.243677577 0.3)
(2.670777111 -3.250185086 0.3)
(2.781959789 -3.257012812 0.3)
(2.89861348 -3.264176514 0.3)
(3.021007398 -3.271692723 0.3)
(3.149424004 -3.279578785 0.3)
(3.284159661 -3.2878529 0.3)
(3.425525311 -3.296534163 0.3)
(3.5738472 -3.305642608 0.3)
(3.729467626 -3.315199256 0.3)
(3.892745732 -3.325226162 0.3)
(4.064058332 -3.335746467 0.3)
(4.243800782 -3.346784448 0.3)
(4.432387895 -3.35836558 0.3)
(4.630254892 -3.37051659 0.3)
(4.837858414 -3.383265519 0.3)
(5.055677569 -3.396641791 0.3)
(5.284215043 -3.410676274 0.3)
(5.523998255 -3.425401358 0.3)
(5.775580581 -3.440851025 0.3)
(6.039542623 -3.457060931 0.3)
(6.316493556 -3.474068484 0.3)
(6.60707253 -3.491912935 0.3)
(6.911950144 -3.510635465 0.3)
(7.231829999 -3.530279282 0.3)
(7.567450316 -3.550889721 0.3)
(7.919585643 -3.572514347 0.3)
(8.28904864 -3.595203065 0.3)
(8.676691957 -3.619008236 0.3)
(9.083410201 -3.643984798 0.3)
(9.510142 -3.670190392 0.3)
(9.957872169 -3.697685495 0.3)
(10.42763398 -3.726533562 0.3)
(10.92051157 -3.756801168 0.3)
(11.43764238 -3.788558164 0.3)
(11.98021987 -3.82187784 0.3)
(12.54949619 -3.856837092 0.3)
(13.14678514 -3.893516598 0.3)
(13.77346513 -3.932001008 0.3)
(14.43098242 -3.972379136 0.3)
(15.12085444 -4.014744168 0.3)
(15.84467329 -4.059193873 0.3)
(16.60410939 -4.105830834 0.3)
(17.40091538 -4.154762679 0.3)
(18.23693014 -4.206102334 0.3)
(19.11408303 -4.259968281 0.3)
(20.03439834 -4.316484832 0.3)
(21 -4.375782417 0.3)
(1.02896805 -2.868898456 0.3)
(1.059361542 -2.870756246 0.3)
(1.09125062 -2.872705453 0.3)
(1.124708877 -2.874750576 0.3)
(1.159813529 -2.876896333 0.3)
(1.19664559 -2.879147678 0.3)
(1.235290062 -2.881509806 0.3)
(1.275836128 -2.883988168 0.3)
(1.318377361 -2.886588484 0.3)
(1.363011939 -2.889316754 0.3)
(1.409842869 -2.892179276 0.3)
(1.458978229 -2.895182655 0.3)
(1.510531412 -2.898333823 0.3)
(1.564621395 -2.901640051 0.3)
(1.621373006 -2.90510897 0.3)
(1.680917217 -2.908748586 0.3)
(1.743391445 -2.912567298 0.3)
(1.808939869 -2.916573919 0.3)
(1.877713761 -2.920777696 0.3)
(1.949871839 -2.925188329 0.3)
(2.02558063 -2.929815998 0.3)
(2.105014855 -2.934671383 0.3)
(2.188357834 -2.939765689 0.3)
(2.275801905 -2.945110673 0.3)
(2.367548873 -2.950718669 0.3)
(2.463810472 -2.956602621 0.3)
(2.564808856 -2.962776106 0.3)
(2.670777111 -2.969253373 0.3)
(2.781959789 -2.976049369 0.3)
(2.89861348 -2.983179779 0.3)
(3.021007398 -2.990661058 0.3)
(3.149424004 -2.998510471 0.3)
(3.284159661 -3.006746134 0.3)
(3.425525311 -3.015387052 0.3)
(3.5738472 -3.024453168 0.3)
(3.729467626 -3.033965403 0.3)
(3.892745732 -3.043945712 0.3)
(4.064058332 -3.054417125 0.3)
(4.243800782 -3.06540381 0.3)
(4.432387895 -3.076931121 0.3)
(4.630254892 -3.089025662 0.3)
(4.837858414 -3.101715343 0.3)
(5.055677569 -3.115029451 0.3)
(5.284215043 -3.128998712 0.3)
(5.523998255 -3.143655364 0.3)
(5.775580581 -3.159033232 0.3)
(6.039542623 -3.175167806 0.3)
(6.316493556 -3.19209632 0.3)
(6.60707253 -3.209857842 0.3)
(6.911950144 -3.228493363 0.3)
(7.231829999 -3.24804589 0.3)
(7.567450316 -3.268560547 0.3)
(7.919585643 -3.290084677 0.3)
(8.28904864 -3.312667953 0.3)
(8.676691957 -3.336362495 0.3)
(9.083410201 -3.361222983 0.3)
(9.510142 -3.387306792 0.3)
(9.957872169 -3.414674118 0.3)
(10.42763398 -3.44338812 0.3)
(10.92051157 -3.473515063 0.3)
(11.43764238 -3.505124475 0.3)
(11.98021987 -3.538289305 0.3)
(12.54949619 -3.573086091 0.3)
(13.14678514 -3.609595137 0.3)
(13.77346513 -3.647900698 0.3)
(14.43098242 -3.688091178 0.3)
(15.12085444 -3.730259327 0.3)
(15.84467329 -3.774502462 0.3)
(16.60410939 -3.820922687 0.3)
(17.40091538 -3.869627132 0.3)
(18.23693014 -3.920728197 0.3)
(19.11408303 -3.974343813 0.3)
(20.03439834 -4.030597715 0.3)
(21 -4.089619727 0.3)
(1.02896805 -2.608249896 0.3)
(1.059361542 -2.61009261 0.3)
(1.09125062 -2.612025999 0.3)
(1.124708877 -2.614054525 0.3)
(1.159813529 -2.61618287 0.3)
(1.19664559 -2.618415946 0.3)
(1.235290062 -2.620758905 0.3)
(1.275836128 -2.623217155 0.3)
(1.318377361 -2.62579637 0.3)
(1.363011939 -2.6285025 0.3)
(1.409842869 -2.631341793 0.3)
(1.458978229 -2.6343208 0.3)
(1.510531412 -2.637446396 0.3)
(1.564621395 -2.640725794 0.3)
(1.621373006 -2.644166564 0.3)
(1.680917217 -2.647776644 0.3)
(1.743391445 -2.651564368 0.3)
(1.808939869 -2.655538475 0.3)
(1.877713761 -2.659708139 0.3)
(1.949871839 -2.66408298 0.3)
(2.02558063 -2.668673096 0.3)
(2.105014855 -2.67348908 0.3)
(2.188357834 -2.678542046 0.3)
(2.275801905 -2.683843655 0.3)
(2.367548873 -2.689406143 0.3)
(2.463810472 -2.695242347 0.3)
(2.564808856 -2.701365735 0.3)
(2.670777111 -2.707790439 0.3)
(2.781959789 -2.714531287 0.3)
(2.89861348 -2.721603834 0.3)
(3.021007398 -2.729024402 0.3)
(3.149424004 -2.736810118 0.3)
(3.284159661 -2.744978949 0.3)
(3.425525311 -2.753549747 0.3)
(3.5738472 -2.762542292 0.3)
(3.729467626 -2.771977337 0.3)
(3.892745732 -2.781876655 0.3)
(4.064058332 -2.792263094 0.3)
(4.243800782 -2.803160623 0.3)
(4.432387895 -2.814594391 0.3)
(4.630254892 -2.826590785 0.3)
(4.837858414 -2.839177491 0.3)
(5.055677569 -2.852383556 0.3)
(5.284215043 -2.866239457 0.3)
(5.523998255 -2.880777171 0.3)
(5.775580581 -2.896030249 0.3)
(6.039542623 -2.912033892 0.3)
(6.316493556 -2.928825032 0.3)
(6.60707253 -2.946442421 0.3)
(6.911950144 -2.964926717 0.3)
(7.231829999 -2.984320576 0.3)
(7.567450316 -3.004668758 0.3)
(7.919585643 -3.026018221 0.3)
(8.28904864 -3.048418236 0.3)
(8.676691957 -3.071920498 0.3)
(9.083410201 -3.096579245 0.3)
(9.510142 -3.122451386 0.3)
(9.957872169 -3.149596628 0.3)
(10.42763398 -3.178077618 0.3)
(10.92051157 -3.207960083 0.3)
(11.43764238 -3.239312988 0.3)
(11.98021987 -3.272208688 0.3)
(12.54949619 -3.3067231 0.3)
(13.14678514 -3.342935877 0.3)
(13.77346513 -3.380930592 0.3)
(14.43098242 -3.420794929 0.3)
(15.12085444 -3.462620886 0.3)
(15.84467329 -3.506504992 0.3)
(16.60410939 -3.55254852 0.3)
(17.40091538 -3.600857732 0.3)
(18.23693014 -3.651544116 0.3)
(19.11408303 -3.704724645 0.3)
(20.03439834 -3.760522051 0.3)
(21 -3.819065104 0.3)
(1.02896805 -2.366015931 0.3)
(1.059361542 -2.367838002 0.3)
(1.09125062 -2.369749733 0.3)
(1.124708877 -2.371755536 0.3)
(1.159813529 -2.373860038 0.3)
(1.19664559 -2.376068098 0.3)
(1.235290062 -2.378384811 0.3)
(1.275836128 -2.380815523 0.3)
(1.318377361 -2.383365844 0.3)
(1.363011939 -2.38604166 0.3)
(1.409842869 -2.388849146 0.3)
(1.458978229 -2.391794781 0.3)
(1.510531412 -2.394885364 0.3)
(1.564621395 -2.398128026 0.3)
(1.621373006 -2.40153025 0.3)
(1.680917217 -2.40509989 0.3)
(1.743391445 -2.408845182 0.3)
(1.808939869 -2.412774771 0.3)
(1.877713761 -2.416897724 0.3)
(1.949871839 -2.421223557 0.3)
(2.02558063 -2.425762253 0.3)
(2.105014855 -2.430524287 0.3)
(2.188357834 -2.435520649 0.3)
(2.275801905 -2.440762868 0.3)
(2.367548873 -2.446263043 0.3)
(2.463810472 -2.452033868 0.3)
(2.564808856 -2.45808866 0.3)
(2.670777111 -2.464441393 0.3)
(2.781959789 -2.471106727 0.3)
(2.89861348 -2.478100046 0.3)
(3.021007398 -2.485437487 0.3)
(3.149424004 -2.493135985 0.3)
(3.284159661 -2.501213307 0.3)
(3.425525311 -2.509688092 0.3)
(3.5738472 -2.5185799 0.3)
(3.729467626 -2.52790925 0.3)
(3.892745732 -2.537697674 0.3)
(4.064058332 -2.547967761 0.3)
(4.243800782 -2.558743213 0.3)
(4.432387895 -2.570048896 0.3)
(4.630254892 -2.581910903 0.3)
(4.837858414 -2.594356609 0.3)
(5.055677569 -2.607414736 0.3)
(5.284215043 -2.62111542 0.3)
(5.523998255 -2.635490278 0.3)
(5.775580581 -2.650572487 0.3)
(6.039542623 -2.666396852 0.3)
(6.316493556 -2.682999893 0.3)
(6.60707253 -2.700419928 0.3)
(6.911950144 -2.718697156 0.3)
(7.231829999 -2.737873761 0.3)
(7.567450316 -2.757993996 0.3)
(7.919585643 -2.779104296 0.3)
(8.28904864 -2.80125338 0.3)
(8.676691957 -2.824492363 0.3)
(9.083410201 -2.848874876 0.3)
(9.510142 -2.87445719 0.3)
(9.957872169 -2.901298343 0.3)
(10.42763398 -2.929460281 0.3)
(10.92051157 -2.959007994 0.3)
(11.43764238 -2.990009674 0.3)
(11.98021987 -3.022536867 0.3)
(12.54949619 -3.056664639 0.3)
(13.14678514 -3.092471751 0.3)
(13.77346513 -3.130040838 0.3)
(14.43098242 -3.169458603 0.3)
(15.12085444 -3.210816015 0.3)
(15.84467329 -3.254208517 0.3)
(16.60410939 -3.299736253 0.3)
(17.40091538 -3.347504292 0.3)
(18.23693014 -3.397622872 0.3)
(19.11408303 -3.450207658 0.3)
(20.03439834 -3.505380005 0.3)
(21 -3.563267242 0.3)
(1.02896805 -2.140895485 0.3)
(1.059361542 -2.142692102 0.3)
(1.09125062 -2.144577127 0.3)
(1.124708877 -2.146554908 0.3)
(1.159813529 -2.148630011 0.3)
(1.19664559 -2.150807224 0.3)
(1.235290062 -2.153091573 0.3)
(1.275836128 -2.155488328 0.3)
(1.318377361 -2.158003021 0.3)
(1.363011939 -2.160641456 0.3)
(1.409842869 -2.163409722 0.3)
(1.458978229 -2.166314207 0.3)
(1.510531412 -2.169361614 0.3)
(1.564621395 -2.172558976 0.3)
(1.621373006 -2.175913672 0.3)
(1.680917217 -2.179433444 0.3)
(1.743391445 -2.183126414 0.3)
(1.808939869 -2.187001107 0.3)
(1.877713761 -2.191066463 0.3)
(1.949871839 -2.195331864 0.3)
(2.02558063 -2.199807155 0.3)
(2.105014855 -2.204502664 0.3)
(2.188357834 -2.209429226 0.3)
(2.275801905 -2.214598212 0.3)
(2.367548873 -2.22002155 0.3)
(2.463810472 -2.225711757 0.3)
(2.564808856 -2.231681964 0.3)
(2.670777111 -2.23794595 0.3)
(2.781959789 -2.24451817 0.3)
(2.89861348 -2.251413792 0.3)
(3.021007398 -2.25864873 0.3)
(3.149424004 -2.26623968 0.3)
(3.284159661 -2.274204162 0.3)
(3.425525311 -2.282560555 0.3)
(3.5738472 -2.291328145 0.3)
(3.729467626 -2.300527165 0.3)
(3.892745732 -2.310178845 0.3)
(4.064058332 -2.32030546 0.3)
(4.243800782 -2.330930379 0.3)
(4.432387895 -2.342078123 0.3)
(4.630254892 -2.353774418 0.3)
(4.837858414 -2.366046258 0.3)
(5.055677569 -2.378921964 0.3)
(5.284215043 -2.39243125 0.3)
(5.523998255 -2.406605293 0.3)
(5.775580581 -2.421476804 0.3)
(6.039542623 -2.437080104 0.3)
(6.316493556 -2.453451201 0.3)
(6.60707253 -2.470627879 0.3)
(6.911950144 -2.488649776 0.3)
(7.231829999 -2.507558484 0.3)
(7.567450316 -2.527397641 0.3)
(7.919585643 -2.548213032 0.3)
(8.28904864 -2.570052694 0.3)
(8.676691957 -2.59296703 0.3)
(9.083410201 -2.617008921 0.3)
(9.510142 -2.642233851 0.3)
(9.957872169 -2.668700035 0.3)
(10.42763398 -2.696468552 0.3)
(10.92051157 -2.725603486 0.3)
(11.43764238 -2.756172075 0.3)
(11.98021987 -2.788244865 0.3)
(12.54949619 -2.821895874 0.3)
(13.14678514 -2.857202762 0.3)
(13.77346513 -2.894247012 0.3)
(14.43098242 -2.933114113 0.3)
(15.12085444 -2.973893764 0.3)
(15.84467329 -3.016680076 0.3)
(16.60410939 -3.061571792 0.3)
(17.40091538 -3.108672514 0.3)
(18.23693014 -3.158090941 0.3)
(19.11408303 -3.209941121 0.3)
(20.03439834 -3.264342714 0.3)
(21 -3.321421269 0.3)
(1.02896805 -1.931679414 0.3)
(1.059361542 -1.933446448 0.3)
(1.09125062 -1.935300432 0.3)
(1.124708877 -1.937245647 0.3)
(1.159813529 -1.93928658 0.3)
(1.19664559 -1.941427943 0.3)
(1.235290062 -1.943674676 0.3)
(1.275836128 -1.946031966 0.3)
(1.318377361 -1.948505251 0.3)
(1.363011939 -1.951100241 0.3)
(1.409842869 -1.953822923 0.3)
(1.458978229 -1.956679581 0.3)
(1.510531412 -1.959676809 0.3)
(1.564621395 -1.962821522 0.3)
(1.621373006 -1.966120978 0.3)
(1.680917217 -1.969582792 0.3)
(1.743391445 -1.973214953 0.3)
(1.808939869 -1.977025843 0.3)
(1.877713761 -1.981024257 0.3)
(1.949871839 -1.985219423 0.3)
(2.02558063 -1.989621022 0.3)
(2.105014855 -1.994239213 0.3)
(2.188357834 -1.999084653 0.3)
(2.275801905 -2.004168524 0.3)
(2.367548873 -2.009502559 0.3)
(2.463810472 -2.015099069 0.3)
(2.564808856 -2.020970968 0.3)
(2.670777111 -2.027131809 0.3)
(2.781959789 -2.033595808 0.3)
(2.89861348 -2.040377885 0.3)
(3.021007398 -2.047493689 0.3)
(3.149424004 -2.054959644 0.3)
(3.284159661 -2.06279298 0.3)
(3.425525311 -2.071011773 0.3)
(3.5738472 -2.079634993 0.3)
(3.729467626 -2.088682538 0.3)
(3.892745732 -2.09817529 0.3)
(4.064058332 -2.108135156 0.3)
(4.243800782 -2.118585121 0.3)
(4.432387895 -2.129549302 0.3)
(4.630254892 -2.141053002 0.3)
(4.837858414 -2.153122769 0.3)
(5.055677569 -2.165786459 0.3)
(5.284215043 -2.179073295 0.3)
(5.523998255 -2.193013943 0.3)
(5.775580581 -2.207640574 0.3)
(6.039542623 -2.222986944 0.3)
(6.316493556 -2.239088469 0.3)
(6.60707253 -2.255982309 0.3)
(6.911950144 -2.273707451 0.3)
(7.231829999 -2.292304801 0.3)
(7.567450316 -2.311817279 0.3)
(7.919585643 -2.332289916 0.3)
(8.28904864 -2.353769958 0.3)
(8.676691957 -2.376306977 0.3)
(9.083410201 -2.399952985 0.3)
(9.510142 -2.424762553 0.3)
(9.957872169 -2.450792935 0.3)
(10.42763398 -2.478104204 0.3)
(10.92051157 -2.506759391 0.3)
(11.43764238 -2.536824626 0.3)
(11.98021987 -2.568369293 0.3)
(12.54949619 -2.601466192 0.3)
(13.14678514 -2.636191704 0.3)
(13.77346513 -2.672625969 0.3)
(14.43098242 -2.71085307 0.3)
(15.12085444 -2.750961227 0.3)
(15.84467329 -2.793043004 0.3)
(16.60410939 -2.837195516 0.3)
(17.40091538 -2.88352066 0.3)
(18.23693014 -2.932125344 0.3)
(19.11408303 -2.983121739 0.3)
(20.03439834 -3.036627535 0.3)
(21 -3.092766213 0.3)
(1.02896805 -1.73724401 0.3)
(1.059361542 -1.738977945 0.3)
(1.09125062 -1.740797203 0.3)
(1.124708877 -1.742705982 0.3)
(1.159813529 -1.744708687 0.3)
(1.19664559 -1.74680994 0.3)
(1.235290062 -1.74901459 0.3)
(1.275836128 -1.751327725 0.3)
(1.318377361 -1.753754684 0.3)
(1.363011939 -1.756301067 0.3)
(1.409842869 -1.758972751 0.3)
(1.458978229 -1.761775901 0.3)
(1.510531412 -1.764716988 0.3)
(1.564621395 -1.767802797 0.3)
(1.621373006 -1.771040452 0.3)
(1.680917217 -1.774437423 0.3)
(1.743391445 -1.77800155 0.3)
(1.808939869 -1.781741059 0.3)
(1.877713761 -1.785664579 0.3)
(1.949871839 -1.789781166 0.3)
(2.02558063 -1.794100319 0.3)
(2.105014855 -1.798632007 0.3)
(2.188357834 -1.803386687 0.3)
(2.275801905 -1.808375333 0.3)
(2.367548873 -1.813609457 0.3)
(2.463810472 -1.819101139 0.3)
(2.564808856 -1.824863053 0.3)
(2.670777111 -1.830908495 0.3)
(2.781959789 -1.837251418 0.3)
(2.89861348 -1.84390646 0.3)
(3.021007398 -1.850888979 0.3)
(3.149424004 -1.85821509 0.3)
(3.284159661 -1.8659017 0.3)
(3.425525311 -1.873966548 0.3)
(3.5738472 -1.882428247 0.3)
(3.729467626 -1.891306324 0.3)
(3.892745732 -1.900621268 0.3)
(4.064058332 -1.910394576 0.3)
(4.243800782 -1.920648804 0.3)
(4.432387895 -1.931407616 0.3)
(4.630254892 -1.942695841 0.3)
(4.837858414 -1.954539531 0.3)
(5.055677569 -1.966966018 0.3)
(5.284215043 -1.980003981 0.3)
(5.523998255 -1.993683507 0.3)
(5.775580581 -2.008036169 0.3)
(6.039542623 -2.023095087 0.3)
(6.316493556 -2.038895016 0.3)
(6.60707253 -2.055472419 0.3)
(6.911950144 -2.072865553 0.3)
(7.231829999 -2.091114558 0.3)
(7.567450316 -2.11026155 0.3)
(7.919585643 -2.130350715 0.3)
(8.28904864 -2.151428417 0.3)
(8.676691957 -2.173543298 0.3)
(9.083410201 -2.196746395 0.3)
(9.510142 -2.221091256 0.3)
(9.957872169 -2.246634066 0.3)
(10.42763398 -2.273433771 0.3)
(10.92051157 -2.30155222 0.3)
(11.43764238 -2.331054306 0.3)
(11.98021987 -2.362008113 0.3)
(12.54949619 -2.394485077 0.3)
(13.14678514 -2.428560149 0.3)
(13.77346513 -2.464311967 0.3)
(14.43098242 -2.50182304 0.3)
(15.12085444 -2.541179936 0.3)
(15.84467329 -2.582473483 0.3)
(16.60410939 -2.625798979 0.3)
(17.40091538 -2.67125641 0.3)
(18.23693014 -2.718950685 0.3)
(19.11408303 -2.768991872 0.3)
(20.03439834 -2.821495456 0.3)
(21 -2.876582606 0.3)
(1.02896805 -1.556544963 0.3)
(1.059361542 -1.55824284 0.3)
(1.09125062 -1.560024265 0.3)
(1.124708877 -1.56189335 0.3)
(1.159813529 -1.563854407 0.3)
(1.19664559 -1.565911963 0.3)
(1.235290062 -1.568070766 0.3)
(1.275836128 -1.570335798 0.3)
(1.318377361 -1.572712286 0.3)
(1.363011939 -1.575205716 0.3)
(1.409842869 -1.57782184 0.3)
(1.458978229 -1.580566697 0.3)
(1.510531412 -1.583446622 0.3)
(1.564621395 -1.58646826 0.3)
(1.621373006 -1.589638585 0.3)
(1.680917217 -1.592964914 0.3)
(1.743391445 -1.596454923 0.3)
(1.808939869 -1.600116666 0.3)
(1.877713761 -1.603958594 0.3)
(1.949871839 -1.607989573 0.3)
(2.02558063 -1.612218907 0.3)
(2.105014855 -1.616656355 0.3)
(2.188357834 -1.621312158 0.3)
(2.275801905 -1.626197062 0.3)
(2.367548873 -1.631322338 0.3)
(2.463810472 -1.636699817 0.3)
(2.564808856 -1.642341908 0.3)
(2.670777111 -1.648261631 0.3)
(2.781959789 -1.654472648 0.3)
(2.89861348 -1.660989294 0.3)
(3.021007398 -1.667826607 0.3)
(3.149424004 -1.675000366 0.3)
(3.284159661 -1.682527128 0.3)
(3.425525311 -1.690424262 0.3)
(3.5738472 -1.698709993 0.3)
(3.729467626 -1.707403445 0.3)
(3.892745732 -1.716524678 0.3)
(4.064058332 -1.726094744 0.3)
(4.243800782 -1.736135728 0.3)
(4.432387895 -1.746670803 0.3)
(4.630254892 -1.757724282 0.3)
(4.837858414 -1.769321673 0.3)
(5.055677569 -1.781489743 0.3)
(5.284215043 -1.794256572 0.3)
(5.523998255 -1.807651624 0.3)
(5.775580581 -1.821705811 0.3)
(6.039542623 -1.836451569 0.3)
(6.316493556 -1.851922928 0.3)
(6.60707253 -1.868155592 0.3)
(6.911950144 -1.885187023 0.3)
(7.231829999 -1.903056528 0.3)
(7.567450316 -1.921805344 0.3)
(7.919585643 -1.941476742 0.3)
(8.28904864 -1.962116118 0.3)
(8.676691957 -1.983771105 0.3)
(9.083410201 -2.006491677 0.3)
(9.510142 -2.030330271 0.3)
(9.957872169 -2.055341899 0.3)
(10.42763398 -2.081584286 0.3)
(10.92051157 -2.109117993 0.3)
(11.43764238 -2.138006562 0.3)
(11.98021987 -2.168316663 0.3)
(12.54949619 -2.200118247 0.3)
(13.14678514 -2.233484704 0.3)
(13.77346513 -2.268493038 0.3)
(14.43098242 -2.305224042 0.3)
(15.12085444 -2.343762483 0.3)
(15.84467329 -2.384197302 0.3)
(16.60410939 -2.426621815 0.3)
(17.40091538 -2.471133927 0.3)
(18.23693014 -2.517836366 0.3)
(19.11408303 -2.566836912 0.3)
(20.03439834 -2.618248648 0.3)
(21 -2.672190222 0.3)
(1.02896805 -1.388611756 0.3)
(1.059361542 -1.390271112 0.3)
(1.09125062 -1.392012122 0.3)
(1.124708877 -1.393838802 0.3)
(1.159813529 -1.395755368 0.3)
(1.19664559 -1.397766243 0.3)
(1.235290062 -1.399876068 0.3)
(1.275836128 -1.402089713 0.3)
(1.318377361 -1.404412285 0.3)
(1.363011939 -1.406849144 0.3)
(1.409842869 -1.409405916 0.3)
(1.458978229 -1.412088499 0.3)
(1.510531412 -1.414903086 0.3)
(1.564621395 -1.417856171 0.3)
(1.621373006 -1.42095457 0.3)
(1.680917217 -1.424205433 0.3)
(1.743391445 -1.427616262 0.3)
(1.808939869 -1.43119493 0.3)
(1.877713761 -1.434949695 0.3)
(1.949871839 -1.438889222 0.3)
(2.02558063 -1.443022603 0.3)
(2.105014855 -1.447359377 0.3)
(2.188357834 -1.451909552 0.3)
(2.275801905 -1.45668363 0.3)
(2.367548873 -1.461692628 0.3)
(2.463810472 -1.466948105 0.3)
(2.564808856 -1.472462191 0.3)
(2.670777111 -1.478247612 0.3)
(2.781959789 -1.484317717 0.3)
(2.89861348 -1.490686517 0.3)
(3.021007398 -1.497368709 0.3)
(3.149424004 -1.504379715 0.3)
(3.284159661 -1.511735714 0.3)
(3.425525311 -1.519453683 0.3)
(3.5738472 -1.527551433 0.3)
(3.729467626 -1.536047652 0.3)
(3.892745732 -1.544961949 0.3)
(4.064058332 -1.554314895 0.3)
(4.243800782 -1.564128075 0.3)
(4.432387895 -1.574424137 0.3)
(4.630254892 -1.585226841 0.3)
(4.837858414 -1.596561118 0.3)
(5.055677569 -1.608453126 0.3)
(5.284215043 -1.620930309 0.3)
(5.523998255 -1.634021462 0.3)
(5.775580581 -1.647756797 0.3)
(6.039542623 -1.662168012 0.3)
(6.316493556 -1.677288366 0.3)
(6.60707253 -1.693152753 0.3)
(6.911950144 -1.709797786 0.3)
(7.231829999 -1.727261878 0.3)
(7.567450316 -1.745585333 0.3)
(7.919585643 -1.764810438 0.3)
(8.28904864 -1.78498156 0.3)
(8.676691957 -1.806145252 0.3)
(9.083410201 -1.828350354 0.3)
(9.510142 -1.851648112 0.3)
(9.957872169 -1.876092292 0.3)
(10.42763398 -1.901739308 0.3)
(10.92051157 -1.928648346 0.3)
(11.43764238 -1.95688151 0.3)
(11.98021987 -1.986503954 0.3)
(12.54949619 -2.017584042 0.3)
(13.14678514 -2.050193501 0.3)
(13.77346513 -2.084407588 0.3)
(14.43098242 -2.120305261 0.3)
(15.12085444 -2.157969366 0.3)
(15.84467329 -2.197486825 0.3)
(16.60410939 -2.238948836 0.3)
(17.40091538 -2.282451085 0.3)
(18.23693014 -2.328093967 0.3)
(19.11408303 -2.375982818 0.3)
(20.03439834 -2.426228156 0.3)
(21 -2.478945937 0.3)
(1.02896805 -1.232542442 0.3)
(1.059361542 -1.234161264 0.3)
(1.09125062 -1.235859743 0.3)
(1.124708877 -1.237641801 0.3)
(1.159813529 -1.239511549 0.3)
(1.19664559 -1.241473302 0.3)
(1.235290062 -1.243531588 0.3)
(1.275836128 -1.245691157 0.3)
(1.318377361 -1.247956993 0.3)
(1.363011939 -1.250334324 0.3)
(1.409842869 -1.252828638 0.3)
(1.458978229 -1.255445691 0.3)
(1.510531412 -1.258191522 0.3)
(1.564621395 -1.261072469 0.3)
(1.621373006 -1.264095179 0.3)
(1.680917217 -1.267266629 0.3)
(1.743391445 -1.270594139 0.3)
(1.808939869 -1.274085386 0.3)
(1.877713761 -1.277748428 0.3)
(1.949871839 -1.28159172 0.3)
(2.02558063 -1.285624129 0.3)
(2.105014855 -1.289854964 0.3)
(2.188357834 -1.294293986 0.3)
(2.275801905 -1.298951442 0.3)
(2.367548873 -1.303838079 0.3)
(2.463810472 -1.308965175 0.3)
(2.564808856 -1.314344562 0.3)
(2.670777111 -1.319988654 0.3)
(2.781959789 -1.325910478 0.3)
(2.89861348 -1.332123699 0.3)
(3.021007398 -1.338642658 0.3)
(3.149424004 -1.345482397 0.3)
(3.284159661 -1.352658702 0.3)
(3.425525311 -1.360188134 0.3)
(3.5738472 -1.368088071 0.3)
(3.729467626 -1.376376743 0.3)
(3.892745732 -1.385073279 0.3)
(4.064058332 -1.394197749 0.3)
(4.243800782 -1.403771211 0.3)
(4.432387895 -1.413815758 0.3)
(4.630254892 -1.424354572 0.3)
(4.837858414 -1.435411973 0.3)
(5.055677569 -1.44701348 0.3)
(5.284215043 -1.459185868 0.3)
(5.523998255 -1.471957227 0.3)
(5.775580581 -1.485357032 0.3)
(6.039542623 -1.499416207 0.3)
(6.316493556 -1.514167198 0.3)
(6.60707253 -1.529644046 0.3)
(6.911950144 -1.545882471 0.3)
(7.231829999 -1.562919946 0.3)
(7.567450316 -1.580795792 0.3)
(7.919585643 -1.599551261 0.3)
(8.28904864 -1.61922964 0.3)
(8.676691957 -1.63987634 0.3)
(9.083410201 -1.661539011 0.3)
(9.510142 -1.684267646 0.3)
(9.957872169 -1.708114699 0.3)
(10.42763398 -1.733135203 0.3)
(10.92051157 -1.759386902 0.3)
(11.43764238 -1.78693038 0.3)
(11.98021987 -1.8158292 0.3)
(12.54949619 -1.846150058 0.3)
(13.14678514 -1.877962926 0.3)
(13.77346513 -1.911341223 0.3)
(14.43098242 -1.94636198 0.3)
(15.12085444 -1.983106019 0.3)
(15.84467329 -2.021658136 0.3)
(16.60410939 -2.062107304 0.3)
(17.40091538 -2.104546871 0.3)
(18.23693014 -2.149074779 0.3)
(19.11408303 -2.195793791 0.3)
(20.03439834 -2.244811725 0.3)
(21 -2.296241705 0.3)
(1.02896805 -1.087498808 0.3)
(1.059361542 -1.08907548 0.3)
(1.09125062 -1.090729737 0.3)
(1.124708877 -1.092465395 0.3)
(1.159813529 -1.09428646 0.3)
(1.19664559 -1.096197135 0.3)
(1.235290062 -1.09820183 0.3)
(1.275836128 -1.10030517 0.3)
(1.318377361 -1.102512011 0.3)
(1.363011939 -1.104827444 0.3)
(1.409842869 -1.107256814 0.3)
(1.458978229 -1.109805727 0.3)
(1.510531412 -1.112480065 0.3)
(1.564621395 -1.115286001 0.3)
(1.621373006 -1.118230009 0.3)
(1.680917217 -1.121318885 0.3)
(1.743391445 -1.124559756 0.3)
(1.808939869 -1.127960102 0.3)
(1.877713761 -1.13152777 0.3)
(1.949871839 -1.135270994 0.3)
(2.02558063 -1.139198412 0.3)
(2.105014855 -1.143319089 0.3)
(2.188357834 -1.147642533 0.3)
(2.275801905 -1.152178723 0.3)
(2.367548873 -1.156938127 0.3)
(2.463810472 -1.161931729 0.3)
(2.564808856 -1.167171054 0.3)
(2.670777111 -1.172668192 0.3)
(2.781959789 -1.178435829 0.3)
(2.89861348 -1.184487278 0.3)
(3.021007398 -1.190836503 0.3)
(3.149424004 -1.197498156 0.3)
(3.284159661 -1.204487613 0.3)
(3.425525311 -1.211821002 0.3)
(3.5738472 -1.219515249 0.3)
(3.729467626 -1.227588109 0.3)
(3.892745732 -1.236058215 0.3)
(4.064058332 -1.244945112 0.3)
(4.243800782 -1.254269311 0.3)
(4.432387895 -1.264052329 0.3)
(4.630254892 -1.274316744 0.3)
(4.837858414 -1.285086245 0.3)
(5.055677569 -1.296385685 0.3)
(5.284215043 -1.308241142 0.3)
(5.523998255 -1.320679974 0.3)
(5.775580581 -1.33373089 0.3)
(6.039542623 -1.347424008 0.3)
(6.316493556 -1.361790928 0.3)
(6.60707253 -1.376864808 0.3)
(6.911950144 -1.392680434 0.3)
(7.231829999 -1.409274306 0.3)
(7.567450316 -1.426684721 0.3)
(7.919585643 -1.444951856 0.3)
(8.28904864 -1.46411787 0.3)
(8.676691957 -1.484226995 0.3)
(9.083410201 -1.505325637 0.3)
(9.510142 -1.527462489 0.3)
(9.957872169 -1.550688638 0.3)
(10.42763398 -1.575057687 0.3)
(10.92051157 -1.600625873 0.3)
(11.43764238 -1.627452204 0.3)
(11.98021987 -1.655598589 0.3)
(12.54949619 -1.685129985 0.3)
(13.14678514 -1.716114545 0.3)
(13.77346513 -1.748623775 0.3)
(14.43098242 -1.7827327 0.3)
(15.12085444 -1.818520038 0.3)
(15.84467329 -1.856068378 0.3)
(16.60410939 -1.895464375 0.3)
(17.40091538 -1.936798947 0.3)
(18.23693014 -1.980167487 0.3)
(19.11408303 -2.025670081 0.3)
(20.03439834 -2.07341174 0.3)
(21 -2.123502642 0.3)
(1.02896805 -0.9527018627 0.3)
(1.059361542 -0.9542351304 0.3)
(1.09125062 -0.9558438463 0.3)
(1.124708877 -0.9575317229 0.3)
(1.159813529 -0.9593026555 0.3)
(1.19664559 -0.9611607312 0.3)
(1.235290062 -0.9631102379 0.3)
(1.275836128 -0.9651556749 0.3)
(1.318377361 -0.9673017625 0.3)
(1.363011939 -0.9695534536 0.3)
(1.409842869 -0.9719159446 0.3)
(1.458978229 -0.9743946877 0.3)
(1.510531412 -0.9769954033 0.3)
(1.564621395 -0.9797240934 0.3)
(1.621373006 -0.9825870553 0.3)
(1.680917217 -0.9855908962 0.3)
(1.743391445 -0.9887425483 0.3)
(1.808939869 -0.9920492851 0.3)
(1.877713761 -0.9955187379 0.3)
(1.949871839 -0.9991589135 0.3)
(2.02558063 -1.002978213 0.3)
(2.105014855 -1.00698545 0.3)
(2.188357834 -1.011189873 0.3)
(2.275801905 -1.015601184 0.3)
(2.367548873 -1.020229565 0.3)
(2.463810472 -1.025085697 0.3)
(2.564808856 -1.030180786 0.3)
(2.670777111 -1.035526592 0.3)
(2.781959789 -1.041135451 0.3)
(2.89861348 -1.047020307 0.3)
(3.021007398 -1.053194742 0.3)
(3.149424004 -1.059673005 0.3)
(3.284159661 -1.066470046 0.3)
(3.425525311 -1.073601552 0.3)
(3.5738472 -1.081083982 0.3)
(3.729467626 -1.088934602 0.3)
(3.892745732 -1.097171531 0.3)
(4.064058332 -1.105813778 0.3)
(4.243800782 -1.114881288 0.3)
(4.432387895 -1.124394987 0.3)
(4.630254892 -1.13437683 0.3)
(4.837858414 -1.144849854 0.3)
(5.055677569 -1.155838228 0.3)
(5.284215043 -1.167367312 0.3)
(5.523998255 -1.179463712 0.3)
(5.775580581 -1.192155345 0.3)
(6.039542623 -1.2054715 0.3)
(6.316493556 -1.219442909 0.3)
(6.60707253 -1.234101815 0.3)
(6.911950144 -1.249482048 0.3)
(7.231829999 -1.265619103 0.3)
(7.567450316 -1.28255022 0.3)
(7.919585643 -1.300314474 0.3)
(8.28904864 -1.318952861 0.3)
(8.676691957 -1.338508395 0.3)
(9.083410201 -1.359026206 0.3)
(9.510142 -1.380553646 0.3)
(9.957872169 -1.403140395 0.3)
(10.42763398 -1.42683858 0.3)
(10.92051157 -1.451702892 0.3)
(11.43764238 -1.477790712 0.3)
(11.98021987 -1.505162247 0.3)
(12.54949619 -1.533880664 0.3)
(13.14678514 -1.56401224 0.3)
(13.77346513 -1.595626513 0.3)
(14.43098242 -1.628796444 0.3)
(15.12085444 -1.66359858 0.3)
(15.84467329 -1.70011324 0.3)
(16.60410939 -1.738424693 0.3)
(17.40091538 -1.778621352 0.3)
(18.23693014 -1.820795986 0.3)
(19.11408303 -1.865045925 0.3)
(20.03439834 -1.911473289 0.3)
(21 -1.960185223 0.3)
(1.02896805 -0.8274276589 0.3)
(1.059361542 -0.828916586 0.3)
(1.09125062 -0.8304787793 0.3)
(1.124708877 -0.8321178441 0.3)
(1.159813529 -0.8338375631 0.3)
(1.19664559 -0.835641905 0.3)
(1.235290062 -0.8375350339 0.3)
(1.275836128 -0.8395213188 0.3)
(1.318377361 -0.8416053436 0.3)
(1.363011939 -0.843791918 0.3)
(1.409842869 -0.846086088 0.3)
(1.458978229 -0.8484931481 0.3)
(1.510531412 -0.8510186536 0.3)
(1.564621395 -0.8536684326 0.3)
(1.621373006 -0.8564486004 0.3)
(1.680917217 -0.859365573 0.3)
(1.743391445 -0.8624260824 0.3)
(1.808939869 -0.8656371915 0.3)
(1.877713761 -0.8690063111 0.3)
(1.949871839 -0.8725412163 0.3)
(2.02558063 -0.876250065 0.3)
(2.105014855 -0.8801414167 0.3)
(2.188357834 -0.8842242517 0.3)
(2.275801905 -0.8885079925 0.3)
(2.367548873 -0.8930025251 0.3)
(2.463810472 -0.897718222 0.3)
(2.564808856 -0.9026659662 0.3)
(2.670777111 -0.9078571762 0.3)
(2.781959789 -0.9133038322 0.3)
(2.89861348 -0.919018504 0.3)
(3.021007398 -0.9250143801 0.3)
(3.149424004 -0.9313052978 0.3)
(3.284159661 -0.9379057754 0.3)
(3.425525311 -0.9448310453 0.3)
(3.5738472 -0.95209709 0.3)
(3.729467626 -0.9597206779 0.3)
(3.892745732 -0.9677194029 0.3)
(4.064058332 -0.9761117246 0.3)
(4.243800782 -0.9849170107 0.3)
(4.432387895 -0.9941555822 0.3)
(4.630254892 -1.00384876 0.3)
(4.837858414 -1.014018914 0.3)
(5.055677569 -1.024689515 0.3)
(5.284215043 -1.035885189 0.3)
(5.523998255 -1.047631773 0.3)
(5.775580581 -1.059956376 0.3)
(6.039542623 -1.072887441 0.3)
(6.316493556 -1.08645481 0.3)
(6.60707253 -1.100689795 0.3)
(6.911950144 -1.115625246 0.3)
(7.231829999 -1.131295632 0.3)
(7.567450316 -1.147737118 0.3)
(7.919585643 -1.164987647 0.3)
(8.28904864 -1.183087029 0.3)
(8.676691957 -1.202077036 0.3)
(9.083410201 -1.222001492 0.3)
(9.510142 -1.242906379 0.3)
(9.957872169 -1.264839941 0.3)
(10.42763398 -1.287852797 0.3)
(10.92051157 -1.311998057 0.3)
(11.43764238 -1.337331442 0.3)
(11.98021987 -1.363911418 0.3)
(12.54949619 -1.391799326 0.3)
(13.14678514 -1.421059526 0.3)
(13.77346513 -1.451759545 0.3)
(14.43098242 -1.483970233 0.3)
(15.12085444 -1.517765925 0.3)
(15.84467329 -1.553224616 0.3)
(16.60410939 -1.590428138 0.3)
(17.40091538 -1.629462349 0.3)
(18.23693014 -1.670417332 0.3)
(19.11408303 -1.713387605 0.3)
(20.03439834 -1.758472334 0.3)
(21 -1.805775566 0.3)
(1.02896805 -0.7110034001 0.3)
(1.059361542 -0.7124473351 0.3)
(1.09125062 -0.7139623225 0.3)
(1.124708877 -0.7155518584 0.3)
(1.159813529 -0.7172196113 0.3)
(1.19664559 -0.71896943 0.3)
(1.235290062 -0.7208053528 0.3)
(1.275836128 -0.7227316166 0.3)
(1.318377361 -0.7247526669 0.3)
(1.363011939 -0.7268731678 0.3)
(1.409842869 -0.7290980131 0.3)
(1.458978229 -0.7314323373 0.3)
(1.510531412 -0.7338815276 0.3)
(1.564621395 -0.7364512362 0.3)
(1.621373006 -0.7391473935 0.3)
(1.680917217 -0.7419762218 0.3)
(1.743391445 -0.7449442494 0.3)
(1.808939869 -0.748058326 0.3)
(1.877713761 -0.7513256383 0.3)
(1.949871839 -0.7547537265 0.3)
(2.02558063 -0.7583505022 0.3)
(2.105014855 -0.7621242659 0.3)
(2.188357834 -0.7660837267 0.3)
(2.275801905 -0.7702380224 0.3)
(2.367548873 -0.7745967403 0.3)
(2.463810472 -0.7791699394 0.3)
(2.564808856 -0.7839681738 0.3)
(2.670777111 -0.789002517 0.3)
(2.781959789 -0.7942845872 0.3)
(2.89861348 -0.7998265745 0.3)
(3.021007398 -0.8056412686 0.3)
(3.149424004 -0.8117420888 0.3)
(3.284159661 -0.8181431146 0.3)
(3.425525311 -0.8248591184 0.3)
(3.5738472 -0.8319055994 0.3)
(3.729467626 -0.8392988196 0.3)
(3.892745732 -0.847055841 0.3)
(4.064058332 -0.8551945654 0.3)
(4.243800782 -0.8637337754 0.3)
(4.432387895 -0.8726931779 0.3)
(4.630254892 -0.8820934495 0.3)
(4.837858414 -0.8919562842 0.3)
(5.055677569 -0.9023044435 0.3)
(5.284215043 -0.9131618091 0.3)
(5.523998255 -0.9245534375 0.3)
(5.775580581 -0.9365056186 0.3)
(6.039542623 -0.9490459357 0.3)
(6.316493556 -0.9622033294 0.3)
(6.60707253 -0.9760081645 0.3)
(6.911950144 -0.9904922998 0.3)
(7.231829999 -1.005689162 0.3)
(7.567450316 -1.021633823 0.3)
(7.919585643 -1.038363079 0.3)
(8.28904864 -1.055915539 0.3)
(8.676691957 -1.07433171 0.3)
(9.083410201 -1.093654093 0.3)
(9.510142 -1.113927281 0.3)
(9.957872169 -1.13519806 0.3)
(10.42763398 -1.157515519 0.3)
(10.92051157 -1.180931163 0.3)
(11.43764238 -1.20549903 0.3)
(11.98021987 -1.231275818 0.3)
(12.54949619 -1.258321016 0.3)
(13.14678514 -1.286697038 0.3)
(13.77346513 -1.316469371 0.3)
(14.43098242 -1.347706723 0.3)
(15.12085444 -1.380481185 0.3)
(15.84467329 -1.414868394 0.3)
(16.60410939 -1.450947708 0.3)
(17.40091538 -1.488802393 0.3)
(18.23693014 -1.528519808 0.3)
(19.11408303 -1.570191615 0.3)
(20.03439834 -1.613913985 0.3)
(21 -1.659787819 0.3)
(1.02896805 -0.6028038275 0.3)
(1.059361542 -0.6042023716 0.3)
(1.09125062 -0.6056697343 0.3)
(1.124708877 -0.6072093022 0.3)
(1.159813529 -0.6088246283 0.3)
(1.19664559 -0.6105194404 0.3)
(1.235290062 -0.6122976498 0.3)
(1.275836128 -0.6141633604 0.3)
(1.318377361 -0.6161208777 0.3)
(1.363011939 -0.6181747194 0.3)
(1.409842869 -0.6203296253 0.3)
(1.458978229 -0.6225905686 0.3)
(1.510531412 -0.6249627671 0.3)
(1.564621395 -0.6274516953 0.3)
(1.621373006 -0.6300630973 0.3)
(1.680917217 -0.6328029996 0.3)
(1.743391445 -0.6356777255 0.3)
(1.808939869 -0.6386939092 0.3)
(1.877713761 -0.6418585115 0.3)
(1.949871839 -0.6451788357 0.3)
(2.02558063 -0.6486625445 0.3)
(2.105014855 -0.6523176776 0.3)
(2.188357834 -0.6561526704 0.3)
(2.275801905 -0.6601763732 0.3)
(2.367548873 -0.6643980721 0.3)
(2.463810472 -0.6688275099 0.3)
(2.564808856 -0.6734749089 0.3)
(2.670777111 -0.6783509945 0.3)
(2.781959789 -0.6834670195 0.3)
(2.89861348 -0.688834791 0.3)
(3.021007398 -0.6944666967 0.3)
(3.149424004 -0.7003757339 0.3)
(3.284159661 -0.7065755396 0.3)
(3.425525311 -0.7130804217 0.3)
(3.5738472 -0.7199053922 0.3)
(3.729467626 -0.727066202 0.3)
(3.892745732 -0.7345793767 0.3)
(4.064058332 -0.7424622553 0.3)
(4.243800782 -0.75073303 0.3)
(4.432387895 -0.7594107883 0.3)
(4.630254892 -0.7685155566 0.3)
(4.837858414 -0.778068347 0.3)
(5.055677569 -0.7880912056 0.3)
(5.284215043 -0.7986072632 0.3)
(5.523998255 -0.8096407889 0.3)
(5.775580581 -0.8212172458 0.3)
(6.039542623 -0.8333633504 0.3)
(6.316493556 -0.8461071333 0.3)
(6.60707253 -0.859478005 0.3)
(6.911950144 -0.8735068227 0.3)
(7.231829999 -0.8882259623 0.3)
(7.567450316 -0.9036693928 0.3)
(7.919585643 -0.9198727546 0.3)
(8.28904864 -0.9368734421 0.3)
(8.676691957 -0.9547106895 0.3)
(9.083410201 -0.9734256618 0.3)
(9.510142 -0.9930615495 0.3)
(9.957872169 -1.013663669 0.3)
(10.42763398 -1.035279565 0.3)
(10.92051157 -1.057959124 0.3)
(11.43764238 -1.081754685 0.3)
(11.98021987 -1.106721164 0.3)
(12.54949619 -1.132916179 0.3)
(13.14678514 -1.160400184 0.3)
(13.77346513 -1.189236605 0.3)
(14.43098242 -1.219491992 0.3)
(15.12085444 -1.251236169 0.3)
(15.84467329 -1.284542395 0.3)
(16.60410939 -1.319487534 0.3)
(17.40091538 -1.356152233 0.3)
(18.23693014 -1.394621107 0.3)
(19.11408303 -1.434982936 0.3)
(20.03439834 -1.477330865 0.3)
(21 -1.521762627 0.3)
(1.02896805 -0.5022478607 0.3)
(1.059361542 -0.5036008382 0.3)
(1.09125062 -0.5050203923 0.3)
(1.124708877 -0.5065097989 0.3)
(1.159813529 -0.5080724954 0.3)
(1.19664559 -0.5097120881 0.3)
(1.235290062 -0.511432361 0.3)
(1.275836128 -0.513237284 0.3)
(1.318377361 -0.5151310227 0.3)
(1.363011939 -0.5171179473 0.3)
(1.409842869 -0.5192026434 0.3)
(1.458978229 -0.521389922 0.3)
(1.510531412 -0.5236848309 0.3)
(1.564621395 -0.5260926664 0.3)
(1.621373006 -0.5286189852 0.3)
(1.680917217 -0.5312696177 0.3)
(1.743391445 -0.5340506809 0.3)
(1.808939869 -0.5369685931 0.3)
(1.877713761 -0.5400300882 0.3)
(1.949871839 -0.5432422316 0.3)
(2.02558063 -0.5466124363 0.3)
(2.105014855 -0.5501484801 0.3)
(2.188357834 -0.5538585234 0.3)
(2.275801905 -0.5577511284 0.3)
(2.367548873 -0.5618352784 0.3)
(2.463810472 -0.5661203989 0.3)
(2.564808856 -0.5706163791 0.3)
(2.670777111 -0.5753335949 0.3)
(2.781959789 -0.5802829328 0.3)
(2.89861348 -0.5854758147 0.3)
(3.021007398 -0.590924225 0.3)
(3.149424004 -0.5966407375 0.3)
(3.284159661 -0.6026385448 0.3)
(3.425525311 -0.6089314887 0.3)
(3.5738472 -0.6155340921 0.3)
(3.729467626 -0.6224615926 0.3)
(3.892745732 -0.6297299776 0.3)
(4.064058332 -0.637356021 0.3)
(4.243800782 -0.6453573223 0.3)
(4.432387895 -0.6537523469 0.3)
(4.630254892 -0.6625604691 0.3)
(4.837858414 -0.6718020163 0.3)
(5.055677569 -0.6814983161 0.3)
(5.284215043 -0.6916717458 0.3)
(5.523998255 -0.7023457837 0.3)
(5.775580581 -0.7135450634 0.3)
(6.039542623 -0.7252954308 0.3)
(6.316493556 -0.7376240035 0.3)
(6.60707253 -0.7505592333 0.3)
(6.911950144 -0.7641309725 0.3)
(7.231829999 -0.7783705419 0.3)
(7.567450316 -0.7933108038 0.3)
(7.919585643 -0.8089862373 0.3)
(8.28904864 -0.8254330185 0.3)
(8.676691957 -0.8426891034 0.3)
(9.083410201 -0.8607943156 0.3)
(9.510142 -0.8797904386 0.3)
(9.957872169 -0.8997213118 0.3)
(10.42763398 -0.9206329318 0.3)
(10.92051157 -0.9425735586 0.3)
(11.43764238 -0.965593827 0.3)
(11.98021987 -0.9897468634 0.3)
(12.54949619 -1.015088408 0.3)
(13.14678514 -1.041676945 0.3)
(13.77346513 -1.069573836 0.3)
(14.43098242 -1.09884346 0.3)
(15.12085444 -1.129553367 0.3)
(15.84467329 -1.161774429 0.3)
(16.60410939 -1.195581006 0.3)
(17.40091538 -1.231051118 0.3)
(18.23693014 -1.268266623 0.3)
(19.11408303 -1.307313406 0.3)
(20.03439834 -1.348281581 0.3)
(21 -1.391265694 0.3)
(1.02896805 -0.4107588307 0.3)
(1.059361542 -0.4120632751 0.3)
(1.09125062 -0.4134319078 0.3)
(1.124708877 -0.4148678874 0.3)
(1.159813529 -0.4163745279 0.3)
(1.19664559 -0.4179553062 0.3)
(1.235290062 -0.4196138706 0.3)
(1.275836128 -0.4213540487 0.3)
(1.318377361 -0.4231798564 0.3)
(1.363011939 -0.4250955074 0.3)
(1.409842869 -0.4271054227 0.3)
(1.458978229 -0.4292142406 0.3)
(1.510531412 -0.4314268281 0.3)
(1.564621395 -0.4337482913 0.3)
(1.621373006 -0.4361839877 0.3)
(1.680917217 -0.4387395385 0.3)
(1.743391445 -0.4414208413 0.3)
(1.808939869 -0.444234084 0.3)
(1.877713761 -0.4471857592 0.3)
(1.949871839 -0.4502826787 0.3)
(2.02558063 -0.4535319897 0.3)
(2.105014855 -0.4569411908 0.3)
(2.188357834 -0.4605181499 0.3)
(2.275801905 -0.464271122 0.3)
(2.367548873 -0.4682087681 0.3)
(2.463810472 -0.4723401756 0.3)
(2.564808856 -0.476674879 0.3)
(2.670777111 -0.481222882 0.3)
(2.781959789 -0.4859946804 0.3)
(2.89861348 -0.4910012868 0.3)
(3.021007398 -0.4962542553 0.3)
(3.149424004 -0.5017657088 0.3)
(3.284159661 -0.5075483668 0.3)
(3.425525311 -0.5136155744 0.3)
(3.5738472 -0.5199813336 0.3)
(3.729467626 -0.5266603354 0.3)
(3.892745732 -0.5336679937 0.3)
(4.064058332 -0.5410204807 0.3)
(4.243800782 -0.5487347647 0.3)
(4.432387895 -0.5568286486 0.3)
(4.630254892 -0.5653208117 0.3)
(4.837858414 -0.5742308521 0.3)
(5.055677569 -0.5835793327 0.3)
(5.284215043 -0.5933878279 0.3)
(5.523998255 -0.6036789738 0.3)
(5.775580581 -0.6144765204 0.3)
(6.039542623 -0.6258053865 0.3)
(6.316493556 -0.6376917167 0.3)
(6.60707253 -0.6501629427 0.3)
(6.911950144 -0.6632478454 0.3)
(7.231829999 -0.6769766224 0.3)
(7.567450316 -0.6913809571 0.3)
(7.919585643 -0.706494092 0.3)
(8.28904864 -0.7223509051 0.3)
(8.676691957 -0.7389879912 0.3)
(9.083410201 -0.7564437453 0.3)
(9.510142 -0.7747584519 0.3)
(9.957872169 -0.7939743781 0.3)
(10.42763398 -0.8141358703 0.3)
(10.92051157 -0.8352894575 0.3)
(11.43764238 -0.8574839582 0.3)
(11.98021987 -0.8807705929 0.3)
(12.54949619 -0.9052031028 0.3)
(13.14678514 -0.9308378735 0.3)
(13.77346513 -0.957734065 0.3)
(14.43098242 -0.9859537488 0.3)
(15.12085444 -1.01556205 0.3)
(15.84467329 -1.0466273 0.3)
(16.60410939 -1.07922119 0.3)
(17.40091538 -1.113418942 0.3)
(18.23693014 -1.149299476 0.3)
(19.11408303 -1.186945599 0.3)
(20.03439834 -1.226444191 0.3)
(21 -1.267886406 0.3)
(1.02896805 -0.335360089 0.3)
(1.059361542 -0.3366017542 0.3)
(1.09125062 -0.3379045185 0.3)
(1.124708877 -0.3392713885 0.3)
(1.159813529 -0.3407055187 0.3)
(1.19664559 -0.3422102186 0.3)
(1.235290062 -0.343788961 0.3)
(1.275836128 -0.3454453893 0.3)
(1.318377361 -0.347183326 0.3)
(1.363011939 -0.3490067822 0.3)
(1.409842869 -0.350919966 0.3)
(1.458978229 -0.3529272925 0.3)
(1.510531412 -0.3550333945 0.3)
(1.564621395 -0.3572431322 0.3)
(1.621373006 -0.3595616055 0.3)
(1.680917217 -0.3619941648 0.3)
(1.743391445 -0.3645464241 0.3)
(1.808939869 -0.3672242735 0.3)
(1.877713761 -0.370033893 0.3)
(1.949871839 -0.3729817666 0.3)
(2.02558063 -0.3760746974 0.3)
(2.105014855 -0.3793198234 0.3)
(2.188357834 -0.3827246336 0.3)
(2.275801905 -0.3862969858 0.3)
(2.367548873 -0.3900451242 0.3)
(2.463810472 -0.3939776988 0.3)
(2.564808856 -0.3981037852 0.3)
(2.670777111 -0.4024329058 0.3)
(2.781959789 -0.4069750511 0.3)
(2.89861348 -0.4117407037 0.3)
(3.021007398 -0.4167408618 0.3)
(3.149424004 -0.4219870647 0.3)
(3.284159661 -0.4274914198 0.3)
(3.425525311 -0.4332666299 0.3)
(3.5738472 -0.4393260233 0.3)
(3.729467626 -0.4456835837 0.3)
(3.892745732 -0.4523539833 0.3)
(4.064058332 -0.459352616 0.3)
(4.243800782 -0.4666956334 0.3)
(4.432387895 -0.4743999817 0.3)
(4.630254892 -0.4824834411 0.3)
(4.837858414 -0.4909646666 0.3)
(5.055677569 -0.4998632314 0.3)
(5.284215043 -0.5091996716 0.3)
(5.523998255 -0.5189955339 0.3)
(5.775580581 -0.5292734253 0.3)
(6.039542623 -0.5400570652 0.3)
(6.316493556 -0.5513713402 0.3)
(6.60707253 -0.5632423614 0.3)
(6.911950144 -0.575697525 0.3)
(7.231829999 -0.588765575 0.3)
(7.567450316 -0.60247667 0.3)
(7.919585643 -0.6168624526 0.3)
(8.28904864 -0.6319561224 0.3)
(8.676691957 -0.6477925128 0.3)
(9.083410201 -0.664408171 0.3)
(9.510142 -0.6818414429 0.3)
(9.957872169 -0.7001325611 0.3)
(10.42763398 -0.7193237381 0.3)
(10.92051157 -0.7394592633 0.3)
(11.43764238 -0.7605856057 0.3)
(11.98021987 -0.7827515208 0.3)
(12.54949619 -0.8060081635 0.3)
(13.14678514 -0.8304092055 0.3)
(13.77346513 -0.8560109598 0.3)
(14.43098242 -0.8828725103 0.3)
(15.12085444 -0.9110558484 0.3)
(15.84467329 -0.9406260158 0.3)
(16.60410939 -0.9716512548 0.3)
(17.40091538 -1.004203166 0.3)
(18.23693014 -1.038356872 0.3)
(19.11408303 -1.074191194 0.3)
(20.03439834 -1.111788831 0.3)
(21 -1.15123655 0.3)
(1.02896805 -0.2732191811 0.3)
(1.059361542 -0.274387573 0.3)
(1.09125062 -0.2756134585 0.3)
(1.124708877 -0.2768996667 0.3)
(1.159813529 -0.2782491659 0.3)
(1.19664559 -0.2796650704 0.3)
(1.235290062 -0.2811506479 0.3)
(1.275836128 -0.2827093269 0.3)
(1.318377361 -0.2843447045 0.3)
(1.363011939 -0.2860605547 0.3)
(1.409842869 -0.2878608375 0.3)
(1.458978229 -0.2897497076 0.3)
(1.510531412 -0.2917315241 0.3)
(1.564621395 -0.2938108607 0.3)
(1.621373006 -0.295992516 0.3)
(1.680917217 -0.298281525 0.3)
(1.743391445 -0.3006831702 0.3)
(1.808939869 -0.3032029942 0.3)
(1.877713761 -0.3058468122 0.3)
(1.949871839 -0.3086207256 0.3)
(2.02558063 -0.3115311362 0.3)
(2.105014855 -0.3145847606 0.3)
(2.188357834 -0.3177886459 0.3)
(2.275801905 -0.3211501862 0.3)
(2.367548873 -0.3246771392 0.3)
(2.463810472 -0.3283776445 0.3)
(2.564808856 -0.332260242 0.3)
(2.670777111 -0.3363338922 0.3)
(2.781959789 -0.3406079961 0.3)
(2.89861348 -0.3450924177 0.3)
(3.021007398 -0.3497975061 0.3)
(3.149424004 -0.3547341198 0.3)
(3.284159661 -0.3599136515 0.3)
(3.425525311 -0.3653480545 0.3)
(3.5738472 -0.3710498705 0.3)
(3.729467626 -0.3770322582 0.3)
(3.892745732 -0.3833090237 0.3)
(4.064058332 -0.3898946526 0.3)
(4.243800782 -0.3968043433 0.3)
(4.432387895 -0.4040540421 0.3)
(4.630254892 -0.4116604798 0.3)
(4.837858414 -0.4196412107 0.3)
(5.055677569 -0.4280146528 0.3)
(5.284215043 -0.4368001303 0.3)
(5.523998255 -0.4460179185 0.3)
(5.775580581 -0.4556892903 0.3)
(6.039542623 -0.4658365653 0.3)
(6.316493556 -0.4764831615 0.3)
(6.60707253 -0.4876536492 0.3)
(6.911950144 -0.4993738078 0.3)
(7.231829999 -0.5116706851 0.3)
(7.567450316 -0.5245726601 0.3)
(7.919585643 -0.5381095079 0.3)
(8.28904864 -0.552312469 0.3)
(8.676691957 -0.5672143212 0.3)
(9.083410201 -0.5828494551 0.3)
(9.510142 -0.5992539536 0.3)
(9.957872169 -0.6164656751 0.3)
(10.42763398 -0.6345243409 0.3)
(10.92051157 -0.6534716271 0.3)
(11.43764238 -0.6733512604 0.3)
(11.98021987 -0.6942091191 0.3)
(12.54949619 -0.7160933391 0.3)
(13.14678514 -0.7390544251 0.3)
(13.77346513 -0.7631453669 0.3)
(14.43098242 -0.7884217618 0.3)
(15.12085444 -0.8149419428 0.3)
(15.84467329 -0.8427671135 0.3)
(16.60410939 -0.8719614889 0.3)
(17.40091538 -0.9025924443 0.3)
(18.23693014 -0.9347306698 0.3)
(19.11408303 -0.9684503345 0.3)
(20.03439834 -1.003829257 0.3)
(21 -1.040949085 0.3)
(1.02896805 -0.2220024076 0.3)
(1.059361542 -0.2230900557 0.3)
(1.09125062 -0.2242312243 0.3)
(1.124708877 -0.2254285468 0.3)
(1.159813529 -0.2266847864 0.3)
(1.19664559 -0.2280028424 0.3)
(1.235290062 -0.2293857565 0.3)
(1.275836128 -0.2308367202 0.3)
(1.318377361 -0.2323590821 0.3)
(1.363011939 -0.2339563555 0.3)
(1.409842869 -0.2356322266 0.3)
(1.458978229 -0.237390563 0.3)
(1.510531412 -0.2392354226 0.3)
(1.564621395 -0.241171063 0.3)
(1.621373006 -0.2432019512 0.3)
(1.680917217 -0.2453327742 0.3)
(1.743391445 -0.2475684495 0.3)
(1.808939869 -0.2499141366 0.3)
(1.877713761 -0.2523752489 0.3)
(1.949871839 -0.2549574662 0.3)
(2.02558063 -0.2576667478 0.3)
(2.105014855 -0.2605093461 0.3)
(2.188357834 -0.2634918213 0.3)
(2.275801905 -0.2666210564 0.3)
(2.367548873 -0.2699042731 0.3)
(2.463810472 -0.2733490485 0.3)
(2.564808856 -0.2769633323 0.3)
(2.670777111 -0.2807554657 0.3)
(2.781959789 -0.2847342002 0.3)
(2.89861348 -0.288908718 0.3)
(3.021007398 -0.293288653 0.3)
(3.149424004 -0.2978841133 0.3)
(3.284159661 -0.3027057043 0.3)
(3.425525311 -0.3077645534 0.3)
(3.5738472 -0.3130723354 0.3)
(3.729467626 -0.3186412996 0.3)
(3.892745732 -0.3244842982 0.3)
(4.064058332 -0.3306148157 0.3)
(4.243800782 -0.3370470001 0.3)
(4.432387895 -0.3437956957 0.3)
(4.630254892 -0.3508764772 0.3)
(4.837858414 -0.3583056857 0.3)
(5.055677569 -0.3661004663 0.3)
(5.284215043 -0.374278808 0.3)
(5.523998255 -0.3828595848 0.3)
(5.775580581 -0.3918625994 0.3)
(6.039542623 -0.4013086291 0.3)
(6.316493556 -0.4112194736 0.3)
(6.60707253 -0.4216180052 0.3)
(6.911950144 -0.4325282216 0.3)
(7.231829999 -0.4439753017 0.3)
(7.567450316 -0.455985663 0.3)
(7.919585643 -0.4685870231 0.3)
(8.28904864 -0.4818084637 0.3)
(8.676691957 -0.4956804973 0.3)
(9.083410201 -0.5102351377 0.3)
(9.510142 -0.5255059745 0.3)
(9.957872169 -0.5415282498 0.3)
(10.42763398 -0.5583389398 0.3)
(10.92051157 -0.5759768405 0.3)
(11.43764238 -0.5944826568 0.3)
(11.98021987 -0.6138990965 0.3)
(12.54949619 -0.6342709691 0.3)
(13.14678514 -0.655645289 0.3)
(13.77346513 -0.6780713839 0.3)
(14.43098242 -0.7016010092 0.3)
(15.12085444 -0.7262884665 0.3)
(15.84467329 -0.7521907298 0.3)
(16.60410939 -0.7793675767 0.3)
(17.40091538 -0.8078817261 0.3)
(18.23693014 -0.8377989831 0.3)
(19.11408303 -0.8691883912 0.3)
(20.03439834 -0.902122391 0.3)
(21 -0.9366769878 0.3)
(1.02896805 -0.1797869927 0.3)
(1.059361542 -0.1807888534 0.3)
(1.09125062 -0.1818400132 0.3)
(1.124708877 -0.1829428978 0.3)
(1.159813529 -0.1841000525 0.3)
(1.19664559 -0.1853141478 0.3)
(1.235290062 -0.1865879856 0.3)
(1.275836128 -0.1879245057 0.3)
(1.318377361 -0.1893267925 0.3)
(1.363011939 -0.1907980822 0.3)
(1.409842869 -0.1923417702 0.3)
(1.458978229 -0.1939614192 0.3)
(1.510531412 -0.1956607669 0.3)
(1.564621395 -0.1974437351 0.3)
(1.621373006 -0.1993144386 0.3)
(1.680917217 -0.2012771946 0.3)
(1.743391445 -0.2033365327 0.3)
(1.808939869 -0.2054972056 0.3)
(1.877713761 -0.2077641996 0.3)
(1.949871839 -0.2101427465 0.3)
(2.02558063 -0.2126383355 0.3)
(2.105014855 -0.2152567261 0.3)
(2.188357834 -0.2180039609 0.3)
(2.275801905 -0.22088638 0.3)
(2.367548873 -0.2239106355 0.3)
(2.463810472 -0.2270837068 0.3)
(2.564808856 -0.2304129168 0.3)
(2.670777111 -0.2339059486 0.3)
(2.781959789 -0.2375708635 0.3)
(2.89861348 -0.2414161194 0.3)
(3.021007398 -0.2454505904 0.3)
(3.149424004 -0.2496835873 0.3)
(3.284159661 -0.2541248791 0.3)
(3.425525311 -0.2587847153 0.3)
(3.5738472 -0.2636738501 0.3)
(3.729467626 -0.2688035666 0.3)
(3.892745732 -0.2741857032 0.3)
(4.064058332 -0.2798326808 0.3)
(4.243800782 -0.2857575316 0.3)
(4.432387895 -0.291973929 0.3)
(4.630254892 -0.2984962193 0.3)
(4.837858414 -0.3053394547 0.3)
(5.055677569 -0.312519428 0.3)
(5.284215043 -0.3200527093 0.3)
(5.523998255 -0.3279566839 0.3)
(5.775580581 -0.3362495927 0.3)
(6.039542623 -0.3449505741 0.3)
(6.316493556 -0.3540797084 0.3)
(6.60707253 -0.3636580638 0.3)
(6.911950144 -0.3737077453 0.3)
(7.231829999 -0.3842519457 0.3)
(7.567450316 -0.395314999 0.3)
(7.919585643 -0.4069224366 0.3)
(8.28904864 -0.4191010462 0.3)
(8.676691957 -0.4318789338 0.3)
(9.083410201 -0.4452855883 0.3)
(9.510142 -0.4593519496 0.3)
(9.957872169 -0.4741104802 0.3)
(10.42763398 -0.48959524 0.3)
(10.92051157 -0.5058419649 0.3)
(11.43764238 -0.5228881491 0.3)
(11.98021987 -0.5407731321 0.3)
(12.54949619 -0.559538189 0.3)
(13.14678514 -0.5792266258 0.3)
(13.77346513 -0.5998838798 0.3)
(14.43098242 -0.6215576239 0.3)
(15.12085444 -0.6442978771 0.3)
(15.84467329 -0.6681571194 0.3)
(16.60410939 -0.6931904134 0.3)
(17.40091538 -0.7194555312 0.3)
(18.23693014 -0.7470130876 0.3)
(19.11408303 -0.7759266803 0.3)
(20.03439834 -0.8062630362 0.3)
(21 -0.8380921659 0.3)
(1.02896805 -0.1449887204 0.3)
(1.059361542 -0.145901689 0.3)
(1.09125062 -0.1468595825 0.3)
(1.124708877 -0.1478646114 0.3)
(1.159813529 -0.1489190952 0.3)
(1.19664559 -0.1500254674 0.3)
(1.235290062 -0.1511862814 0.3)
(1.275836128 -0.152404216 0.3)
(1.318377361 -0.153682082 0.3)
(1.363011939 -0.1550228285 0.3)
(1.409842869 -0.1564295497 0.3)
(1.458978229 -0.157905492 0.3)
(1.510531412 -0.1594540616 0.3)
(1.564621395 -0.1610788323 0.3)
(1.621373006 -0.1627835538 0.3)
(1.680917217 -0.1645721602 0.3)
(1.743391445 -0.1664487793 0.3)
(1.808939869 -0.1684177421 0.3)
(1.877713761 -0.1704835924 0.3)
(1.949871839 -0.1726510978 0.3)
(2.02558063 -0.1749252606 0.3)
(2.105014855 -0.1773113291 0.3)
(2.188357834 -0.1798148099 0.3)
(2.275801905 -0.1824414805 0.3)
(2.367548873 -0.1851974027 0.3)
(2.463810472 -0.1880889368 0.3)
(2.564808856 -0.1911227558 0.3)
(2.670777111 -0.1943058612 0.3)
(2.781959789 -0.197645599 0.3)
(2.89861348 -0.2011496767 0.3)
(3.021007398 -0.204826181 0.3)
(3.149424004 -0.2086835966 0.3)
(3.284159661 -0.2127308257 0.3)
(3.425525311 -0.2169772084 0.3)
(3.5738472 -0.2214325447 0.3)
(3.729467626 -0.2261071166 0.3)
(3.892745732 -0.2310117121 0.3)
(4.064058332 -0.2361576501 0.3)
(4.243800782 -0.2415568064 0.3)
(4.432387895 -0.2472216412 0.3)
(4.630254892 -0.253165228 0.3)
(4.837858414 -0.2594012833 0.3)
(5.055677569 -0.2659441988 0.3)
(5.284215043 -0.2728090743 0.3)
(5.523998255 -0.2800117525 0.3)
(5.775580581 -0.287568856 0.3)
(6.039542623 -0.2954978251 0.3)
(6.316493556 -0.3038169582 0.3)
(6.60707253 -0.3125454544 0.3)
(6.911950144 -0.3217034574 0.3)
(7.231829999 -0.331312102 0.3)
(7.567450316 -0.3413935633 0.3)
(7.919585643 -0.3519711072 0.3)
(8.28904864 -0.3630691448 0.3)
(8.676691957 -0.3747132881 0.3)
(9.083410201 -0.3869304097 0.3)
(9.510142 -0.3997487043 0.3)
(9.957872169 -0.4131977541 0.3)
(10.42763398 -0.4273085969 0.3)
(10.92051157 -0.4421137979 0.3)
(11.43764238 -0.4576475245 0.3)
(11.98021987 -0.4739456258 0.3)
(12.54949619 -0.4910457146 0.3)
(13.14678514 -0.5089872545 0.3)
(13.77346513 -0.5278116514 0.3)
(14.43098242 -0.5475623482 0.3)
(15.12085444 -0.5682849259 0.3)
(15.84467329 -0.5900272081 0.3)
(16.60410939 -0.6128393718 0.3)
(17.40091538 -0.6367740633 0.3)
(18.23693014 -0.6618865191 0.3)
(19.11408303 -0.6882346941 0.3)
(20.03439834 -0.7158793947 0.3)
(21 -0.7448844197 0.3)
(1.02896805 -0.1163023144 0.3)
(1.059361542 -0.1171248262 0.3)
(1.09125062 -0.1179878118 0.3)
(1.124708877 -0.1188932627 0.3)
(1.159813529 -0.1198432684 0.3)
(1.19664559 -0.1208400215 0.3)
(1.235290062 -0.1218858222 0.3)
(1.275836128 -0.1229830841 0.3)
(1.318377361 -0.1241343394 0.3)
(1.363011939 -0.125342245 0.3)
(1.409842869 -0.1266095886 0.3)
(1.458978229 -0.1279392948 0.3)
(1.510531412 -0.1293344324 0.3)
(1.564621395 -0.1307982212 0.3)
(1.621373006 -0.1323340392 0.3)
(1.680917217 -0.1339454309 0.3)
(1.743391445 -0.135636115 0.3)
(1.808939869 -0.1374099933 0.3)
(1.877713761 -0.1392711596 0.3)
(1.949871839 -0.141223909 0.3)
(2.02558063 -0.1432727482 0.3)
(2.105014855 -0.1454224055 0.3)
(2.188357834 -0.1476778419 0.3)
(2.275801905 -0.1500442625 0.3)
(2.367548873 -0.1525271286 0.3)
(2.463810472 -0.1551321701 0.3)
(2.564808856 -0.1578653989 0.3)
(2.670777111 -0.1607331229 0.3)
(2.781959789 -0.1637419601 0.3)
(2.89861348 -0.1668988545 0.3)
(3.021007398 -0.1702110915 0.3)
(3.149424004 -0.1736863152 0.3)
(3.284159661 -0.1773325456 0.3)
(3.425525311 -0.1811581976 0.3)
(3.5738472 -0.1851721001 0.3)
(3.729467626 -0.1893835163 0.3)
(3.892745732 -0.1938021655 0.3)
(4.064058332 -0.198438245 0.3)
(4.243800782 -0.203302454 0.3)
(4.432387895 -0.2084060181 0.3)
(4.630254892 -0.2137607155 0.3)
(4.837858414 -0.2193789037 0.3)
(5.055677569 -0.2252735485 0.3)
(5.284215043 -0.2314582535 0.3)
(5.523998255 -0.2379472919 0.3)
(5.775580581 -0.2447556391 0.3)
(6.039542623 -0.2518990075 0.3)
(6.316493556 -0.2593938826 0.3)
(6.60707253 -0.2672575612 0.3)
(6.911950144 -0.275508191 0.3)
(7.231829999 -0.2841648131 0.3)
(7.567450316 -0.2932474053 0.3)
(7.919585643 -0.3027769283 0.3)
(8.28904864 -0.3127753745 0.3)
(8.676691957 -0.3232658185 0.3)
(9.083410201 -0.3342724702 0.3)
(9.510142 -0.3458207308 0.3)
(9.957872169 -0.3579372514 0.3)
(10.42763398 -0.3706499948 0.3)
(10.92051157 -0.3839882994 0.3)
(11.43764238 -0.3979829476 0.3)
(11.98021987 -0.4126662363 0.3)
(12.54949619 -0.4280720518 0.3)
(13.14678514 -0.4442359476 0.3)
(13.77346513 -0.4611952271 0.3)
(14.43098242 -0.4789890289 0.3)
(15.12085444 -0.4976584177 0.3)
(15.84467329 -0.517246479 0.3)
(16.60410939 -0.5377984182 0.3)
(17.40091538 -0.5593616653 0.3)
(18.23693014 -0.5819859841 0.3)
(19.11408303 -0.6057235872 0.3)
(20.03439834 -0.6306292565 0.3)
(21 -0.6567604696 0.3)
(1.02896805 -0.09265231692 0.3)
(1.059361542 -0.09338402218 0.3)
(1.09125062 -0.09415173276 0.3)
(1.124708877 -0.0949572204 0.3)
(1.159813529 -0.09580234401 0.3)
(1.19664559 -0.09668905396 0.3)
(1.235290062 -0.09761939663 0.3)
(1.275836128 -0.09859551906 0.3)
(1.318377361 -0.09961967395 0.3)
(1.363011939 -0.1006942249 0.3)
(1.409842869 -0.1018216516 0.3)
(1.458978229 -0.1030045562 0.3)
(1.510531412 -0.1042456684 0.3)
(1.564621395 -0.1055478526 0.3)
(1.621373006 -0.1069141139 0.3)
(1.680917217 -0.1083476053 0.3)
(1.743391445 -0.1098516352 0.3)
(1.808939869 -0.1114296745 0.3)
(1.877713761 -0.1130853651 0.3)
(1.949871839 -0.1148225279 0.3)
(2.02558063 -0.116645172 0.3)
(2.105014855 -0.1185575037 0.3)
(2.188357834 -0.1205639363 0.3)
(2.275801905 -0.1226691003 0.3)
(2.367548873 -0.124877854 0.3)
(2.463810472 -0.1271952948 0.3)
(2.564808856 -0.1296267708 0.3)
(2.670777111 -0.1321778935 0.3)
(2.781959789 -0.1348545503 0.3)
(2.89861348 -0.1376629185 0.3)
(3.021007398 -0.1406094793 0.3)
(3.149424004 -0.1437010327 0.3)
(3.284159661 -0.1469447135 0.3)
(3.425525311 -0.1503480074 0.3)
(3.5738472 -0.1539187687 0.3)
(3.729467626 -0.1576652379 0.3)
(3.892745732 -0.1615960612 0.3)
(4.064058332 -0.1657203101 0.3)
(4.243800782 -0.1700475027 0.3)
(4.432387895 -0.1745876252 0.3)
(4.630254892 -0.1793511555 0.3)
(4.837858414 -0.1843490868 0.3)
(5.055677569 -0.1895929534 0.3)
(5.284215043 -0.1950948571 0.3)
(5.523998255 -0.2008674953 0.3)
(5.775580581 -0.2069241902 0.3)
(6.039542623 -0.2132789193 0.3)
(6.316493556 -0.2199463483 0.3)
(6.60707253 -0.2269418642 0.3)
(6.911950144 -0.2342816115 0.3)
(7.231829999 -0.2419825287 0.3)
(7.567450316 -0.2500623882 0.3)
(7.919585643 -0.2585398367 0.3)
(8.28904864 -0.2674344386 0.3)
(8.676691957 -0.2767667209 0.3)
(9.083410201 -0.2865582207 0.3)
(9.510142 -0.2968315349 0.3)
(9.957872169 -0.3076103724 0.3)
(10.42763398 -0.3189196087 0.3)
(10.92051157 -0.3307853433 0.3)
(11.43764238 -0.34323496 0.3)
(11.98021987 -0.3562971903 0.3)
(12.54949619 -0.3700021792 0.3)
(13.14678514 -0.3843815552 0.3)
(13.77346513 -0.3994685032 0.3)
(14.43098242 -0.415297841 0.3)
(15.12085444 -0.4319060996 0.3)
(15.84467329 -0.4493316077 0.3)
(16.60410939 -0.4676145802 0.3)
(17.40091538 -0.4867972104 0.3)
(18.23693014 -0.5069237685 0.3)
(19.11408303 -0.5280407024 0.3)
(20.03439834 -0.5501967462 0.3)
(21 -0.5734430317 0.3)
(1.02896805 -0.07315261912 0.3)
(1.059361542 -0.07379411746 0.3)
(1.09125062 -0.07446718228 0.3)
(1.124708877 -0.07517336687 0.3)
(1.159813529 -0.07591430099 0.3)
(1.19664559 -0.07669169456 0.3)
(1.235290062 -0.07750734167 0.3)
(1.275836128 -0.07836312466 0.3)
(1.318377361 -0.07926101852 0.3)
(1.363011939 -0.08020309542 0.3)
(1.409842869 -0.0811915295 0.3)
(1.458978229 -0.08222860186 0.3)
(1.510531412 -0.08331670588 0.3)
(1.564621395 -0.08445835269 0.3)
(1.621373006 -0.08565617699 0.3)
(1.680917217 -0.08691294314 0.3)
(1.743391445 -0.0882315515 0.3)
(1.808939869 -0.08961504517 0.3)
(1.877713761 -0.091066617 0.3)
(1.949871839 -0.09258961693 0.3)
(2.02558063 -0.09418755975 0.3)
(2.105014855 -0.09586413322 0.3)
(2.188357834 -0.09762320653 0.3)
(2.275801905 -0.09946883931 0.3)
(2.367548873 -0.1014052909 0.3)
(2.463810472 -0.1034370303 0.3)
(2.564808856 -0.1055687463 0.3)
(2.670777111 -0.1078053586 0.3)
(2.781959789 -0.1101520288 0.3)
(2.89861348 -0.1126141726 0.3)
(3.021007398 -0.1151974721 0.3)
(3.149424004 -0.1179078891 0.3)
(3.284159661 -0.1207516787 0.3)
(3.425525311 -0.1237354039 0.3)
(3.5738472 -0.1268659505 0.3)
(3.729467626 -0.1301505433 0.3)
(3.892745732 -0.1335967623 0.3)
(4.064058332 -0.1372125609 0.3)
(4.243800782 -0.1410062836 0.3)
(4.432387895 -0.1449866856 0.3)
(4.630254892 -0.1491629529 0.3)
(4.837858414 -0.1535447236 0.3)
(5.055677569 -0.1581421098 0.3)
(5.284215043 -0.1629657216 0.3)
(5.523998255 -0.1680266909 0.3)
(5.775580581 -0.1733366974 0.3)
(6.039542623 -0.1789079956 0.3)
(6.316493556 -0.184753443 0.3)
(6.60707253 -0.1908865298 0.3)
(6.911950144 -0.19732141 0.3)
(7.231829999 -0.204072934 0.3)
(7.567450316 -0.211156683 0.3)
(7.919585643 -0.2185890051 0.3)
(8.28904864 -0.2263870526 0.3)
(8.676691957 -0.2345688218 0.3)
(9.083410201 -0.2431531948 0.3)
(9.510142 -0.2521599826 0.3)
(9.957872169 -0.2616099712 0.3)
(10.42763398 -0.2715249694 0.3)
(10.92051157 -0.281927859 0.3)
(11.43764238 -0.2928426479 0.3)
(11.98021987 -0.3042945255 0.3)
(12.54949619 -0.3163099204 0.3)
(13.14678514 -0.3289165618 0.3)
(13.77346513 -0.3421435435 0.3)
(14.43098242 -0.3560213909 0.3)
(15.12085444 -0.3705821313 0.3)
(15.84467329 -0.3858593681 0.3)
(16.60410939 -0.4018883583 0.3)
(17.40091538 -0.4187060938 0.3)
(18.23693014 -0.4363513866 0.3)
(19.11408303 -0.4548649587 0.3)
(20.03439834 -0.4742895359 0.3)
(21 -0.4946699464 0.3)
(1.02896805 -0.05707311733 0.3)
(1.059361542 -0.05762574236 0.3)
(1.09125062 -0.05820556064 0.3)
(1.124708877 -0.05881391029 0.3)
(1.159813529 -0.05945219525 0.3)
(1.19664559 -0.06012188857 0.3)
(1.235290062 -0.06082453576 0.3)
(1.275836128 -0.06156175842 0.3)
(1.318377361 -0.06233525789 0.3)
(1.363011939 -0.06314681928 0.3)
(1.409842869 -0.0639983155 0.3)
(1.458978229 -0.06489171166 0.3)
(1.510531412 -0.06582906954 0.3)
(1.564621395 -0.06681255238 0.3)
(1.621373006 -0.06784442987 0.3)
(1.680917217 -0.06892708339 0.3)
(1.743391445 -0.07006301149 0.3)
(1.808939869 -0.07125483569 0.3)
(1.877713761 -0.07250530647 0.3)
(1.949871839 -0.0738173097 0.3)
(2.02558063 -0.07519387321 0.3)
(2.105014855 -0.07663817387 0.3)
(2.188357834 -0.07815354483 0.3)
(2.275801905 -0.07974348328 0.3)
(2.367548873 -0.0814116585 0.3)
(2.463810472 -0.08316192032 0.3)
(2.564808856 -0.084998308 0.3)
(2.670777111 -0.08692505958 0.3)
(2.781959789 -0.08894662163 0.3)
(2.89861348 -0.09106765953 0.3)
(3.021007398 -0.09329306823 0.3)
(3.149424004 -0.09562798355 0.3)
(3.284159661 -0.09807779403 0.3)
(3.425525311 -0.1006481534 0.3)
(3.5738472 -0.1033449934 0.3)
(3.729467626 -0.106174538 0.3)
(3.892745732 -0.1091433172 0.3)
(4.064058332 -0.1122581824 0.3)
(4.243800782 -0.115526322 0.3)
(4.432387895 -0.1189552784 0.3)
(4.630254892 -0.1225529648 0.3)
(4.837858414 -0.1263276841 0.3)
(5.055677569 -0.1302881476 0.3)
(5.284215043 -0.1344434952 0.3)
(5.523998255 -0.1388033169 0.3)
(5.775580581 -0.143377674 0.3)
(6.039542623 -0.1481771235 0.3)
(6.316493556 -0.1532127415 0.3)
(6.60707253 -0.1584961493 0.3)
(6.911950144 -0.1640395399 0.3)
(7.231829999 -0.1698557065 0.3)
(7.567450316 -0.1759580716 0.3)
(7.919585643 -0.1823607183 0.3)
(8.28904864 -0.1890784228 0.3)
(8.676691957 -0.1961266881 0.3)
(9.083410201 -0.2035217804 0.3)
(9.510142 -0.2112807661 0.3)
(9.957872169 -0.2194215515 0.3)
(10.42763398 -0.2279629238 0.3)
(10.92051157 -0.2369245951 0.3)
(11.43764238 -0.2463272471 0.3)
(11.98021987 -0.2561925793 0.3)
(12.54949619 -0.2665433591 0.3)
(13.14678514 -0.277403474 0.3)
(13.77346513 -0.2887979871 0.3)
(14.43098242 -0.3007531948 0.3)
(15.12085444 -0.3132966874 0.3)
(15.84467329 -0.3264574129 0.3)
(16.60410939 -0.3402657437 0.3)
(17.40091538 -0.3547535468 0.3)
(18.23693014 -0.3699542574 0.3)
(19.11408303 -0.3859029556 0.3)
(20.03439834 -0.4026364482 0.3)
(21 -0.4201933527 0.3)
(1.02896805 -0.04381224182 0.3)
(1.059361542 -0.04427788605 0.3)
(1.09125062 -0.04476644342 0.3)
(1.124708877 -0.04527904144 0.3)
(1.159813529 -0.04581686308 0.3)
(1.19664559 -0.04638114954 0.3)
(1.235290062 -0.04697320308 0.3)
(1.275836128 -0.04759439004 0.3)
(1.318377361 -0.04824614402 0.3)
(1.363011939 -0.04892996912 0.3)
(1.409842869 -0.04964744349 0.3)
(1.458978229 -0.05040022292 0.3)
(1.510531412 -0.05119004469 0.3)
(1.564621395 -0.05201873155 0.3)
(1.621373006 -0.05288819594 0.3)
(1.680917217 -0.05380044444 0.3)
(1.743391445 -0.05475758233 0.3)
(1.808939869 -0.0557618185 0.3)
(1.877713761 -0.05681547054 0.3)
(1.949871839 -0.05792097008 0.3)
(2.02558063 -0.0590808684 0.3)
(2.105014855 -0.06029784232 0.3)
(2.188357834 -0.06157470039 0.3)
(2.275801905 -0.06291438934 0.3)
(2.367548873 -0.06432000093 0.3)
(2.463810472 -0.06579477904 0.3)
(2.564808856 -0.06734212718 0.3)
(2.670777111 -0.06896561631 0.3)
(2.781959789 -0.07066899316 0.3)
(2.89861348 -0.07245618879 0.3)
(3.021007398 -0.0743313277 0.3)
(3.149424004 -0.07629873736 0.3)
(3.284159661 -0.07836295816 0.3)
(3.425525311 -0.08052875394 0.3)
(3.5738472 -0.08280112295 0.3)
(3.729467626 -0.08518530936 0.3)
(3.892745732 -0.08768681544 0.3)
(4.064058332 -0.09031141417 0.3)
(4.243800782 -0.09306516263 0.3)
(4.432387895 -0.09595441594 0.3)
(4.630254892 -0.09898584195 0.3)
(4.837858414 -0.1021664366 0.3)
(5.055677569 -0.1055035401 0.3)
(5.284215043 -0.1090048539 0.3)
(5.523998255 -0.1126784582 0.3)
(5.775580581 -0.1165328312 0.3)
(6.039542623 -0.1205768679 0.3)
(6.316493556 -0.1248199012 0.3)
(6.60707253 -0.1292717232 0.3)
(6.911950144 -0.1339426079 0.3)
(7.231829999 -0.1388433348 0.3)
(7.567450316 -0.1439852138 0.3)
(7.919585643 -0.1493801114 0.3)
(8.28904864 -0.155040478 0.3)
(8.676691957 -0.1609793766 0.3)
(9.083410201 -0.167210513 0.3)
(9.510142 -0.1737482676 0.3)
(9.957872169 -0.1806077283 0.3)
(10.42763398 -0.1878047252 0.3)
(10.92051157 -0.1953558679 0.3)
(11.43764238 -0.2032785827 0.3)
(11.98021987 -0.2115911539 0.3)
(12.54949619 -0.2203127653 0.3)
(13.14678514 -0.2294635447 0.3)
(13.77346513 -0.2390646103 0.3)
(14.43098242 -0.2491381195 0.3)
(15.12085444 -0.2597073201 0.3)
(15.84467329 -0.2707966039 0.3)
(16.60410939 -0.2824315626 0.3)
(17.40091538 -0.2946390476 0.3)
(18.23693014 -0.3074472315 0.3)
(19.11408303 -0.320885673 0.3)
(20.03439834 -0.3349853855 0.3)
(21 -0.3497789085 0.3)
(1.02896805 -0.0328743233 0.3)
(1.059361542 -0.03325529637 0.3)
(1.09125062 -0.03365501613 0.3)
(1.124708877 -0.03407440507 0.3)
(1.159813529 -0.03451443106 0.3)
(1.19664559 -0.03497610959 0.3)
(1.235290062 -0.03546050613 0.3)
(1.275836128 -0.03596873858 0.3)
(1.318377361 -0.03650197983 0.3)
(1.363011939 -0.0370614605 0.3)
(1.409842869 -0.03764847178 0.3)
(1.458978229 -0.03826436836 0.3)
(1.510531412 -0.03891057163 0.3)
(1.564621395 -0.03958857289 0.3)
(1.621373006 -0.04029993684 0.3)
(1.680917217 -0.04104630518 0.3)
(1.743391445 -0.04182940037 0.3)
(1.808939869 -0.04265102966 0.3)
(1.877713761 -0.04351308921 0.3)
(1.949871839 -0.04441756848 0.3)
(2.02558063 -0.04536655484 0.3)
(2.105014855 -0.04636223837 0.3)
(2.188357834 -0.04740691691 0.3)
(2.275801905 -0.04850300139 0.3)
(2.367548873 -0.04965302136 0.3)
(2.463810472 -0.05085963084 0.3)
(2.564808856 -0.05212561446 0.3)
(2.670777111 -0.05345389386 0.3)
(2.781959789 -0.05484753447 0.3)
(2.89861348 -0.05630975253 0.3)
(3.021007398 -0.05784392257 0.3)
(3.149424004 -0.05945358515 0.3)
(3.284159661 -0.06114245508 0.3)
(3.425525311 -0.06291442993 0.3)
(3.5738472 -0.0647735991 0.3)
(3.729467626 -0.06672425318 0.3)
(3.892745732 -0.06877089391 0.3)
(4.064058332 -0.07091824454 0.3)
(4.243800782 -0.07317126076 0.3)
(4.432387895 -0.0755351421 0.3)
(4.630254892 -0.07801534393 0.3)
(4.837858414 -0.08061759009 0.3)
(5.055677569 -0.08334788606 0.3)
(5.284215043 -0.08621253285 0.3)
(5.523998255 -0.08921814152 0.3)
(5.775580581 -0.09237164843 0.3)
(6.039542623 -0.09568033128 0.3)
(6.316493556 -0.09915182586 0.3)
(6.60707253 -0.1027941437 0.3)
(6.911950144 -0.1066156907 0.3)
(7.231829999 -0.1106252861 0.3)
(7.567450316 -0.1148321833 0.3)
(7.919585643 -0.1192460911 0.3)
(8.28904864 -0.1238771959 0.3)
(8.676691957 -0.1287361854 0.3)
(9.083410201 -0.1338342732 0.3)
(9.510142 -0.1391832248 0.3)
(9.957872169 -0.1447953845 0.3)
(10.42763398 -0.150683704 0.3)
(10.92051157 -0.1568617726 0.3)
(11.43764238 -0.163343848 0.3)
(11.98021987 -0.1701448896 0.3)
(12.54949619 -0.1772805928 0.3)
(13.14678514 -0.1847674257 0.3)
(13.77346513 -0.1926226662 0.3)
(14.43098242 -0.2008644428 0.3)
(15.12085444 -0.209511776 0.3)
(15.84467329 -0.2185846221 0.3)
(16.60410939 -0.2281039196 0.3)
(17.40091538 -0.2380916371 0.3)
(18.23693014 -0.2485708245 0.3)
(19.11408303 -0.2595656656 0.3)
(20.03439834 -0.2711015344 0.3)
(21 -0.2832050535 0.3)
(1.02896805 -0.02385094511 0.3)
(1.059361542 -0.02414985943 0.3)
(1.09125062 -0.02446348255 0.3)
(1.124708877 -0.02479253826 0.3)
(1.159813529 -0.02513778595 0.3)
(1.19664559 -0.02550002238 0.3)
(1.235290062 -0.02588008354 0.3)
(1.275836128 -0.02627884652 0.3)
(1.318377361 -0.0266972316 0.3)
(1.363011939 -0.02713620433 0.3)
(1.409842869 -0.02759677778 0.3)
(1.458978229 -0.02808001486 0.3)
(1.510531412 -0.02858703078 0.3)
(1.564621395 -0.02911899565 0.3)
(1.621373006 -0.02967713714 0.3)
(1.680917217 -0.03026274333 0.3)
(1.743391445 -0.03087716569 0.3)
(1.808939869 -0.03152182218 0.3)
(1.877713761 -0.03219820056 0.3)
(1.949871839 -0.03290786178 0.3)
(2.02558063 -0.03365244359 0.3)
(2.105014855 -0.03443366434 0.3)
(2.188357834 -0.03525332696 0.3)
(2.275801905 -0.03611332306 0.3)
(2.367548873 -0.03701563734 0.3)
(2.463810472 -0.03796235218 0.3)
(2.564808856 -0.03895565242 0.3)
(2.670777111 -0.03999783039 0.3)
(2.781959789 -0.04109129125 0.3)
(2.89861348 -0.0422385585 0.3)
(3.021007398 -0.04344227981 0.3)
(3.149424004 -0.04470523314 0.3)
(3.284159661 -0.04603033314 0.3)
(3.425525311 -0.04742063789 0.3)
(3.5738472 -0.04887935595 0.3)
(3.729467626 -0.05040985376 0.3)
(3.892745732 -0.05201566341 0.3)
(4.064058332 -0.05370049081 0.3)
(4.243800782 -0.05546822422 0.3)
(4.432387895 -0.05732294323 0.3)
(4.630254892 -0.05926892817 0.3)
(4.837858414 -0.06131067001 0.3)
(5.055677569 -0.06345288069 0.3)
(5.284215043 -0.06570050403 0.3)
(5.523998255 -0.06805872712 0.3)
(5.775580581 -0.07053299227 0.3)
(6.039542623 -0.07312900963 0.3)
(6.316493556 -0.07585277029 0.3)
(6.60707253 -0.07871056019 0.3)
(6.911950144 -0.08170897455 0.3)
(7.231829999 -0.08485493315 0.3)
(7.567450316 -0.08815569624 0.3)
(7.919585643 -0.09161888137 0.3)
(8.28904864 -0.09525248089 0.3)
(8.676691957 -0.09906488047 0.3)
(9.083410201 -0.1030648784 0.3)
(9.510142 -0.1072617059 0.3)
(9.957872169 -0.1116650484 0.3)
(10.42763398 -0.1162850681 0.3)
(10.92051157 -0.121132427 0.3)
(11.43764238 -0.1262183119 0.3)
(11.98021987 -0.1315544601 0.3)
(12.54949619 -0.1371531864 0.3)
(13.14678514 -0.1430274115 0.3)
(13.77346513 -0.1491906921 0.3)
(14.43098242 -0.1556572518 0.3)
(15.12085444 -0.1624420142 0.3)
(15.84467329 -0.1695606373 0.3)
(16.60410939 -0.1770295494 0.3)
(17.40091538 -0.1848659874 0.3)
(18.23693014 -0.1930880363 0.3)
(19.11408303 -0.201714671 0.3)
(20.03439834 -0.2107658002 0.3)
(21 -0.220262312 0.3)
(1.02896805 -0.01640557942 0.3)
(1.059361542 -0.01662525816 0.3)
(1.09125062 -0.01685574673 0.3)
(1.124708877 -0.01709757704 0.3)
(1.159813529 -0.01735130719 0.3)
(1.19664559 -0.01761752275 0.3)
(1.235290062 -0.01789683809 0.3)
(1.275836128 -0.01818989782 0.3)
(1.318377361 -0.01849737827 0.3)
(1.363011939 -0.01881998903 0.3)
(1.409842869 -0.01915847463 0.3)
(1.458978229 -0.01951361624 0.3)
(1.510531412 -0.01988623344 0.3)
(1.564621395 -0.02027718618 0.3)
(1.621373006 -0.0206873767 0.3)
(1.680917217 -0.02111775163 0.3)
(1.743391445 -0.02156930419 0.3)
(1.808939869 -0.0220430765 0.3)
(1.877713761 -0.02254016192 0.3)
(1.949871839 -0.02306170763 0.3)
(2.02558063 -0.02360891725 0.3)
(2.105014855 -0.02418305365 0.3)
(2.188357834 -0.02478544182 0.3)
(2.275801905 -0.02541747196 0.3)
(2.367548873 -0.02608060266 0.3)
(2.463810472 -0.02677636432 0.3)
(2.564808856 -0.02750636261 0.3)
(2.670777111 -0.02827228224 0.3)
(2.781959789 -0.02907589079 0.3)
(2.89861348 -0.02991904284 0.3)
(3.021007398 -0.03080368424 0.3)
(3.149424004 -0.03173185654 0.3)
(3.284159661 -0.03270570182 0.3)
(3.425525311 -0.0337274675 0.3)
(3.5738472 -0.03479951164 0.3)
(3.729467626 -0.0359243083 0.3)
(3.892745732 -0.0371044533 0.3)
(4.064058332 -0.03834267019 0.3)
(4.243800782 -0.03964181654 0.3)
(4.432387895 -0.04100489053 0.3)
(4.630254892 -0.04243503786 0.3)
(4.837858414 -0.04393555906 0.3)
(5.055677569 -0.04550991703 0.3)
(5.284215043 -0.04716174509 0.3)
(5.523998255 -0.04889485535 0.3)
(5.775580581 -0.05071324749 0.3)
(6.039542623 -0.05262111801 0.3)
(6.316493556 -0.05462286992 0.3)
(6.60707253 -0.05672312287 0.3)
(6.911950144 -0.05892672384 0.3)
(7.231829999 -0.06123875833 0.3)
(7.567450316 -0.06366456207 0.3)
(7.919585643 -0.06620973335 0.3)
(8.28904864 -0.06888014594 0.3)
(8.676691957 -0.07168196264 0.3)
(9.083410201 -0.07462164951 0.3)
(9.510142 -0.07770599078 0.3)
(9.957872169 -0.08094210452 0.3)
(10.42763398 -0.08433745906 0.3)
(10.92051157 -0.08789989023 0.3)
(11.43764238 -0.09163761945 0.3)
(11.98021987 -0.09555927268 0.3)
(12.54949619 -0.09967390033 0.3)
(13.14678514 -0.1039909982 0.3)
(13.77346513 -0.1085205293 0.3)
(14.43098242 -0.1132729469 0.3)
(15.12085444 -0.1182592188 0.3)
(15.84467329 -0.1234908522 0.3)
(16.60410939 -0.1289799208 0.3)
(17.40091538 -0.1347390922 0.3)
(18.23693014 -0.1407816577 0.3)
(19.11408303 -0.1471215621 0.3)
(20.03439834 -0.153773437 0.3)
(21 -0.1607526334 0.3)
(1.02896805 -0.01026092902 0.3)
(1.059361542 -0.01040433238 0.3)
(1.09125062 -0.01055479226 0.3)
(1.124708877 -0.01071265587 0.3)
(1.159813529 -0.01087828755 0.3)
(1.19664559 -0.01105206953 0.3)
(1.235290062 -0.01123440288 0.3)
(1.275836128 -0.01142570838 0.3)
(1.318377361 -0.01162642753 0.3)
(1.363011939 -0.01183702355 0.3)
(1.409842869 -0.01205798246 0.3)
(1.458978229 -0.01228981418 0.3)
(1.510531412 -0.01253305375 0.3)
(1.564621395 -0.01278826251 0.3)
(1.621373006 -0.01305602943 0.3)
(1.680917217 -0.01333697247 0.3)
(1.743391445 -0.01363173999 0.3)
(1.808939869 -0.01394101226 0.3)
(1.877713761 -0.01426550302 0.3)
(1.949871839 -0.01460596114 0.3)
(2.02558063 -0.01496317232 0.3)
(2.105014855 -0.01533796093 0.3)
(2.188357834 -0.01573119193 0.3)
(2.275801905 -0.01614377281 0.3)
(2.367548873 -0.01657665574 0.3)
(2.463810472 -0.01703083971 0.3)
(2.564808856 -0.0175073729 0.3)
(2.670777111 -0.01800735506 0.3)
(2.781959789 -0.01853194006 0.3)
(2.89861348 -0.01908233852 0.3)
(3.021007398 -0.01965982068 0.3)
(3.149424004 -0.02026571924 0.3)
(3.284159661 -0.0209014325 0.3)
(3.425525311 -0.02156842758 0.3)
(3.5738472 -0.02226824375 0.3)
(3.729467626 -0.02300249608 0.3)
(3.892745732 -0.02377287907 0.3)
(4.064058332 -0.02458117062 0.3)
(4.243800782 -0.0254292361 0.3)
(4.432387895 -0.0263190327 0.3)
(4.630254892 -0.0272526139 0.3)
(4.837858414 -0.02823213421 0.3)
(5.055677569 -0.02925985419 0.3)
(5.284215043 -0.03033814562 0.3)
(5.523998255 -0.03146949699 0.3)
(5.775580581 -0.03265651923 0.3)
(6.039542623 -0.03390195178 0.3)
(6.316493556 -0.03520866884 0.3)
(6.60707253 -0.03657968608 0.3)
(6.911950144 -0.03801816754 0.3)
(7.231829999 -0.03952743296 0.3)
(7.567450316 -0.04111096544 0.3)
(7.919585643 -0.04277241946 0.3)
(8.28904864 -0.04451562934 0.3)
(8.676691957 -0.04634461808 0.3)
(9.083410201 -0.04826360664 0.3)
(9.510142 -0.05027702367 0.3)
(9.957872169 -0.05238951575 0.3)
(10.42763398 -0.05460595812 0.3)
(10.92051157 -0.05693146589 0.3)
(11.43764238 -0.0593714059 0.3)
(11.98021987 -0.06193140906 0.3)
(12.54949619 -0.06461738336 0.3)
(13.14678514 -0.06743552752 0.3)
(13.77346513 -0.07039234529 0.3)
(14.43098242 -0.07349466042 0.3)
(15.12085444 -0.07674963248 0.3)
(15.84467329 -0.08016477331 0.3)
(16.60410939 -0.0837479644 0.3)
(17.40091538 -0.08750747507 0.3)
(18.23693014 -0.09145198156 0.3)
(19.11408303 -0.09559058703 0.3)
(20.03439834 -0.0999328426 0.3)
(21 -0.1044887693 0.3)
(1.02896805 -0.005188498155 0.3)
(1.059361542 -0.005258664666 0.3)
(1.09125062 -0.005332283891 0.3)
(1.124708877 -0.005409525727 0.3)
(1.159813529 -0.005490568435 0.3)
(1.19664559 -0.005575599046 0.3)
(1.235290062 -0.005664813793 0.3)
(1.275836128 -0.005758418568 0.3)
(1.318377361 -0.005856629392 0.3)
(1.363011939 -0.005959672917 0.3)
(1.409842869 -0.006067786948 0.3)
(1.458978229 -0.006181220991 0.3)
(1.510531412 -0.006300236831 0.3)
(1.564621395 -0.006425109133 0.3)
(1.621373006 -0.006556126079 0.3)
(1.680917217 -0.006693590031 0.3)
(1.743391445 -0.006837818228 0.3)
(1.808939869 -0.006989143523 0.3)
(1.877713761 -0.007147915145 0.3)
(1.949871839 -0.007314499509 0.3)
(2.02558063 -0.007489281059 0.3)
(2.105014855 -0.007672663158 0.3)
(2.188357834 -0.007865069017 0.3)
(2.275801905 -0.008066942672 0.3)
(2.367548873 -0.008278750008 0.3)
(2.463810472 -0.008500979836 0.3)
(2.564808856 -0.00873414502 0.3)
(2.670777111 -0.008978783661 0.3)
(2.781959789 -0.009235460338 0.3)
(2.89861348 -0.009504767412 0.3)
(3.021007398 -0.009787326392 0.3)
(3.149424004 -0.01008378937 0.3)
(3.284159661 -0.01039484053 0.3)
(3.425525311 -0.01072119771 0.3)
(3.5738472 -0.01106361408 0.3)
(3.729467626 -0.01142287988 0.3)
(3.892745732 -0.01179982422 0.3)
(4.064058332 -0.01219531702 0.3)
(4.243800782 -0.012610271 0.3)
(4.432387895 -0.0130456438 0.3)
(4.630254892 -0.01350244017 0.3)
(4.837858414 -0.0139817143 0.3)
(5.055677569 -0.01448457228 0.3)
(5.284215043 -0.0150121746 0.3)
(5.523998255 -0.01556573887 0.3)
(5.775580581 -0.01614654261 0.3)
(6.039542623 -0.01675592621 0.3)
(6.316493556 -0.01739529599 0.3)
(6.60707253 -0.01806612751 0.3)
(6.911950144 -0.01876996892 0.3)
(7.231829999 -0.01950844455 0.3)
(7.567450316 -0.02028325866 0.3)
(7.919585643 -0.02109619937 0.3)
(8.28904864 -0.0219491428 0.3)
(8.676691957 -0.02284405736 0.3)
(9.083410201 -0.02378300837 0.3)
(9.510142 -0.02476816273 0.3)
(9.957872169 -0.02580179399 0.3)
(10.42763398 -0.02688628758 0.3)
(10.92051157 -0.0280241463 0.3)
(11.43764238 -0.0292179961 0.3)
(11.98021987 -0.03047059218 0.3)
(12.54949619 -0.03178482527 0.3)
(13.14678514 -0.03316372839 0.3)
(13.77346513 -0.03461048376 0.3)
(14.43098242 -0.03612843024 0.3)
(15.12085444 -0.03772107094 0.3)
(15.84467329 -0.03939208137 0.3)
(16.60410939 -0.04114531792 0.3)
(17.40091538 -0.04298482672 0.3)
(18.23693014 -0.04491485299 0.3)
(19.11408303 -0.04693985087 0.3)
(20.03439834 -0.04906449367 0.3)
(21 -0.05129368466 0.3)
(1.02896805 -0.001 0.3)
(1.059361542 -0.001 0.3)
(1.09125062 -0.001 0.3)
(1.124708877 -0.001 0.3)
(1.159813529 -0.001 0.3)
(1.19664559 -0.001 0.3)
(1.235290062 -0.001 0.3)
(1.275836128 -0.001 0.3)
(1.318377361 -0.001 0.3)
(1.363011939 -0.001 0.3)
(1.409842869 -0.001 0.3)
(1.458978229 -0.001 0.3)
(1.510531412 -0.001 0.3)
(1.564621395 -0.001 0.3)
(1.621373006 -0.001 0.3)
(1.680917217 -0.001 0.3)
(1.743391445 -0.001 0.3)
(1.808939869 -0.001 0.3)
(1.877713761 -0.001 0.3)
(1.949871839 -0.001 0.3)
(2.02558063 -0.001 0.3)
(2.105014855 -0.001 0.3)
(2.188357834 -0.001 0.3)
(2.275801905 -0.001 0.3)
(2.367548873 -0.001 0.3)
(2.463810472 -0.001 0.3)
(2.564808856 -0.001 0.3)
(2.670777111 -0.001 0.3)
(2.781959789 -0.001 0.3)
(2.89861348 -0.001 0.3)
(3.021007398 -0.001 0.3)
(3.149424004 -0.001 0.3)
(3.284159661 -0.001 0.3)
(3.425525311 -0.001 0.3)
(3.5738472 -0.001 0.3)
(3.729467626 -0.001 0.3)
(3.892745732 -0.001 0.3)
(4.064058332 -0.001 0.3)
(4.243800782 -0.001 0.3)
(4.432387895 -0.001 0.3)
(4.630254892 -0.001 0.3)
(4.837858414 -0.001 0.3)
(5.055677569 -0.001 0.3)
(5.284215043 -0.001 0.3)
(5.523998255 -0.001 0.3)
(5.775580581 -0.001 0.3)
(6.039542623 -0.001 0.3)
(6.316493556 -0.001 0.3)
(6.60707253 -0.001 0.3)
(6.911950144 -0.001 0.3)
(7.231829999 -0.001 0.3)
(7.567450316 -0.001 0.3)
(7.919585643 -0.001 0.3)
(8.28904864 -0.001 0.3)
(8.676691957 -0.001 0.3)
(9.083410201 -0.001 0.3)
(9.510142 -0.001 0.3)
(9.957872169 -0.001 0.3)
(10.42763398 -0.001 0.3)
(10.92051157 -0.001 0.3)
(11.43764238 -0.001 0.3)
(11.98021987 -0.001 0.3)
(12.54949619 -0.001 0.3)
(13.14678514 -0.001 0.3)
(13.77346513 -0.001 0.3)
(14.43098242 -0.001 0.3)
(15.12085444 -0.001 0.3)
(15.84467329 -0.001 0.3)
(16.60410939 -0.001 0.3)
(17.40091538 -0.001 0.3)
(18.23693014 -0.001 0.3)
(19.11408303 -0.001 0.3)
(20.03439834 -0.001 0.3)
(21 -0.001 0.3)
)


// ************************************************************************* //
